PC_Time,UTC_Time,Latitude_NMEA,Lat_Direction,Longitude_NMEA,Lon_Direction,Fix,Satellites,Altitude_m
2026-05-15 00:57:26,155726.00,3637.49065,N,12727.79864,E,1,12,70.8
2026-05-15 00:57:27,155727.00,3637.49066,N,12727.79865,E,1,12,70.7
2026-05-15 00:57:29,155729.00,3637.49063,N,12727.79853,E,1,12,70.4
2026-05-15 00:57:30,155730.00,3637.49062,N,12727.79851,E,1,12,70.3
2026-05-15 00:57:32,155732.00,3637.49062,N,12727.79851,E,1,12,70.5
2026-05-15 00:57:34,155734.00,3637.49067,N,12727.79846,E,1,12,70.5
2026-05-15 00:57:35,155735.00,3637.49067,N,12727.79846,E,1,12,70.5
2026-05-15 00:57:36,155736.00,3637.49064,N,12727.79845,E,1,12,70.5
2026-05-15 00:57:38,155738.00,3637.49060,N,12727.79845,E,1,12,70.6
2026-05-15 00:57:40,155740.00,3637.49061,N,12727.79845,E,1,12,70.7
2026-05-15 00:57:42,155742.00,3637.49060,N,12727.79847,E,1,12,70.8
2026-05-15 00:57:43,155743.00,3637.49060,N,12727.79848,E,1,12,70.9
2026-05-15 00:57:44,155744.00,3637.49057,N,12727.79847,E,1,12,70.9
2026-05-15 00:57:46,155746.00,3637.49058,N,12727.79850,E,1,12,71.0
2026-05-15 00:57:48,155748.00,3637.49055,N,12727.79858,E,1,12,71.2
2026-05-15 00:57:49,155749.00,3637.49054,N,12727.79860,E,1,12,71.2
2026-05-15 00:57:51,155751.00,3637.49051,N,12727.79863,E,1,12,71.4
2026-05-15 00:57:52,155752.00,3637.49052,N,12727.79864,E,1,12,71.4
2026-05-15 00:57:54,155754.00,3637.49036,N,12727.79852,E,1,12,71.9
2026-05-15 00:57:55,155755.00,3637.49021,N,12727.79837,E,1,12,72.2
2026-05-15 00:57:56,155756.00,3637.49006,N,12727.79804,E,1,12,72.1
2026-05-15 00:57:57,155757.00,3637.48998,N,12727.79755,E,1,12,72.1
2026-05-15 00:57:59,155759.00,3637.49000,N,12727.79746,E,1,12,73.1
2026-05-15 00:58:01,155801.00,3637.49041,N,12727.79736,E,1,12,71.4
2026-05-15 00:58:02,155802.00,3637.49036,N,12727.79741,E,1,12,71.5
2026-05-15 00:58:04,155804.00,3637.49066,N,12727.79742,E,1,12,70.4
2026-05-15 00:58:06,155806.00,3637.49089,N,12727.79740,E,1,12,69.5
2026-05-15 00:58:07,155807.00,3637.49089,N,12727.79740,E,1,12,69.5
2026-05-15 00:58:08,155808.00,3637.49090,N,12727.79739,E,1,12,69.5
2026-05-15 00:58:09,155809.00,3637.49092,N,12727.79742,E,1,12,69.3
2026-05-15 00:58:11,155811.00,3637.49122,N,12727.79751,E,1,12,68.2
2026-05-15 00:58:13,155813.00,3637.49145,N,12727.79759,E,1,12,67.6
2026-05-15 00:58:15,155815.00,3637.49153,N,12727.79755,E,2,12,67.1
2026-05-15 00:58:17,155817.00,3637.49145,N,12727.79644,E,1,12,67.0
2026-05-15 00:58:18,155818.00,3637.49152,N,12727.79569,E,1,12,66.9
2026-05-15 00:58:20,155820.00,3637.49163,N,12727.79389,E,1,12,66.8
2026-05-15 00:58:22,155822.00,3637.49162,N,12727.79201,E,1,12,67.0
2026-05-15 00:58:24,155824.00,3637.49171,N,12727.79034,E,1,12,67.4
2026-05-15 00:58:26,155826.00,3637.49193,N,12727.78864,E,1,12,67.5
2026-05-15 00:58:27,155827.00,3637.49207,N,12727.78780,E,1,12,67.4
2026-05-15 00:58:28,155828.00,3637.49214,N,12727.78697,E,2,12,67.4
2026-05-15 00:58:30,155830.00,3637.49233,N,12727.78541,E,2,12,67.6
2026-05-15 00:58:32,155832.00,3637.49293,N,12727.78406,E,2,12,66.4
2026-05-15 00:58:33,155833.00,3637.49331,N,12727.78328,E,2,12,65.6
2026-05-15 00:58:34,155834.00,3637.49355,N,12727.78242,E,2,12,65.9
2026-05-15 00:58:36,155836.00,3637.49406,N,12727.78073,E,2,12,66.4
2026-05-15 00:58:38,155838.00,3637.49443,N,12727.77906,E,2,12,66.4
2026-05-15 00:58:40,155840.00,3637.49474,N,12727.77741,E,2,12,66.2
2026-05-15 00:58:41,155841.00,3637.49487,N,12727.77661,E,2,12,66.4
2026-05-15 00:58:43,155843.00,3637.49506,N,12727.77482,E,2,12,66.7
2026-05-15 00:58:44,155844.00,3637.49517,N,12727.77394,E,2,12,66.9
2026-05-15 00:58:46,155846.00,3637.49543,N,12727.77229,E,2,12,67.3
2026-05-15 00:58:47,155847.00,3637.49548,N,12727.77142,E,2,12,67.5
2026-05-15 00:58:48,155848.00,3637.49556,N,12727.77053,E,2,12,67.6
2026-05-15 00:58:50,155850.00,3637.49584,N,12727.76892,E,2,12,67.7
2026-05-15 00:58:51,155851.00,3637.49600,N,12727.76799,E,2,12,68.0
2026-05-15 00:58:53,155853.00,3637.49639,N,12727.76619,E,2,12,68.0
2026-05-15 00:58:54,155854.00,3637.49662,N,12727.76536,E,2,12,67.9
2026-05-15 00:58:55,155855.00,3637.49679,N,12727.76456,E,2,12,68.0
2026-05-15 00:58:57,155857.00,3637.49699,N,12727.76289,E,2,12,67.9
2026-05-15 00:58:59,155859.00,3637.49713,N,12727.76125,E,2,12,67.8
2026-05-15 00:59:00,155900.00,3637.49725,N,12727.76041,E,2,12,67.9
2026-05-15 00:59:02,155902.00,3637.49753,N,12727.75864,E,2,12,67.9
2026-05-15 00:59:04,155904.00,3637.49771,N,12727.75681,E,2,12,67.5
2026-05-15 00:59:05,155905.00,3637.49781,N,12727.75592,E,2,12,67.5
2026-05-15 00:59:06,155906.00,3637.49786,N,12727.75504,E,2,12,67.5
2026-05-15 00:59:08,155908.00,3637.49803,N,12727.75337,E,2,12,67.2
2026-05-15 00:59:09,155909.00,3637.49817,N,12727.75256,E,2,12,67.3
2026-05-15 00:59:11,155911.00,3637.49854,N,12727.75075,E,2,12,67.3
2026-05-15 00:59:12,155912.00,3637.49869,N,12727.74977,E,2,12,67.4
2026-05-15 00:59:13,155913.00,3637.49890,N,12727.74889,E,2,12,67.3
2026-05-15 00:59:15,155915.00,3637.49920,N,12727.74721,E,2,12,67.4
2026-05-15 00:59:17,155917.00,3637.49952,N,12727.74557,E,2,12,67.6
2026-05-15 00:59:19,155919.00,3637.49988,N,12727.74398,E,2,12,68.0
2026-05-15 00:59:20,155920.00,3637.50012,N,12727.74321,E,2,12,67.9
2026-05-15 00:59:21,155921.00,3637.50046,N,12727.74245,E,2,12,67.9
2026-05-15 00:59:23,155923.00,3637.50104,N,12727.74091,E,2,12,68.2
2026-05-15 00:59:25,155925.00,3637.50146,N,12727.73933,E,1,12,68.2
2026-05-15 00:59:26,155926.00,3637.50170,N,12727.73859,E,1,12,68.1
2026-05-15 00:59:28,155928.00,3637.50220,N,12727.73708,E,1,12,68.2
2026-05-15 00:59:29,155929.00,3637.50249,N,12727.73631,E,1,12,68.3
2026-05-15 00:59:30,155930.00,3637.50280,N,12727.73557,E,1,12,68.3
2026-05-15 00:59:32,155932.00,3637.50342,N,12727.73413,E,1,12,68.2
2026-05-15 00:59:34,155934.00,3637.50390,N,12727.73269,E,2,12,68.3
2026-05-15 00:59:36,155936.00,3637.50435,N,12727.73127,E,2,12,68.0
2026-05-15 00:59:37,155937.00,3637.50456,N,12727.73056,E,2,12,67.9
2026-05-15 00:59:39,155939.00,3637.50509,N,12727.72902,E,1,12,68.2
2026-05-15 00:59:41,155941.00,3637.50575,N,12727.72753,E,2,12,67.9
2026-05-15 00:59:43,155943.00,3637.50654,N,12727.72622,E,1,12,67.9
2026-05-15 00:59:44,155944.00,3637.50687,N,12727.72551,E,2,12,67.8
2026-05-15 00:59:46,155946.00,3637.50753,N,12727.72406,E,2,12,67.6
2026-05-15 00:59:48,155948.00,3637.50832,N,12727.72262,E,1,12,68.1
2026-05-15 00:59:49,155949.00,3637.50876,N,12727.72191,E,1,12,68.3
2026-05-15 00:59:51,155951.00,3637.50957,N,12727.72049,E,1,12,68.4
2026-05-15 00:59:52,155952.00,3637.50997,N,12727.71978,E,1,12,68.3
2026-05-15 00:59:54,155954.00,3637.51065,N,12727.71844,E,1,12,68.3
2026-05-15 00:59:55,155955.00,3637.51105,N,12727.71779,E,1,12,68.3
2026-05-15 00:59:56,155956.00,3637.51146,N,12727.71709,E,1,12,68.1
2026-05-15 00:59:58,155958.00,3637.51207,N,12727.71553,E,1,12,67.9
2026-05-15 01:00:00,160000.00,3637.51263,N,12727.71382,E,1,12,68.5
2026-05-15 01:00:02,160002.00,3637.51365,N,12727.71259,E,1,12,68.6
2026-05-15 01:00:03,160003.00,3637.51414,N,12727.71206,E,1,12,68.6
2026-05-15 01:00:05,160005.00,3637.51487,N,12727.71076,E,1,12,68.4
2026-05-15 01:00:07,160007.00,3637.51551,N,12727.70943,E,1,12,68.4
2026-05-15 01:00:09,160009.00,3637.51624,N,12727.70795,E,1,12,68.5
2026-05-15 01:00:11,160011.00,3637.51722,N,12727.70651,E,1,12,68.6
2026-05-15 01:00:12,160012.00,3637.51769,N,12727.70582,E,1,12,68.7
2026-05-15 01:00:14,160014.00,3637.51850,N,12727.70436,E,1,12,67.9
2026-05-15 01:00:15,160015.00,3637.51893,N,12727.70362,E,1,12,67.9
2026-05-15 01:00:16,160016.00,3637.51930,N,12727.70285,E,1,12,67.8
2026-05-15 01:00:18,160018.00,3637.52001,N,12727.70150,E,1,12,68.0
2026-05-15 01:00:20,160020.00,3637.52082,N,12727.70003,E,1,12,67.8
2026-05-15 01:00:22,160022.00,3637.52159,N,12727.69852,E,1,12,68.1
2026-05-15 01:00:24,160024.00,3637.52249,N,12727.69695,E,1,12,68.0
2026-05-15 01:00:25,160025.00,3637.52296,N,12727.69617,E,1,12,68.0
2026-05-15 01:00:27,160027.00,3637.52381,N,12727.69476,E,2,12,68.5
2026-05-15 01:00:28,160028.00,3637.52415,N,12727.69406,E,2,12,68.7
2026-05-15 01:00:30,160030.00,3637.52482,N,12727.69247,E,2,12,69.5
2026-05-15 01:00:32,160032.00,3637.52557,N,12727.69095,E,2,12,70.4
2026-05-15 01:00:33,160033.00,3637.52601,N,12727.69024,E,2,12,70.7
2026-05-15 01:00:35,160035.00,3637.52700,N,12727.68884,E,2,12,71.6
2026-05-15 01:00:37,160037.00,3637.52795,N,12727.68732,E,2,12,72.2
2026-05-15 01:00:38,160038.00,3637.52838,N,12727.68666,E,2,12,72.2
2026-05-15 01:00:40,160040.00,3637.52933,N,12727.68518,E,2,12,72.4
2026-05-15 01:00:41,160041.00,3637.52982,N,12727.68448,E,2,12,72.2
2026-05-15 01:00:43,160043.00,3637.53061,N,12727.68287,E,2,12,72.2
2026-05-15 01:00:44,160044.00,3637.53105,N,12727.68214,E,2,12,72.3
2026-05-15 01:00:46,160046.00,3637.53187,N,12727.68085,E,2,12,72.5
2026-05-15 01:00:47,160047.00,3637.53226,N,12727.68019,E,2,12,72.4
2026-05-15 01:00:49,160049.00,3637.53306,N,12727.67903,E,2,12,72.3
2026-05-15 01:00:51,160051.00,3637.53387,N,12727.67761,E,2,12,72.3
2026-05-15 01:00:53,160053.00,3637.53461,N,12727.67624,E,2,12,71.9
2026-05-15 01:00:55,160055.00,3637.53549,N,12727.67477,E,2,12,71.8
2026-05-15 01:00:56,160056.00,3637.53591,N,12727.67409,E,2,12,71.9
2026-05-15 01:00:57,160057.00,3637.53633,N,12727.67340,E,2,12,71.9
2026-05-15 01:00:59,160059.00,3637.53731,N,12727.67209,E,2,12,71.5
2026-05-15 01:01:00,160100.00,3637.53774,N,12727.67140,E,2,12,71.5
2026-05-15 01:01:01,160101.00,3637.53810,N,12727.67068,E,2,12,71.5
2026-05-15 01:01:03,160103.00,3637.53880,N,12727.66927,E,2,12,71.1
2026-05-15 01:01:05,160105.00,3637.53970,N,12727.66785,E,2,12,71.0
2026-05-15 01:01:06,160106.00,3637.54009,N,12727.66720,E,2,12,71.1
2026-05-15 01:01:08,160108.00,3637.54088,N,12727.66587,E,2,12,70.9
2026-05-15 01:01:10,160110.00,3637.54173,N,12727.66461,E,2,12,71.0
2026-05-15 01:01:11,160111.00,3637.54210,N,12727.66381,E,2,12,70.7
2026-05-15 01:01:13,160113.00,3637.54292,N,12727.66225,E,2,12,70.2
2026-05-15 01:01:15,160115.00,3637.54381,N,12727.66085,E,2,12,70.1
2026-05-15 01:01:17,160117.00,3637.54462,N,12727.65955,E,2,12,69.8
2026-05-15 01:01:19,160119.00,3637.54547,N,12727.65822,E,2,12,69.4
2026-05-15 01:01:20,160120.00,3637.54589,N,12727.65750,E,1,12,69.4
2026-05-15 01:01:21,160121.00,3637.54626,N,12727.65666,E,1,12,69.0
2026-05-15 01:01:23,160123.00,3637.54704,N,12727.65507,E,1,12,68.9
2026-05-15 01:01:24,160124.00,3637.54755,N,12727.65434,E,1,12,68.9
2026-05-15 01:01:25,160125.00,3637.54810,N,12727.65356,E,1,12,68.6
2026-05-15 01:01:26,160126.00,3637.54852,N,12727.65283,E,1,12,68.6
2026-05-15 01:01:28,160128.00,3637.54934,N,12727.65144,E,1,12,68.9
2026-05-15 01:01:29,160129.00,3637.54974,N,12727.65069,E,2,12,68.8
2026-05-15 01:01:31,160131.00,3637.55042,N,12727.64905,E,2,12,68.8
2026-05-15 01:01:32,160132.00,3637.55068,N,12727.64827,E,2,12,68.8
2026-05-15 01:01:34,160134.00,3637.55139,N,12727.64668,E,2,12,68.8
2026-05-15 01:01:35,160135.00,3637.55175,N,12727.64584,E,2,12,68.7
2026-05-15 01:01:37,160137.00,3637.55266,N,12727.64441,E,2,12,68.6
2026-05-15 01:01:38,160138.00,3637.55314,N,12727.64385,E,2,12,68.7
2026-05-15 01:01:40,160140.00,3637.55395,N,12727.64249,E,2,12,68.6
2026-05-15 01:01:41,160141.00,3637.55439,N,12727.64177,E,2,12,68.3
2026-05-15 01:01:43,160143.00,3637.55526,N,12727.64038,E,2,12,68.4
2026-05-15 01:01:44,160144.00,3637.55566,N,12727.63964,E,2,12,68.3
2026-05-15 01:01:46,160146.00,3637.55651,N,12727.63826,E,2,12,67.7
2026-05-15 01:01:47,160147.00,3637.55689,N,12727.63760,E,2,12,67.6
2026-05-15 01:01:49,160149.00,3637.55766,N,12727.63616,E,2,12,67.5
2026-05-15 01:01:51,160151.00,3637.55842,N,12727.63473,E,2,12,67.4
2026-05-15 01:01:53,160153.00,3637.55922,N,12727.63332,E,2,12,67.4
2026-05-15 01:01:54,160154.00,3637.55968,N,12727.63261,E,2,12,67.4
2026-05-15 01:01:56,160156.00,3637.56052,N,12727.63115,E,2,12,67.5
2026-05-15 01:01:58,160158.00,3637.56132,N,12727.62979,E,2,12,67.4
2026-05-15 01:02:00,160200.00,3637.56204,N,12727.62828,E,2,12,67.5
2026-05-15 01:02:02,160202.00,3637.56290,N,12727.62688,E,2,12,67.4
2026-05-15 01:02:03,160203.00,3637.56337,N,12727.62618,E,2,12,67.3
2026-05-15 01:02:05,160205.00,3637.56437,N,12727.62495,E,2,12,67.1
2026-05-15 01:02:07,160207.00,3637.56528,N,12727.62373,E,2,12,67.0
2026-05-15 01:02:08,160208.00,3637.56570,N,12727.62304,E,2,12,66.9
2026-05-15 01:02:10,160210.00,3637.56646,N,12727.62155,E,2,12,66.6
2026-05-15 01:02:11,160211.00,3637.56681,N,12727.62083,E,2,12,66.6
2026-05-15 01:02:13,160213.00,3637.56757,N,12727.61933,E,2,12,66.8
2026-05-15 01:02:14,160214.00,3637.56796,N,12727.61854,E,2,12,66.7
2026-05-15 01:02:16,160216.00,3637.56871,N,12727.61700,E,2,12,66.4
2026-05-15 01:02:18,160218.00,3637.56961,N,12727.61550,E,2,12,66.2
2026-05-15 01:02:20,160220.00,3637.57046,N,12727.61411,E,2,12,66.2
2026-05-15 01:02:22,160222.00,3637.57124,N,12727.61264,E,2,12,66.2
2026-05-15 01:02:23,160223.00,3637.57156,N,12727.61190,E,2,12,66.1
2026-05-15 01:02:25,160225.00,3637.57231,N,12727.61046,E,2,12,66.0
2026-05-15 01:02:26,160226.00,3637.57274,N,12727.60976,E,2,12,66.2
2026-05-15 01:02:28,160228.00,3637.57362,N,12727.60830,E,2,12,66.1
2026-05-15 01:02:30,160230.00,3637.57442,N,12727.60691,E,2,12,65.9
2026-05-15 01:02:32,160232.00,3637.57496,N,12727.60538,E,2,12,65.9
2026-05-15 01:02:34,160234.00,3637.57555,N,12727.60387,E,2,12,65.7
2026-05-15 01:02:36,160236.00,3637.57634,N,12727.60250,E,2,12,65.7
2026-05-15 01:02:38,160238.00,3637.57732,N,12727.60118,E,2,12,65.6
2026-05-15 01:02:40,160240.00,3637.57845,N,12727.59981,E,2,12,65.6
2026-05-15 01:02:41,160241.00,3637.57901,N,12727.59915,E,2,12,65.6
2026-05-15 01:02:43,160243.00,3637.57979,N,12727.59787,E,2,12,65.5
2026-05-15 01:02:44,160244.00,3637.58019,N,12727.59717,E,2,12,65.4
2026-05-15 01:02:45,160245.00,3637.58059,N,12727.59646,E,2,12,65.3
2026-05-15 01:02:47,160247.00,3637.58138,N,12727.59504,E,2,12,64.9
2026-05-15 01:02:49,160249.00,3637.58222,N,12727.59358,E,2,12,64.7
2026-05-15 01:02:51,160251.00,3637.58312,N,12727.59217,E,2,12,64.6
2026-05-15 01:02:53,160253.00,3637.58398,N,12727.59094,E,2,12,64.6
2026-05-15 01:02:54,160254.00,3637.58441,N,12727.59028,E,2,12,64.7
2026-05-15 01:02:56,160256.00,3637.58518,N,12727.58887,E,2,12,64.7
2026-05-15 01:02:57,160257.00,3637.58554,N,12727.58816,E,2,12,64.7
2026-05-15 01:02:58,160258.00,3637.58596,N,12727.58749,E,2,12,64.9
2026-05-15 01:02:59,160259.00,3637.58638,N,12727.58684,E,2,12,65.0
2026-05-15 01:03:01,160301.00,3637.58730,N,12727.58550,E,2,12,65.2
2026-05-15 01:03:02,160302.00,3637.58779,N,12727.58486,E,2,12,65.0
2026-05-15 01:03:04,160304.00,3637.58865,N,12727.58363,E,2,12,65.0
2026-05-15 01:03:06,160306.00,3637.58943,N,12727.58229,E,2,12,64.8
2026-05-15 01:03:08,160308.00,3637.59025,N,12727.58088,E,2,12,64.5
2026-05-15 01:03:10,160310.00,3637.59105,N,12727.57943,E,2,12,64.9
2026-05-15 01:03:11,160311.00,3637.59147,N,12727.57871,E,2,12,65.0
2026-05-15 01:03:13,160313.00,3637.59229,N,12727.57723,E,2,12,65.3
2026-05-15 01:03:14,160314.00,3637.59268,N,12727.57655,E,2,12,65.3
2026-05-15 01:03:15,160315.00,3637.59308,N,12727.57587,E,2,12,65.3
2026-05-15 01:03:17,160317.00,3637.59381,N,12727.57446,E,2,12,65.2
2026-05-15 01:03:18,160318.00,3637.59416,N,12727.57376,E,2,12,65.1
2026-05-15 01:03:19,160319.00,3637.59451,N,12727.57308,E,2,12,65.1
2026-05-15 01:03:21,160321.00,3637.59529,N,12727.57162,E,2,12,65.3
2026-05-15 01:03:23,160323.00,3637.59618,N,12727.57028,E,2,12,65.1
2026-05-15 01:03:24,160324.00,3637.59658,N,12727.56957,E,2,12,65.0
2026-05-15 01:03:26,160326.00,3637.59732,N,12727.56814,E,2,12,64.9
2026-05-15 01:03:28,160328.00,3637.59811,N,12727.56679,E,2,12,64.7
2026-05-15 01:03:29,160329.00,3637.59848,N,12727.56607,E,2,12,64.6
2026-05-15 01:03:30,160330.00,3637.59881,N,12727.56532,E,2,12,64.6
2026-05-15 01:03:32,160332.00,3637.59955,N,12727.56388,E,2,12,64.7
2026-05-15 01:03:34,160334.00,3637.60036,N,12727.56244,E,2,12,64.4
2026-05-15 01:03:36,160336.00,3637.60132,N,12727.56123,E,2,12,64.2
2026-05-15 01:03:37,160337.00,3637.60178,N,12727.56061,E,2,12,64.1
2026-05-15 01:03:39,160339.00,3637.60258,N,12727.55926,E,2,12,64.1
2026-05-15 01:03:40,160340.00,3637.60296,N,12727.55855,E,2,12,64.0
2026-05-15 01:03:41,160341.00,3637.60330,N,12727.55782,E,2,12,64.0
2026-05-15 01:03:43,160343.00,3637.60405,N,12727.55648,E,2,12,64.1
2026-05-15 01:03:45,160345.00,3637.60492,N,12727.55506,E,2,12,63.9
2026-05-15 01:03:46,160346.00,3637.60534,N,12727.55443,E,2,12,63.9
2026-05-15 01:03:47,160347.00,3637.60573,N,12727.55380,E,2,12,63.8
2026-05-15 01:03:49,160349.00,3637.60648,N,12727.55255,E,2,12,63.6
2026-05-15 01:03:50,160350.00,3637.60684,N,12727.55191,E,2,12,63.6
2026-05-15 01:03:52,160352.00,3637.60756,N,12727.55048,E,2,12,63.6
2026-05-15 01:03:54,160354.00,3637.60830,N,12727.54915,E,2,12,63.6
2026-05-15 01:03:55,160355.00,3637.60870,N,12727.54848,E,2,12,63.8
2026-05-15 01:03:56,160356.00,3637.60913,N,12727.54777,E,2,12,63.9
2026-05-15 01:03:58,160358.00,3637.61001,N,12727.54641,E,2,12,63.8
2026-05-15 01:03:59,160359.00,3637.61044,N,12727.54582,E,2,12,63.7
2026-05-15 01:04:00,160400.00,3637.61090,N,12727.54523,E,2,12,63.7
2026-05-15 01:04:02,160402.00,3637.61170,N,12727.54393,E,2,12,63.9
2026-05-15 01:04:03,160403.00,3637.61205,N,12727.54332,E,2,12,63.9
2026-05-15 01:04:05,160405.00,3637.61278,N,12727.54196,E,2,12,64.0
2026-05-15 01:04:06,160406.00,3637.61315,N,12727.54123,E,2,12,63.9
2026-05-15 01:04:08,160408.00,3637.61393,N,12727.53985,E,2,12,63.8
2026-05-15 01:04:10,160410.00,3637.61473,N,12727.53862,E,2,12,63.7
2026-05-15 01:04:11,160411.00,3637.61513,N,12727.53801,E,2,12,63.7
2026-05-15 01:04:13,160413.00,3637.61586,N,12727.53662,E,2,12,63.4
2026-05-15 01:04:15,160415.00,3637.61654,N,12727.53516,E,2,12,63.3
2026-05-15 01:04:16,160416.00,3637.61692,N,12727.53440,E,2,12,63.4
2026-05-15 01:04:18,160418.00,3637.61783,N,12727.53305,E,2,12,63.2
2026-05-15 01:04:20,160420.00,3637.61895,N,12727.53187,E,2,12,62.8
2026-05-15 01:04:22,160422.00,3637.61997,N,12727.53075,E,2,12,62.6
2026-05-15 01:04:24,160424.00,3637.62092,N,12727.52954,E,2,12,62.7
2026-05-15 01:04:26,160426.00,3637.62199,N,12727.52832,E,2,12,62.6
2026-05-15 01:04:28,160428.00,3637.62289,N,12727.52696,E,2,12,63.0
2026-05-15 01:04:30,160430.00,3637.62379,N,12727.52547,E,2,12,62.9
2026-05-15 01:04:31,160431.00,3637.62417,N,12727.52473,E,2,12,62.9
2026-05-15 01:04:32,160432.00,3637.62456,N,12727.52407,E,2,12,62.9
2026-05-15 01:04:34,160434.00,3637.62540,N,12727.52273,E,2,12,63.0
2026-05-15 01:04:35,160435.00,3637.62587,N,12727.52215,E,2,12,63.1
2026-05-15 01:04:36,160436.00,3637.62646,N,12727.52177,E,2,12,63.0
2026-05-15 01:04:38,160438.00,3637.62766,N,12727.52117,E,2,12,62.6
2026-05-15 01:04:40,160440.00,3637.62856,N,12727.52006,E,2,12,62.2
2026-05-15 01:04:42,160442.00,3637.62919,N,12727.51861,E,2,12,61.8
2026-05-15 01:04:44,160444.00,3637.62974,N,12727.51690,E,2,12,61.9
2026-05-15 01:04:45,160445.00,3637.63000,N,12727.51601,E,2,12,61.9
2026-05-15 01:04:47,160447.00,3637.63041,N,12727.51427,E,2,12,61.7
2026-05-15 01:04:48,160448.00,3637.63063,N,12727.51348,E,2,12,61.7
2026-05-15 01:04:50,160450.00,3637.63118,N,12727.51188,E,2,12,61.8
2026-05-15 01:04:52,160452.00,3637.63186,N,12727.51039,E,2,12,61.6
2026-05-15 01:04:53,160453.00,3637.63219,N,12727.50968,E,2,12,61.5
2026-05-15 01:04:55,160455.00,3637.63283,N,12727.50818,E,2,12,61.7
2026-05-15 01:04:57,160457.00,3637.63352,N,12727.50673,E,2,12,61.5
2026-05-15 01:04:58,160458.00,3637.63387,N,12727.50602,E,2,12,61.6
2026-05-15 01:05:00,160500.00,3637.63464,N,12727.50456,E,2,12,61.5
2026-05-15 01:05:02,160502.00,3637.63542,N,12727.50310,E,2,12,61.3
2026-05-15 01:05:03,160503.00,3637.63580,N,12727.50248,E,2,12,61.5
2026-05-15 01:05:05,160505.00,3637.63653,N,12727.50104,E,2,12,61.3
2026-05-15 01:05:07,160507.00,3637.63749,N,12727.49956,E,2,12,60.6
2026-05-15 01:05:08,160508.00,3637.63785,N,12727.49893,E,2,12,60.6
2026-05-15 01:05:10,160510.00,3637.63861,N,12727.49760,E,2,12,60.4
2026-05-15 01:05:12,160512.00,3637.63939,N,12727.49633,E,2,12,60.9
2026-05-15 01:05:14,160514.00,3637.64014,N,12727.49506,E,2,12,61.0
2026-05-15 01:05:16,160516.00,3637.64082,N,12727.49371,E,2,12,61.1
2026-05-15 01:05:17,160517.00,3637.64122,N,12727.49313,E,2,12,61.3
2026-05-15 01:05:19,160519.00,3637.64208,N,12727.49196,E,2,12,61.5
2026-05-15 01:05:20,160520.00,3637.64246,N,12727.49131,E,2,12,61.6
2026-05-15 01:05:22,160522.00,3637.64320,N,12727.48993,E,2,12,61.8
2026-05-15 01:05:24,160524.00,3637.64398,N,12727.48857,E,2,12,61.7
2026-05-15 01:05:26,160526.00,3637.64479,N,12727.48727,E,2,12,61.9
2026-05-15 01:05:27,160527.00,3637.64519,N,12727.48658,E,2,12,61.9
2026-05-15 01:05:29,160529.00,3637.64601,N,12727.48519,E,2,12,61.9
2026-05-15 01:05:30,160530.00,3637.64635,N,12727.48454,E,2,12,62.0
2026-05-15 01:05:32,160532.00,3637.64710,N,12727.48322,E,2,12,62.0
2026-05-15 01:05:34,160534.00,3637.64792,N,12727.48198,E,2,12,61.1
2026-05-15 01:05:35,160535.00,3637.64832,N,12727.48126,E,2,12,61.2
2026-05-15 01:05:37,160537.00,3637.64925,N,12727.47998,E,2,12,61.0
2026-05-15 01:05:39,160539.00,3637.65037,N,12727.47906,E,2,12,60.7
2026-05-15 01:05:40,160540.00,3637.65097,N,12727.47874,E,2,12,60.9
2026-05-15 01:05:41,160541.00,3637.65161,N,12727.47842,E,2,12,60.9
2026-05-15 01:05:43,160543.00,3637.65288,N,12727.47794,E,2,12,60.5
2026-05-15 01:05:44,160544.00,3637.65358,N,12727.47769,E,2,12,60.6
2026-05-15 01:05:45,160545.00,3637.65427,N,12727.47757,E,2,12,60.8
2026-05-15 01:05:47,160547.00,3637.65565,N,12727.47747,E,2,12,61.0
2026-05-15 01:05:48,160548.00,3637.65633,N,12727.47745,E,2,12,61.1
2026-05-15 01:05:50,160550.00,3637.65763,N,12727.47750,E,2,12,61.1
2026-05-15 01:05:52,160552.00,3637.65887,N,12727.47757,E,2,12,61.3
2026-05-15 01:05:53,160553.00,3637.65945,N,12727.47782,E,2,12,61.4
2026-05-15 01:05:54,160554.00,3637.66005,N,12727.47803,E,2,12,61.5
2026-05-15 01:05:56,160556.00,3637.66132,N,12727.47858,E,2,12,61.7
2026-05-15 01:05:58,160558.00,3637.66249,N,12727.47930,E,2,12,61.5
2026-05-15 01:05:59,160559.00,3637.66304,N,12727.47960,E,2,12,61.6
2026-05-15 01:06:00,160600.00,3637.66363,N,12727.47990,E,2,12,61.5
2026-05-15 01:06:02,160602.00,3637.66481,N,12727.48061,E,2,12,61.5
2026-05-15 01:06:03,160603.00,3637.66535,N,12727.48106,E,2,12,61.6
2026-05-15 01:06:05,160605.00,3637.66643,N,12727.48203,E,2,12,61.5
2026-05-15 01:06:06,160606.00,3637.66702,N,12727.48243,E,2,12,61.5
2026-05-15 01:06:08,160608.00,3637.66819,N,12727.48315,E,2,12,61.7
2026-05-15 01:06:09,160609.00,3637.66879,N,12727.48347,E,2,12,61.7
2026-05-15 01:06:11,160611.00,3637.66992,N,12727.48421,E,2,12,61.7
2026-05-15 01:06:13,160613.00,3637.67113,N,12727.48508,E,2,12,61.8
2026-05-15 01:06:15,160615.00,3637.67233,N,12727.48579,E,2,12,61.6
2026-05-15 01:06:16,160616.00,3637.67293,N,12727.48607,E,2,12,61.7
2026-05-15 01:06:17,160617.00,3637.67354,N,12727.48633,E,2,12,61.7
2026-05-15 01:06:19,160619.00,3637.67476,N,12727.48690,E,2,12,61.4
2026-05-15 01:06:21,160621.00,3637.67590,N,12727.48760,E,2,12,61.4
2026-05-15 01:06:22,160622.00,3637.67655,N,12727.48800,E,2,12,61.4
2026-05-15 01:06:24,160624.00,3637.67775,N,12727.48881,E,2,12,61.2
2026-05-15 01:06:25,160625.00,3637.67831,N,12727.48924,E,2,12,61.3
2026-05-15 01:06:27,160627.00,3637.67949,N,12727.49001,E,2,12,61.3
2026-05-15 01:06:29,160629.00,3637.68068,N,12727.49078,E,2,12,61.3
2026-05-15 01:06:31,160631.00,3637.68175,N,12727.49196,E,2,12,61.6
2026-05-15 01:06:33,160633.00,3637.68260,N,12727.49325,E,2,12,61.5
2026-05-15 01:06:35,160635.00,3637.68336,N,12727.49452,E,2,12,61.5
2026-05-15 01:06:37,160637.00,3637.68435,N,12727.49569,E,2,12,61.5
2026-05-15 01:06:38,160638.00,3637.68489,N,12727.49617,E,2,12,61.7
2026-05-15 01:06:40,160640.00,3637.68598,N,12727.49726,E,2,12,61.8
2026-05-15 01:06:42,160642.00,3637.68688,N,12727.49857,E,2,12,61.7
2026-05-15 01:06:44,160644.00,3637.68784,N,12727.49966,E,2,12,61.8
2026-05-15 01:06:45,160645.00,3637.68839,N,12727.50011,E,2,12,61.6
2026-05-15 01:06:47,160647.00,3637.68957,N,12727.50099,E,2,12,61.5
2026-05-15 01:06:48,160648.00,3637.69017,N,12727.50142,E,2,12,61.5
2026-05-15 01:06:50,160650.00,3637.69148,N,12727.50222,E,2,12,61.5
2026-05-15 01:06:51,160651.00,3637.69217,N,12727.50250,E,2,12,61.3
2026-05-15 01:06:53,160653.00,3637.69337,N,12727.50300,E,2,12,61.3
2026-05-15 01:06:54,160654.00,3637.69400,N,12727.50331,E,2,12,61.3
2026-05-15 01:06:56,160656.00,3637.69527,N,12727.50380,E,2,12,61.1
2026-05-15 01:06:58,160658.00,3637.69622,N,12727.50420,E,2,12,60.9
2026-05-15 01:07:00,160700.00,3637.69634,N,12727.50408,E,2,12,60.7
2026-05-15 01:07:01,160701.00,3637.69616,N,12727.50393,E,2,12,60.8
2026-05-15 01:07:03,160703.00,3637.69596,N,12727.50354,E,2,12,61.5
2026-05-15 01:07:05,160705.00,3637.69594,N,12727.50343,E,2,12,61.9
2026-05-15 01:07:06,160706.00,3637.69595,N,12727.50349,E,2,12,62.4
2026-05-15 01:07:08,160708.00,3637.69596,N,12727.50361,E,2,12,63.1
2026-05-15 01:07:09,160709.00,3637.69596,N,12727.50365,E,2,12,63.4
2026-05-15 01:07:11,160711.00,3637.69594,N,12727.50364,E,2,12,63.6
2026-05-15 01:07:13,160713.00,3637.69593,N,12727.50364,E,2,12,63.7
2026-05-15 01:07:14,160714.00,3637.69596,N,12727.50364,E,2,12,63.8
2026-05-15 01:07:15,160715.00,3637.69595,N,12727.50365,E,2,12,63.9
2026-05-15 01:07:17,160717.00,3637.69594,N,12727.50367,E,2,12,63.9
2026-05-15 01:07:18,160718.00,3637.69599,N,12727.50373,E,2,12,64.1
2026-05-15 01:07:20,160720.00,3637.69602,N,12727.50383,E,2,12,64.4
2026-05-15 01:07:22,160722.00,3637.69595,N,12727.50391,E,2,12,64.7
2026-05-15 01:07:24,160724.00,3637.69585,N,12727.50397,E,2,12,65.0
2026-05-15 01:07:26,160726.00,3637.69580,N,12727.50402,E,2,12,65.1
2026-05-15 01:07:27,160727.00,3637.69578,N,12727.50406,E,2,12,65.2
2026-05-15 01:07:28,160728.00,3637.69582,N,12727.50413,E,2,12,65.2
2026-05-15 01:07:29,160729.00,3637.69587,N,12727.50420,E,2,12,65.2
2026-05-15 01:07:31,160731.00,3637.69596,N,12727.50430,E,2,12,64.9
2026-05-15 01:07:33,160733.00,3637.69601,N,12727.50437,E,2,12,64.7
2026-05-15 01:07:35,160735.00,3637.69600,N,12727.50442,E,2,12,64.5
2026-05-15 01:07:37,160737.00,3637.69601,N,12727.50442,E,2,12,64.5
2026-05-15 01:07:39,160739.00,3637.69602,N,12727.50442,E,2,12,64.5
2026-05-15 01:07:41,160741.00,3637.69602,N,12727.50445,E,2,12,64.6
2026-05-15 01:07:43,160743.00,3637.69597,N,12727.50451,E,2,12,64.7
2026-05-15 01:07:44,160744.00,3637.69599,N,12727.50457,E,2,12,64.7
2026-05-15 01:07:46,160746.00,3637.69605,N,12727.50467,E,2,12,64.9
2026-05-15 01:07:47,160747.00,3637.69606,N,12727.50471,E,2,12,64.9
2026-05-15 01:07:49,160749.00,3637.69600,N,12727.50467,E,2,12,64.4
2026-05-15 01:07:50,160750.00,3637.69597,N,12727.50467,E,2,12,64.4
2026-05-15 01:07:52,160752.00,3637.69593,N,12727.50468,E,2,12,64.3
2026-05-15 01:07:53,160753.00,3637.69590,N,12727.50466,E,2,12,64.2
2026-05-15 01:07:55,160755.00,3637.69586,N,12727.50464,E,2,12,64.0
2026-05-15 01:07:56,160756.00,3637.69584,N,12727.50464,E,2,12,64.0
2026-05-15 01:07:58,160758.00,3637.69583,N,12727.50465,E,2,12,63.8
2026-05-15 01:07:59,160759.00,3637.69588,N,12727.50465,E,2,12,64.0
2026-05-15 01:08:01,160801.00,3637.69597,N,12727.50465,E,2,12,64.3
2026-05-15 01:08:02,160802.00,3637.69601,N,12727.50463,E,2,12,64.4
2026-05-15 01:08:04,160804.00,3637.69609,N,12727.50466,E,2,12,64.6
2026-05-15 01:08:06,160806.00,3637.69615,N,12727.50468,E,2,12,64.5
2026-05-15 01:08:08,160808.00,3637.69620,N,12727.50470,E,2,12,64.6
2026-05-15 01:08:10,160810.00,3637.69623,N,12727.50469,E,2,12,64.6
2026-05-15 01:08:12,160812.00,3637.69627,N,12727.50471,E,2,12,64.8
2026-05-15 01:08:14,160814.00,3637.69628,N,12727.50471,E,2,12,65.0
2026-05-15 01:08:15,160815.00,3637.69628,N,12727.50472,E,2,12,65.1
2026-05-15 01:08:17,160817.00,3637.69628,N,12727.50474,E,2,12,65.0
2026-05-15 01:08:19,160819.00,3637.69629,N,12727.50476,E,2,12,65.1
2026-05-15 01:08:21,160821.00,3637.69628,N,12727.50475,E,2,12,65.1
2026-05-15 01:08:23,160823.00,3637.69628,N,12727.50474,E,2,12,65.1
2026-05-15 01:08:25,160825.00,3637.69628,N,12727.50476,E,2,12,65.0
2026-05-15 01:08:26,160826.00,3637.69628,N,12727.50475,E,2,12,65.0
2026-05-15 01:08:28,160828.00,3637.69628,N,12727.50473,E,2,12,64.9
2026-05-15 01:08:30,160830.00,3637.69627,N,12727.50472,E,2,12,64.9
2026-05-15 01:08:32,160832.00,3637.69628,N,12727.50473,E,2,12,64.8
2026-05-15 01:08:34,160834.00,3637.69631,N,12727.50475,E,2,12,64.8
2026-05-15 01:08:35,160835.00,3637.69632,N,12727.50476,E,2,12,64.8
2026-05-15 01:08:37,160837.00,3637.69626,N,12727.50483,E,2,12,64.3
2026-05-15 01:08:38,160838.00,3637.69624,N,12727.50484,E,2,12,64.2
2026-05-15 01:08:40,160840.00,3637.69625,N,12727.50485,E,2,12,64.1
2026-05-15 01:08:42,160842.00,3637.69627,N,12727.50484,E,2,12,64.1
2026-05-15 01:08:44,160844.00,3637.69628,N,12727.50485,E,2,12,64.0
2026-05-15 01:08:46,160846.00,3637.69628,N,12727.50485,E,2,12,64.1
2026-05-15 01:08:47,160847.00,3637.69627,N,12727.50484,E,2,12,64.1
2026-05-15 01:08:49,160849.00,3637.69625,N,12727.50484,E,2,12,64.1
2026-05-15 01:08:50,160850.00,3637.69625,N,12727.50484,E,2,12,64.1
2026-05-15 01:08:52,160852.00,3637.69622,N,12727.50484,E,2,12,63.9
2026-05-15 01:08:54,160854.00,3637.69619,N,12727.50486,E,2,12,63.7
2026-05-15 01:08:55,160855.00,3637.69617,N,12727.50487,E,2,12,63.6
2026-05-15 01:08:56,160856.00,3637.69617,N,12727.50489,E,2,12,63.6
2026-05-15 01:08:58,160858.00,3637.69616,N,12727.50492,E,2,12,63.4
2026-05-15 01:08:59,160859.00,3637.69616,N,12727.50493,E,2,12,63.4
2026-05-15 01:09:00,160900.00,3637.69615,N,12727.50493,E,2,12,63.4
2026-05-15 01:09:02,160902.00,3637.69614,N,12727.50495,E,2,12,63.3
2026-05-15 01:09:04,160904.00,3637.69613,N,12727.50498,E,2,12,63.3
2026-05-15 01:09:06,160906.00,3637.69614,N,12727.50500,E,2,12,63.3
2026-05-15 01:09:07,160907.00,3637.69614,N,12727.50500,E,2,12,63.3
2026-05-15 01:09:09,160909.00,3637.69615,N,12727.50501,E,2,12,63.3
2026-05-15 01:09:10,160910.00,3637.69615,N,12727.50501,E,2,12,63.3
2026-05-15 01:09:12,160912.00,3637.69615,N,12727.50503,E,2,12,63.3
2026-05-15 01:09:14,160914.00,3637.69616,N,12727.50504,E,2,12,63.4
2026-05-15 01:09:16,160916.00,3637.69616,N,12727.50504,E,2,12,63.4
2026-05-15 01:09:18,160918.00,3637.69618,N,12727.50504,E,2,12,63.4
2026-05-15 01:09:19,160919.00,3637.69618,N,12727.50505,E,2,12,63.4
2026-05-15 01:09:20,160920.00,3637.69618,N,12727.50507,E,2,12,63.4
2026-05-15 01:09:22,160922.00,3637.69619,N,12727.50508,E,2,12,63.4
2026-05-15 01:09:23,160923.00,3637.69620,N,12727.50508,E,2,12,63.4
2026-05-15 01:09:25,160925.00,3637.69622,N,12727.50508,E,2,12,63.4
2026-05-15 01:09:27,160927.00,3637.69622,N,12727.50509,E,2,12,63.5
2026-05-15 01:09:28,160928.00,3637.69623,N,12727.50510,E,2,12,63.5
2026-05-15 01:09:29,160929.00,3637.69624,N,12727.50509,E,2,12,63.5
2026-05-15 01:09:31,160931.00,3637.69624,N,12727.50509,E,2,12,63.5
2026-05-15 01:09:32,160932.00,3637.69625,N,12727.50509,E,2,12,63.5
2026-05-15 01:09:34,160934.00,3637.69626,N,12727.50509,E,2,12,63.5
2026-05-15 01:09:35,160935.00,3637.69626,N,12727.50510,E,2,12,63.5
2026-05-15 01:09:37,160937.00,3637.69626,N,12727.50511,E,2,12,63.6
2026-05-15 01:09:39,160939.00,3637.69625,N,12727.50512,E,2,12,63.6
2026-05-15 01:09:41,160941.00,3637.69622,N,12727.50514,E,2,12,63.6
2026-05-15 01:09:43,160943.00,3637.69619,N,12727.50518,E,2,12,63.7
2026-05-15 01:09:44,160944.00,3637.69618,N,12727.50520,E,2,12,63.8
2026-05-15 01:09:46,160946.00,3637.69617,N,12727.50523,E,2,12,63.8
2026-05-15 01:09:47,160947.00,3637.69615,N,12727.50524,E,2,12,63.8
2026-05-15 01:09:48,160948.00,3637.69615,N,12727.50525,E,2,12,63.7
2026-05-15 01:09:50,160950.00,3637.69613,N,12727.50525,E,2,12,63.8
2026-05-15 01:09:51,160951.00,3637.69613,N,12727.50525,E,2,12,63.8
2026-05-15 01:09:52,160952.00,3637.69611,N,12727.50525,E,2,12,63.8
2026-05-15 01:09:54,160954.00,3637.69609,N,12727.50526,E,2,12,63.9
2026-05-15 01:09:55,160955.00,3637.69609,N,12727.50528,E,2,12,64.0
2026-05-15 01:09:56,160956.00,3637.69609,N,12727.50528,E,2,12,63.9
2026-05-15 01:09:58,160958.00,3637.69609,N,12727.50527,E,2,12,63.9
2026-05-15 01:09:59,160959.00,3637.69609,N,12727.50528,E,2,12,63.9
2026-05-15 01:10:01,161001.00,3637.69612,N,12727.50529,E,2,12,64.0
2026-05-15 01:10:02,161002.00,3637.69612,N,12727.50529,E,2,12,64.1
2026-05-15 01:10:04,161004.00,3637.69611,N,12727.50531,E,2,12,64.2
2026-05-15 01:10:06,161006.00,3637.69611,N,12727.50536,E,2,12,64.2
2026-05-15 01:10:07,161007.00,3637.69613,N,12727.50536,E,2,12,64.2
2026-05-15 01:10:09,161009.00,3637.69614,N,12727.50540,E,2,12,64.3
2026-05-15 01:10:11,161011.00,3637.69617,N,12727.50542,E,2,12,64.4
2026-05-15 01:10:12,161012.00,3637.69618,N,12727.50543,E,2,12,64.4
2026-05-15 01:10:14,161014.00,3637.69618,N,12727.50544,E,2,12,64.6
2026-05-15 01:10:15,161015.00,3637.69618,N,12727.50547,E,2,12,64.6
2026-05-15 01:10:17,161017.00,3637.69619,N,12727.50548,E,2,12,64.7
2026-05-15 01:10:19,161019.00,3637.69617,N,12727.50548,E,2,12,64.8
2026-05-15 01:10:20,161020.00,3637.69610,N,12727.50567,E,2,12,65.3
2026-05-15 01:10:22,161022.00,3637.69660,N,12727.50650,E,2,12,65.5
2026-05-15 01:10:23,161023.00,3637.69722,N,12727.50681,E,2,12,65.5
2026-05-15 01:10:24,161024.00,3637.69788,N,12727.50695,E,2,12,65.3
2026-05-15 01:10:26,161026.00,3637.69916,N,12727.50705,E,2,12,65.1
2026-05-15 01:10:27,161027.00,3637.69984,N,12727.50706,E,2,12,65.0
2026-05-15 01:10:28,161028.00,3637.70053,N,12727.50709,E,2,12,65.1
2026-05-15 01:10:29,161029.00,3637.70123,N,12727.50714,E,2,12,65.1
2026-05-15 01:10:31,161031.00,3637.70266,N,12727.50722,E,2,12,64.9
2026-05-15 01:10:32,161032.00,3637.70333,N,12727.50717,E,2,12,64.7
2026-05-15 01:10:34,161034.00,3637.70469,N,12727.50704,E,2,12,64.6
2026-05-15 01:10:35,161035.00,3637.70535,N,12727.50690,E,2,12,64.6
2026-05-15 01:10:37,161037.00,3637.70662,N,12727.50657,E,2,12,64.3
2026-05-15 01:10:39,161039.00,3637.70792,N,12727.50664,E,2,12,64.3
2026-05-15 01:10:40,161040.00,3637.70857,N,12727.50688,E,2,12,64.5
2026-05-15 01:10:42,161042.00,3637.70993,N,12727.50748,E,2,12,64.4
2026-05-15 01:10:43,161043.00,3637.71054,N,12727.50779,E,2,12,64.4
2026-05-15 01:10:44,161044.00,3637.71112,N,12727.50816,E,2,12,64.4
2026-05-15 01:10:45,161045.00,3637.71173,N,12727.50851,E,2,12,64.4
2026-05-15 01:10:47,161047.00,3637.71291,N,12727.50897,E,2,12,64.1
2026-05-15 01:10:48,161048.00,3637.71347,N,12727.50919,E,2,12,64.1
2026-05-15 01:10:49,161049.00,3637.71406,N,12727.50957,E,2,12,64.2
2026-05-15 01:10:51,161051.00,3637.71527,N,12727.51052,E,2,12,64.0
2026-05-15 01:10:52,161052.00,3637.71584,N,12727.51106,E,2,12,63.8
2026-05-15 01:10:53,161053.00,3637.71637,N,12727.51159,E,2,12,63.7
2026-05-15 01:10:55,161055.00,3637.71745,N,12727.51261,E,2,12,63.5
2026-05-15 01:10:56,161056.00,3637.71801,N,12727.51311,E,2,12,63.3
2026-05-15 01:10:58,161058.00,3637.71937,N,12727.51346,E,2,12,63.2
2026-05-15 01:10:59,161059.00,3637.72009,N,12727.51320,E,2,12,63.2
2026-05-15 01:11:00,161100.00,3637.72079,N,12727.51280,E,2,12,63.4
2026-05-15 01:11:02,161102.00,3637.72197,N,12727.51174,E,2,12,63.3
2026-05-15 01:11:04,161104.00,3637.72290,N,12727.51052,E,2,12,62.9
2026-05-15 01:11:06,161106.00,3637.72365,N,12727.50931,E,2,12,62.7
2026-05-15 01:11:08,161108.00,3637.72438,N,12727.50793,E,2,12,62.7
2026-05-15 01:11:10,161110.00,3637.72513,N,12727.50664,E,2,12,62.7
2026-05-15 01:11:11,161111.00,3637.72555,N,12727.50600,E,2,12,62.6
2026-05-15 01:11:12,161112.00,3637.72593,N,12727.50529,E,2,12,62.5
2026-05-15 01:11:14,161114.00,3637.72680,N,12727.50395,E,2,12,62.7
2026-05-15 01:11:16,161116.00,3637.72776,N,12727.50252,E,2,12,62.6
2026-05-15 01:11:17,161117.00,3637.72820,N,12727.50179,E,2,12,62.4
2026-05-15 01:11:18,161118.00,3637.72861,N,12727.50099,E,2,12,62.4
2026-05-15 01:11:20,161120.00,3637.72948,N,12727.49957,E,2,12,62.5
2026-05-15 01:11:22,161122.00,3637.73027,N,12727.49815,E,2,12,62.7
2026-05-15 01:11:23,161123.00,3637.73066,N,12727.49741,E,2,12,62.6
2026-05-15 01:11:25,161125.00,3637.73135,N,12727.49593,E,2,12,62.6
2026-05-15 01:11:27,161127.00,3637.73216,N,12727.49441,E,2,12,62.6
2026-05-15 01:11:28,161128.00,3637.73263,N,12727.49366,E,2,12,62.6
2026-05-15 01:11:30,161130.00,3637.73362,N,12727.49221,E,2,12,62.8
2026-05-15 01:11:31,161131.00,3637.73408,N,12727.49145,E,2,12,62.9
2026-05-15 01:11:32,161132.00,3637.73456,N,12727.49073,E,2,12,62.7
2026-05-15 01:11:34,161134.00,3637.73549,N,12727.48936,E,2,12,62.2
2026-05-15 01:11:36,161136.00,3637.73629,N,12727.48797,E,2,12,62.0
2026-05-15 01:11:37,161137.00,3637.73672,N,12727.48725,E,2,12,62.0
2026-05-15 01:11:38,161138.00,3637.73713,N,12727.48654,E,2,12,61.8
2026-05-15 01:11:40,161140.00,3637.73802,N,12727.48512,E,2,12,61.4
2026-05-15 01:11:42,161142.00,3637.73895,N,12727.48369,E,2,12,61.5
2026-05-15 01:11:44,161144.00,3637.73994,N,12727.48221,E,2,12,61.6
2026-05-15 01:11:46,161146.00,3637.74084,N,12727.48073,E,2,12,61.0
2026-05-15 01:11:47,161147.00,3637.74124,N,12727.47999,E,2,12,60.6
2026-05-15 01:11:49,161149.00,3637.74213,N,12727.47869,E,2,12,60.1
2026-05-15 01:11:51,161151.00,3637.74301,N,12727.47735,E,2,12,59.9
2026-05-15 01:11:52,161152.00,3637.74345,N,12727.47662,E,2,12,59.9
2026-05-15 01:11:54,161154.00,3637.74435,N,12727.47518,E,2,12,59.5
2026-05-15 01:11:55,161155.00,3637.74482,N,12727.47447,E,2,12,59.4
2026-05-15 01:11:56,161156.00,3637.74530,N,12727.47377,E,2,12,59.4
2026-05-15 01:11:58,161158.00,3637.74613,N,12727.47232,E,2,12,59.7
2026-05-15 01:11:59,161159.00,3637.74659,N,12727.47159,E,2,12,59.7
2026-05-15 01:12:00,161200.00,3637.74704,N,12727.47085,E,2,12,59.7
2026-05-15 01:12:02,161202.00,3637.74783,N,12727.46942,E,2,12,59.4
2026-05-15 01:12:04,161204.00,3637.74853,N,12727.46800,E,2,12,59.6
2026-05-15 01:12:05,161205.00,3637.74886,N,12727.46730,E,2,12,59.5
2026-05-15 01:12:07,161207.00,3637.74968,N,12727.46588,E,2,12,59.6
2026-05-15 01:12:09,161209.00,3637.75042,N,12727.46449,E,2,12,59.4
2026-05-15 01:12:10,161210.00,3637.75074,N,12727.46375,E,2,12,59.4
2026-05-15 01:12:12,161212.00,3637.75165,N,12727.46250,E,2,12,59.4
2026-05-15 01:12:14,161214.00,3637.75244,N,12727.46121,E,2,12,59.3
2026-05-15 01:12:15,161215.00,3637.75289,N,12727.46052,E,2,12,59.5
2026-05-15 01:12:17,161217.00,3637.75365,N,12727.45904,E,2,12,59.6
2026-05-15 01:12:18,161218.00,3637.75402,N,12727.45835,E,2,12,59.7
2026-05-15 01:12:19,161219.00,3637.75444,N,12727.45766,E,2,12,59.4
2026-05-15 01:12:20,161220.00,3637.75485,N,12727.45686,E,2,12,59.5
2026-05-15 01:12:22,161222.00,3637.75559,N,12727.45543,E,2,12,59.6
2026-05-15 01:12:23,161223.00,3637.75605,N,12727.45466,E,2,12,59.8
2026-05-15 01:12:25,161225.00,3637.75703,N,12727.45316,E,2,12,60.2
2026-05-15 01:12:26,161226.00,3637.75745,N,12727.45238,E,2,12,60.1
2026-05-15 01:12:28,161228.00,3637.75830,N,12727.45090,E,2,12,60.2
2026-05-15 01:12:30,161230.00,3637.75903,N,12727.44941,E,2,12,60.4
2026-05-15 01:12:32,161232.00,3637.75984,N,12727.44793,E,2,12,60.2
2026-05-15 01:12:33,161233.00,3637.76029,N,12727.44714,E,2,12,60.2
2026-05-15 01:12:35,161235.00,3637.76113,N,12727.44556,E,2,12,60.3
2026-05-15 01:12:36,161236.00,3637.76159,N,12727.44482,E,2,12,60.3
2026-05-15 01:12:38,161238.00,3637.76243,N,12727.44324,E,2,12,60.6
2026-05-15 01:12:40,161240.00,3637.76335,N,12727.44174,E,2,12,60.5
2026-05-15 01:12:41,161241.00,3637.76379,N,12727.44099,E,2,12,60.5
2026-05-15 01:12:42,161242.00,3637.76422,N,12727.44023,E,2,12,60.7
2026-05-15 01:12:44,161244.00,3637.76503,N,12727.43870,E,2,12,60.8
2026-05-15 01:12:45,161245.00,3637.76546,N,12727.43798,E,2,12,60.8
2026-05-15 01:12:47,161247.00,3637.76628,N,12727.43649,E,2,12,60.8
2026-05-15 01:12:49,161249.00,3637.76722,N,12727.43508,E,2,12,61.0
2026-05-15 01:12:51,161251.00,3637.76824,N,12727.43376,E,2,12,61.0
2026-05-15 01:12:52,161252.00,3637.76883,N,12727.43317,E,2,12,60.9
2026-05-15 01:12:53,161253.00,3637.76940,N,12727.43257,E,2,12,60.7
2026-05-15 01:12:54,161254.00,3637.77001,N,12727.43213,E,2,12,60.8
2026-05-15 01:12:56,161256.00,3637.77131,N,12727.43189,E,2,12,61.1
2026-05-15 01:12:58,161258.00,3637.77266,N,12727.43249,E,2,12,61.0
2026-05-15 01:13:00,161300.00,3637.77390,N,12727.43331,E,2,12,61.2
2026-05-15 01:13:01,161301.00,3637.77453,N,12727.43382,E,2,12,61.0
2026-05-15 01:13:03,161303.00,3637.77546,N,12727.43499,E,2,12,61.9
2026-05-15 01:13:04,161304.00,3637.77590,N,12727.43556,E,2,12,62.3
2026-05-15 01:13:05,161305.00,3637.77638,N,12727.43604,E,2,12,62.6
2026-05-15 01:13:07,161307.00,3637.77742,N,12727.43701,E,2,12,63.2
2026-05-15 01:13:09,161309.00,3637.77851,N,12727.43791,E,2,12,63.6
2026-05-15 01:13:11,161311.00,3637.77968,N,12727.43883,E,2,12,63.7
2026-05-15 01:13:13,161313.00,3637.78092,N,12727.43980,E,2,12,63.7
2026-05-15 01:13:15,161315.00,3637.78217,N,12727.44080,E,2,12,63.5
2026-05-15 01:13:16,161316.00,3637.78279,N,12727.44131,E,2,12,63.5
2026-05-15 01:13:17,161317.00,3637.78335,N,12727.44183,E,2,12,63.7
2026-05-15 01:13:19,161319.00,3637.78450,N,12727.44276,E,2,12,63.8
2026-05-15 01:13:21,161321.00,3637.78572,N,12727.44365,E,2,12,63.9
2026-05-15 01:13:22,161322.00,3637.78636,N,12727.44408,E,2,12,64.0
2026-05-15 01:13:24,161324.00,3637.78770,N,12727.44497,E,2,12,64.0
2026-05-15 01:13:26,161326.00,3637.78898,N,12727.44580,E,2,12,63.9
2026-05-15 01:13:28,161328.00,3637.79034,N,12727.44655,E,2,12,63.7
2026-05-15 01:13:29,161329.00,3637.79103,N,12727.44689,E,2,12,63.6
2026-05-15 01:13:30,161330.00,3637.79169,N,12727.44724,E,2,12,63.6
2026-05-15 01:13:32,161332.00,3637.79306,N,12727.44797,E,2,12,63.8
2026-05-15 01:13:33,161333.00,3637.79379,N,12727.44828,E,2,12,63.8
2026-05-15 01:13:35,161335.00,3637.79523,N,12727.44881,E,2,12,63.6
2026-05-15 01:13:37,161337.00,3637.79674,N,12727.44918,E,2,12,63.3
2026-05-15 01:13:38,161338.00,3637.79749,N,12727.44929,E,2,12,63.5
2026-05-15 01:13:39,161339.00,3637.79822,N,12727.44933,E,2,12,63.5
2026-05-15 01:13:40,161340.00,3637.79897,N,12727.44935,E,2,12,63.7
2026-05-15 01:13:42,161342.00,3637.80042,N,12727.44924,E,2,12,63.8
2026-05-15 01:13:43,161343.00,3637.80113,N,12727.44912,E,2,12,63.9
2026-05-15 01:13:44,161344.00,3637.80187,N,12727.44899,E,2,12,64.1
2026-05-15 01:13:46,161346.00,3637.80334,N,12727.44867,E,2,12,64.3
2026-05-15 01:13:47,161347.00,3637.80409,N,12727.44844,E,2,12,64.0
2026-05-15 01:13:49,161349.00,3637.80551,N,12727.44790,E,2,12,64.2
2026-05-15 01:13:51,161351.00,3637.80687,N,12727.44734,E,2,12,64.4
2026-05-15 01:13:53,161353.00,3637.80824,N,12727.44680,E,2,12,64.4
2026-05-15 01:13:54,161354.00,3637.80896,N,12727.44659,E,2,12,64.5
2026-05-15 01:13:55,161355.00,3637.80970,N,12727.44636,E,2,12,64.6
2026-05-15 01:13:57,161357.00,3637.81120,N,12727.44600,E,2,12,64.9
2026-05-15 01:13:59,161359.00,3637.81281,N,12727.44577,E,2,12,65.4
2026-05-15 01:14:01,161401.00,3637.81428,N,12727.44559,E,2,12,65.5
2026-05-15 01:14:02,161402.00,3637.81500,N,12727.44551,E,2,12,65.8
2026-05-15 01:14:04,161404.00,3637.81639,N,12727.44525,E,2,12,65.9
2026-05-15 01:14:05,161405.00,3637.81708,N,12727.44503,E,2,12,66.0
2026-05-15 01:14:06,161406.00,3637.81780,N,12727.44490,E,2,12,65.9
2026-05-15 01:14:08,161408.00,3637.81932,N,12727.44474,E,2,12,66.0
2026-05-15 01:14:10,161410.00,3637.82076,N,12727.44486,E,2,12,65.8
2026-05-15 01:14:11,161411.00,3637.82153,N,12727.44490,E,2,12,66.0
2026-05-15 01:14:13,161413.00,3637.82306,N,12727.44502,E,2,12,65.7
2026-05-15 01:14:15,161415.00,3637.82466,N,12727.44512,E,2,12,65.1
2026-05-15 01:14:16,161416.00,3637.82541,N,12727.44524,E,2,12,65.0
2026-05-15 01:14:18,161418.00,3637.82678,N,12727.44538,E,2,12,64.9
2026-05-15 01:14:19,161419.00,3637.82748,N,12727.44550,E,2,12,64.6
2026-05-15 01:14:21,161421.00,3637.82892,N,12727.44575,E,2,12,64.6
2026-05-15 01:14:23,161423.00,3637.83034,N,12727.44590,E,2,12,64.6
2026-05-15 01:14:24,161424.00,3637.83100,N,12727.44601,E,2,12,64.6
2026-05-15 01:14:26,161426.00,3637.83250,N,12727.44602,E,2,12,65.1
2026-05-15 01:14:28,161428.00,3637.83418,N,12727.44616,E,2,12,66.5
2026-05-15 01:14:30,161430.00,3637.83579,N,12727.44627,E,2,12,66.4
2026-05-15 01:14:32,161432.00,3637.83735,N,12727.44644,E,2,12,66.7
2026-05-15 01:14:34,161434.00,3637.83883,N,12727.44658,E,2,12,67.4
2026-05-15 01:14:35,161435.00,3637.83957,N,12727.44662,E,2,12,67.7
2026-05-15 01:14:36,161436.00,3637.84043,N,12727.44660,E,2,12,68.1
2026-05-15 01:14:38,161438.00,3637.84207,N,12727.44678,E,2,12,67.5
2026-05-15 01:14:40,161440.00,3637.84355,N,12727.44697,E,2,12,67.9
2026-05-15 01:14:42,161442.00,3637.84512,N,12727.44720,E,2,12,68.2
2026-05-15 01:14:43,161443.00,3637.84587,N,12727.44738,E,2,12,68.5
2026-05-15 01:14:44,161444.00,3637.84667,N,12727.44739,E,2,12,68.5
2026-05-15 01:14:46,161446.00,3637.84813,N,12727.44758,E,2,12,67.9
2026-05-15 01:14:47,161447.00,3637.84891,N,12727.44772,E,2,12,68.0
2026-05-15 01:14:49,161449.00,3637.85034,N,12727.44804,E,2,12,69.5
2026-05-15 01:14:50,161450.00,3637.85106,N,12727.44817,E,2,12,69.9
2026-05-15 01:14:51,161451.00,3637.85179,N,12727.44827,E,2,12,70.1
2026-05-15 01:14:53,161453.00,3637.85326,N,12727.44849,E,2,12,70.3
2026-05-15 01:14:54,161454.00,3637.85399,N,12727.44852,E,2,12,69.7
2026-05-15 01:14:55,161455.00,3637.85473,N,12727.44848,E,2,12,69.6
2026-05-15 01:14:56,161456.00,3637.85550,N,12727.44841,E,2,12,69.5
2026-05-15 01:14:58,161458.00,3637.85711,N,12727.44812,E,2,12,69.5
2026-05-15 01:15:00,161500.00,3637.85844,N,12727.44857,E,2,12,72.2
2026-05-15 01:15:02,161502.00,3637.85967,N,12727.44873,E,2,12,73.8
2026-05-15 01:15:03,161503.00,3637.86035,N,12727.44865,E,2,12,74.1
2026-05-15 01:15:05,161505.00,3637.86188,N,12727.44812,E,2,12,74.3
2026-05-15 01:15:07,161507.00,3637.86334,N,12727.44758,E,2,12,73.4
2026-05-15 01:15:08,161508.00,3637.86407,N,12727.44719,E,2,12,73.1
2026-05-15 01:15:10,161510.00,3637.86544,N,12727.44644,E,2,12,72.5
2026-05-15 01:15:11,161511.00,3637.86614,N,12727.44615,E,2,12,72.3
2026-05-15 01:15:13,161513.00,3637.86755,N,12727.44545,E,2,12,72.0
2026-05-15 01:15:14,161514.00,3637.86817,N,12727.44502,E,2,12,71.2
2026-05-15 01:15:15,161515.00,3637.86876,N,12727.44453,E,2,12,70.7
2026-05-15 01:15:17,161517.00,3637.87005,N,12727.44351,E,2,12,70.0
2026-05-15 01:15:19,161519.00,3637.87144,N,12727.44297,E,2,12,69.0
2026-05-15 01:15:20,161520.00,3637.87245,N,12727.44282,E,2,12,68.2
2026-05-15 01:15:21,161521.00,3637.87315,N,12727.44289,E,2,12,67.7
2026-05-15 01:15:23,161523.00,3637.87395,N,12727.44325,E,2,12,65.4
2026-05-15 01:15:25,161525.00,3637.87382,N,12727.44333,E,2,12,65.2
2026-05-15 01:15:27,161527.00,3637.87382,N,12727.44338,E,2,12,65.1
2026-05-15 01:15:28,161528.00,3637.87376,N,12727.44346,E,2,12,64.9
2026-05-15 01:15:30,161530.00,3637.87378,N,12727.44359,E,2,12,64.5
2026-05-15 01:15:31,161531.00,3637.87378,N,12727.44367,E,2,12,64.1
2026-05-15 01:15:32,161532.00,3637.87378,N,12727.44372,E,2,12,63.8
2026-05-15 01:15:34,161534.00,3637.87377,N,12727.44383,E,2,12,63.5
2026-05-15 01:15:36,161536.00,3637.87377,N,12727.44392,E,2,12,63.5
2026-05-15 01:15:37,161537.00,3637.87380,N,12727.44401,E,2,12,63.3
2026-05-15 01:15:39,161539.00,3637.87385,N,12727.44405,E,2,12,63.3
2026-05-15 01:15:41,161541.00,3637.87391,N,12727.44412,E,2,12,63.4
2026-05-15 01:15:43,161543.00,3637.87378,N,12727.44415,E,2,12,61.7
2026-05-15 01:15:45,161545.00,3637.87372,N,12727.44414,E,2,12,60.8
2026-05-15 01:15:47,161547.00,3637.87373,N,12727.44421,E,2,12,60.5
2026-05-15 01:15:49,161549.00,3637.87369,N,12727.44422,E,2,12,59.6
2026-05-15 01:15:50,161550.00,3637.87370,N,12727.44426,E,2,12,59.3
2026-05-15 01:15:52,161552.00,3637.87372,N,12727.44433,E,2,12,58.9
2026-05-15 01:15:54,161554.00,3637.87372,N,12727.44433,E,2,12,58.6
2026-05-15 01:15:55,161555.00,3637.87373,N,12727.44435,E,2,12,58.5
2026-05-15 01:15:57,161557.00,3637.87375,N,12727.44436,E,2,12,58.3
2026-05-15 01:15:59,161559.00,3637.87379,N,12727.44437,E,2,12,58.2
2026-05-15 01:16:01,161601.00,3637.87378,N,12727.44447,E,2,12,57.7
2026-05-15 01:16:03,161603.00,3637.87379,N,12727.44466,E,2,12,57.1
2026-05-15 01:16:05,161605.00,3637.87381,N,12727.44477,E,2,12,56.7
2026-05-15 01:16:07,161607.00,3637.87384,N,12727.44485,E,2,12,56.5
2026-05-15 01:16:09,161609.00,3637.87387,N,12727.44491,E,2,12,56.4
2026-05-15 01:16:11,161611.00,3637.87390,N,12727.44495,E,2,12,56.4
2026-05-15 01:16:12,161612.00,3637.87391,N,12727.44498,E,2,12,56.3
2026-05-15 01:16:14,161614.00,3637.87396,N,12727.44501,E,2,12,56.4
2026-05-15 01:16:16,161616.00,3637.87392,N,12727.44497,E,2,12,56.4
2026-05-15 01:16:17,161617.00,3637.87392,N,12727.44491,E,2,12,56.6
2026-05-15 01:16:19,161619.00,3637.87394,N,12727.44497,E,2,12,56.6
2026-05-15 01:16:20,161620.00,3637.87392,N,12727.44493,E,2,12,56.7
2026-05-15 01:16:22,161622.00,3637.87384,N,12727.44478,E,2,12,57.5
2026-05-15 01:16:23,161623.00,3637.87376,N,12727.44480,E,2,12,57.1
2026-05-15 01:16:25,161625.00,3637.87371,N,12727.44469,E,2,12,57.4
2026-05-15 01:16:27,161627.00,3637.87372,N,12727.44462,E,2,12,57.7
2026-05-15 01:16:28,161628.00,3637.87372,N,12727.44454,E,2,12,57.9
2026-05-15 01:16:30,161630.00,3637.87339,N,12727.44390,E,2,12,59.7
2026-05-15 01:16:32,161632.00,3637.87296,N,12727.44343,E,2,12,60.3
2026-05-15 01:16:33,161633.00,3637.87294,N,12727.44335,E,2,12,60.3
2026-05-15 01:16:35,161635.00,3637.87272,N,12727.44287,E,2,12,60.5
2026-05-15 01:16:36,161636.00,3637.87249,N,12727.44222,E,2,12,60.5
2026-05-15 01:16:38,161638.00,3637.87192,N,12727.44084,E,2,12,61.5
2026-05-15 01:16:40,161640.00,3637.87114,N,12727.43926,E,2,12,62.4
2026-05-15 01:16:41,161641.00,3637.87080,N,12727.43849,E,2,12,62.6
2026-05-15 01:16:42,161642.00,3637.87052,N,12727.43769,E,2,12,62.6
2026-05-15 01:16:44,161644.00,3637.86990,N,12727.43599,E,2,12,63.4
2026-05-15 01:16:46,161646.00,3637.86922,N,12727.43474,E,2,12,63.1
2026-05-15 01:16:47,161647.00,3637.86878,N,12727.43408,E,2,12,63.9
2026-05-15 01:16:49,161649.00,3637.86797,N,12727.43309,E,2,12,63.7
2026-05-15 01:16:50,161650.00,3637.86765,N,12727.43262,E,2,12,63.5
2026-05-15 01:16:52,161652.00,3637.86708,N,12727.43142,E,2,12,63.0
2026-05-15 01:16:53,161653.00,3637.86670,N,12727.43077,E,2,12,62.9
2026-05-15 01:16:55,161655.00,3637.86611,N,12727.42979,E,2,12,62.6
2026-05-15 01:16:57,161657.00,3637.86539,N,12727.42900,E,2,12,62.2
2026-05-15 01:16:59,161659.00,3637.86460,N,12727.42802,E,2,12,62.4
2026-05-15 01:17:00,161700.00,3637.86419,N,12727.42750,E,2,12,62.5
2026-05-15 01:17:02,161702.00,3637.86346,N,12727.42642,E,2,12,62.7
2026-05-15 01:17:03,161703.00,3637.86313,N,12727.42601,E,2,12,63.0
2026-05-15 01:17:05,161705.00,3637.86229,N,12727.42530,E,2,12,63.3
2026-05-15 01:17:07,161707.00,3637.86172,N,12727.42469,E,2,12,63.7
2026-05-15 01:17:08,161708.00,3637.86133,N,12727.42420,E,2,12,64.6
2026-05-15 01:17:10,161710.00,3637.86075,N,12727.42335,E,2,12,64.7
2026-05-15 01:17:12,161712.00,3637.86002,N,12727.42264,E,2,12,65.0
2026-05-15 01:17:14,161714.00,3637.85927,N,12727.42179,E,2,12,65.5
2026-05-15 01:17:16,161716.00,3637.85848,N,12727.42101,E,2,12,65.0
2026-05-15 01:17:18,161718.00,3637.85761,N,12727.42034,E,2,12,65.0
2026-05-15 01:17:20,161720.00,3637.85683,N,12727.41953,E,2,12,65.4
2026-05-15 01:17:22,161722.00,3637.85604,N,12727.41877,E,2,12,65.7
2026-05-15 01:17:24,161724.00,3637.85529,N,12727.41795,E,2,12,65.6
2026-05-15 01:17:26,161726.00,3637.85494,N,12727.41734,E,2,12,65.4
2026-05-15 01:17:27,161727.00,3637.85491,N,12727.41726,E,2,12,65.5
2026-05-15 01:17:29,161729.00,3637.85440,N,12727.41695,E,2,12,62.6
2026-05-15 01:17:31,161731.00,3637.85357,N,12727.41606,E,2,12,62.8
2026-05-15 01:17:33,161733.00,3637.85263,N,12727.41524,E,2,12,62.6
2026-05-15 01:17:35,161735.00,3637.85164,N,12727.41421,E,2,12,62.3
2026-05-15 01:17:37,161737.00,3637.85051,N,12727.41353,E,2,12,61.5
2026-05-15 01:17:38,161738.00,3637.84993,N,12727.41326,E,2,12,61.3
2026-05-15 01:17:40,161740.00,3637.84882,N,12727.41256,E,2,12,60.9
2026-05-15 01:17:41,161741.00,3637.84835,N,12727.41209,E,2,12,60.7
2026-05-15 01:17:43,161743.00,3637.84747,N,12727.41103,E,2,12,60.8
2026-05-15 01:17:44,161744.00,3637.84702,N,12727.41051,E,2,12,60.8
2026-05-15 01:17:46,161746.00,3637.84598,N,12727.40967,E,2,12,61.0
2026-05-15 01:17:47,161747.00,3637.84554,N,12727.40933,E,2,12,61.0
2026-05-15 01:17:48,161748.00,3637.84514,N,12727.40896,E,2,12,61.1
2026-05-15 01:17:50,161750.00,3637.84417,N,12727.40803,E,2,12,61.3
2026-05-15 01:17:52,161752.00,3637.84311,N,12727.40718,E,2,12,61.5
2026-05-15 01:17:53,161753.00,3637.84254,N,12727.40701,E,2,12,61.5
2026-05-15 01:17:54,161754.00,3637.84206,N,12727.40674,E,2,12,61.3
2026-05-15 01:17:56,161756.00,3637.84113,N,12727.40593,E,2,12,61.1
2026-05-15 01:17:57,161757.00,3637.84064,N,12727.40542,E,2,12,61.0
2026-05-15 01:17:58,161758.00,3637.84011,N,12727.40482,E,2,12,61.0
2026-05-15 01:17:59,161759.00,3637.83964,N,12727.40434,E,2,12,61.1
2026-05-15 01:18:00,161800.00,3637.83921,N,12727.40404,E,2,12,60.7
2026-05-15 01:18:02,161802.00,3637.83821,N,12727.40343,E,2,12,60.5
2026-05-15 01:18:04,161804.00,3637.83727,N,12727.40251,E,2,12,60.2
2026-05-15 01:18:05,161805.00,3637.83680,N,12727.40205,E,2,12,60.3
2026-05-15 01:18:07,161807.00,3637.83596,N,12727.40118,E,2,12,60.5
2026-05-15 01:18:08,161808.00,3637.83549,N,12727.40077,E,2,12,60.6
2026-05-15 01:18:10,161810.00,3637.83451,N,12727.40001,E,2,12,60.6
2026-05-15 01:18:12,161812.00,3637.83356,N,12727.39912,E,2,12,60.5
2026-05-15 01:18:13,161813.00,3637.83313,N,12727.39866,E,2,12,60.4
2026-05-15 01:18:15,161815.00,3637.83219,N,12727.39757,E,2,12,60.4
2026-05-15 01:18:17,161817.00,3637.83121,N,12727.39671,E,2,12,60.7
2026-05-15 01:18:19,161819.00,3637.83021,N,12727.39597,E,2,12,60.9
2026-05-15 01:18:21,161821.00,3637.82944,N,12727.39520,E,2,12,61.6
2026-05-15 01:18:22,161822.00,3637.82896,N,12727.39476,E,2,12,61.6
2026-05-15 01:18:24,161824.00,3637.82798,N,12727.39391,E,2,12,62.0
2026-05-15 01:18:26,161826.00,3637.82703,N,12727.39329,E,2,12,61.9
2026-05-15 01:18:27,161827.00,3637.82658,N,12727.39293,E,2,12,62.0
2026-05-15 01:18:29,161829.00,3637.82562,N,12727.39193,E,2,12,62.1
2026-05-15 01:18:31,161831.00,3637.82457,N,12727.39101,E,2,12,62.0
2026-05-15 01:18:32,161832.00,3637.82403,N,12727.39065,E,2,12,61.9
2026-05-15 01:18:33,161833.00,3637.82355,N,12727.39031,E,2,12,62.0
2026-05-15 01:18:34,161834.00,3637.82312,N,12727.38989,E,2,12,61.9
2026-05-15 01:18:36,161836.00,3637.82197,N,12727.38891,E,2,12,61.5
2026-05-15 01:18:37,161837.00,3637.82134,N,12727.38844,E,2,12,61.5
2026-05-15 01:18:39,161839.00,3637.82021,N,12727.38765,E,2,12,61.1
2026-05-15 01:18:40,161840.00,3637.81971,N,12727.38724,E,2,12,61.1
2026-05-15 01:18:41,161841.00,3637.81916,N,12727.38682,E,2,12,61.1
2026-05-15 01:18:43,161843.00,3637.81790,N,12727.38604,E,2,12,61.1
2026-05-15 01:18:45,161845.00,3637.81661,N,12727.38518,E,2,12,61.0
2026-05-15 01:18:47,161847.00,3637.81546,N,12727.38450,E,2,12,60.7
2026-05-15 01:18:48,161848.00,3637.81496,N,12727.38422,E,2,12,60.9
2026-05-15 01:18:49,161849.00,3637.81449,N,12727.38384,E,2,12,61.1
2026-05-15 01:18:51,161851.00,3637.81337,N,12727.38298,E,2,12,60.9
2026-05-15 01:18:53,161853.00,3637.81213,N,12727.38205,E,2,12,60.9
2026-05-15 01:18:55,161855.00,3637.81090,N,12727.38132,E,2,12,60.3
2026-05-15 01:18:56,161856.00,3637.81040,N,12727.38098,E,2,12,60.1
2026-05-15 01:18:58,161858.00,3637.80937,N,12727.38026,E,2,12,60.4
2026-05-15 01:18:59,161859.00,3637.80878,N,12727.37981,E,2,12,60.2
2026-05-15 01:19:01,161901.00,3637.80754,N,12727.37887,E,2,12,60.1
2026-05-15 01:19:02,161902.00,3637.80690,N,12727.37854,E,2,12,59.9
2026-05-15 01:19:04,161904.00,3637.80573,N,12727.37794,E,2,12,59.5
2026-05-15 01:19:05,161905.00,3637.80523,N,12727.37763,E,2,12,59.5
2026-05-15 01:19:07,161907.00,3637.80407,N,12727.37682,E,2,12,59.4
2026-05-15 01:19:09,161909.00,3637.80318,N,12727.37551,E,2,12,59.3
2026-05-15 01:19:11,161911.00,3637.80305,N,12727.37389,E,2,12,59.1
2026-05-15 01:19:12,161912.00,3637.80318,N,12727.37315,E,2,12,59.0
2026-05-15 01:19:14,161914.00,3637.80371,N,12727.37178,E,2,12,59.1
2026-05-15 01:19:16,161916.00,3637.80448,N,12727.37037,E,2,12,59.1
2026-05-15 01:19:17,161917.00,3637.80498,N,12727.36966,E,2,12,59.2
2026-05-15 01:19:19,161919.00,3637.80576,N,12727.36842,E,2,12,59.1
2026-05-15 01:19:20,161920.00,3637.80605,N,12727.36793,E,2,12,59.0
2026-05-15 01:19:21,161921.00,3637.80642,N,12727.36729,E,2,12,59.0
2026-05-15 01:19:22,161922.00,3637.80683,N,12727.36659,E,2,12,59.0
2026-05-15 01:19:24,161924.00,3637.80762,N,12727.36525,E,2,12,58.8
2026-05-15 01:19:25,161925.00,3637.80802,N,12727.36458,E,2,12,58.7
2026-05-15 01:19:26,161926.00,3637.80835,N,12727.36398,E,2,12,58.7
2026-05-15 01:19:28,161928.00,3637.80888,N,12727.36290,E,2,12,58.6
2026-05-15 01:19:29,161929.00,3637.80923,N,12727.36226,E,2,12,58.5
2026-05-15 01:19:31,161931.00,3637.81012,N,12727.36085,E,2,12,58.5
2026-05-15 01:19:33,161933.00,3637.81087,N,12727.35961,E,2,12,58.0
2026-05-15 01:19:34,161934.00,3637.81124,N,12727.35908,E,2,12,58.2
2026-05-15 01:19:35,161935.00,3637.81165,N,12727.35854,E,2,12,58.2
2026-05-15 01:19:36,161936.00,3637.81202,N,12727.35790,E,2,12,58.2
2026-05-15 01:19:38,161938.00,3637.81271,N,12727.35655,E,2,12,58.5
2026-05-15 01:19:40,161940.00,3637.81335,N,12727.35531,E,2,12,58.2
2026-05-15 01:19:42,161942.00,3637.81408,N,12727.35431,E,2,12,58.3
2026-05-15 01:19:44,161944.00,3637.81486,N,12727.35309,E,2,12,58.3
2026-05-15 01:19:46,161946.00,3637.81561,N,12727.35182,E,2,12,58.2
2026-05-15 01:19:47,161947.00,3637.81598,N,12727.35116,E,2,12,58.1
2026-05-15 01:19:49,161949.00,3637.81676,N,12727.35017,E,2,12,58.4
2026-05-15 01:19:50,161950.00,3637.81720,N,12727.34957,E,2,12,58.4
2026-05-15 01:19:51,161951.00,3637.81757,N,12727.34891,E,2,12,58.4
2026-05-15 01:19:52,161952.00,3637.81791,N,12727.34824,E,2,12,58.5
2026-05-15 01:19:54,161954.00,3637.81846,N,12727.34704,E,2,12,58.2
2026-05-15 01:19:56,161956.00,3637.81910,N,12727.34586,E,2,12,58.2
2026-05-15 01:19:58,161958.00,3637.81991,N,12727.34465,E,2,12,58.3
2026-05-15 01:19:59,161959.00,3637.82029,N,12727.34398,E,2,12,58.0
2026-05-15 01:20:01,162001.00,3637.82089,N,12727.34283,E,2,12,57.8
2026-05-15 01:20:03,162003.00,3637.82140,N,12727.34168,E,2,12,57.4
2026-05-15 01:20:05,162005.00,3637.82211,N,12727.34010,E,2,12,57.4
2026-05-15 01:20:06,162006.00,3637.82241,N,12727.33931,E,2,12,57.3
2026-05-15 01:20:07,162007.00,3637.82272,N,12727.33871,E,2,12,57.3
2026-05-15 01:20:09,162009.00,3637.82339,N,12727.33773,E,2,12,57.7
2026-05-15 01:20:11,162011.00,3637.82416,N,12727.33664,E,2,12,58.0
2026-05-15 01:20:13,162013.00,3637.82475,N,12727.33548,E,2,12,57.9
2026-05-15 01:20:14,162014.00,3637.82511,N,12727.33498,E,2,12,57.9
2026-05-15 01:20:16,162016.00,3637.82587,N,12727.33384,E,2,12,57.9
2026-05-15 01:20:17,162017.00,3637.82621,N,12727.33315,E,2,12,58.0
2026-05-15 01:20:19,162019.00,3637.82678,N,12727.33192,E,2,12,57.9
2026-05-15 01:20:21,162021.00,3637.82745,N,12727.33093,E,2,12,58.1
2026-05-15 01:20:22,162022.00,3637.82775,N,12727.33034,E,2,12,58.1
2026-05-15 01:20:24,162024.00,3637.82834,N,12727.32895,E,2,12,58.2
2026-05-15 01:20:26,162026.00,3637.82898,N,12727.32791,E,2,12,58.2
2026-05-15 01:20:28,162028.00,3637.82977,N,12727.32695,E,2,12,58.3
2026-05-15 01:20:29,162029.00,3637.83005,N,12727.32657,E,2,12,58.2
2026-05-15 01:20:30,162030.00,3637.83020,N,12727.32629,E,2,12,58.1
2026-05-15 01:20:32,162032.00,3637.83051,N,12727.32586,E,2,12,57.8
2026-05-15 01:20:34,162034.00,3637.83107,N,12727.32481,E,2,12,57.9
2026-05-15 01:20:36,162036.00,3637.83173,N,12727.32364,E,2,12,57.8
2026-05-15 01:20:38,162038.00,3637.83252,N,12727.32226,E,2,12,58.0
2026-05-15 01:20:39,162039.00,3637.83279,N,12727.32174,E,2,12,57.7
2026-05-15 01:20:41,162041.00,3637.83352,N,12727.32072,E,2,12,57.9
2026-05-15 01:20:43,162043.00,3637.83427,N,12727.31947,E,2,12,58.0
2026-05-15 01:20:44,162044.00,3637.83467,N,12727.31882,E,2,12,58.0
2026-05-15 01:20:46,162046.00,3637.83528,N,12727.31771,E,2,12,57.9
2026-05-15 01:20:47,162047.00,3637.83573,N,12727.31711,E,2,12,57.7
2026-05-15 01:20:48,162048.00,3637.83618,N,12727.31650,E,2,12,57.7
2026-05-15 01:20:50,162050.00,3637.83698,N,12727.31552,E,2,12,57.6
2026-05-15 01:20:52,162052.00,3637.83759,N,12727.31436,E,2,12,57.6
2026-05-15 01:20:53,162053.00,3637.83807,N,12727.31388,E,2,12,57.8
2026-05-15 01:20:55,162055.00,3637.83883,N,12727.31274,E,2,12,57.7
2026-05-15 01:20:56,162056.00,3637.83923,N,12727.31212,E,2,12,57.6
2026-05-15 01:20:58,162058.00,3637.83958,N,12727.31097,E,2,12,57.9
2026-05-15 01:20:59,162059.00,3637.83989,N,12727.31046,E,2,12,57.9
2026-05-15 01:21:01,162101.00,3637.84063,N,12727.30923,E,2,12,58.0
2026-05-15 01:21:03,162103.00,3637.84122,N,12727.30805,E,2,12,57.9
2026-05-15 01:21:05,162105.00,3637.84191,N,12727.30709,E,2,12,58.1
2026-05-15 01:21:07,162107.00,3637.84243,N,12727.30581,E,2,12,58.1
2026-05-15 01:21:09,162109.00,3637.84269,N,12727.30510,E,2,12,58.0
2026-05-15 01:21:10,162110.00,3637.84282,N,12727.30490,E,2,12,58.1
2026-05-15 01:21:12,162112.00,3637.84342,N,12727.30392,E,2,12,58.0
2026-05-15 01:21:14,162114.00,3637.84386,N,12727.30285,E,2,12,57.8
2026-05-15 01:21:15,162115.00,3637.84416,N,12727.30236,E,2,12,57.7
2026-05-15 01:21:16,162116.00,3637.84443,N,12727.30194,E,2,12,57.7
2026-05-15 01:21:18,162118.00,3637.84532,N,12727.30079,E,2,12,57.1
2026-05-15 01:21:19,162119.00,3637.84586,N,12727.30017,E,2,12,57.0
2026-05-15 01:21:21,162121.00,3637.84670,N,12727.29862,E,2,12,57.5
2026-05-15 01:21:23,162123.00,3637.84727,N,12727.29730,E,2,12,57.4
2026-05-15 01:21:25,162125.00,3637.84793,N,12727.29623,E,2,12,57.4
2026-05-15 01:21:27,162127.00,3637.84863,N,12727.29488,E,2,12,57.3
2026-05-15 01:21:28,162128.00,3637.84898,N,12727.29418,E,2,12,57.5
2026-05-15 01:21:29,162129.00,3637.84936,N,12727.29354,E,2,12,57.5
2026-05-15 01:21:30,162130.00,3637.84965,N,12727.29292,E,2,12,57.3
2026-05-15 01:21:31,162131.00,3637.84996,N,12727.29237,E,2,12,57.2
2026-05-15 01:21:32,162132.00,3637.85026,N,12727.29190,E,2,12,57.4
2026-05-15 01:21:34,162134.00,3637.85080,N,12727.29099,E,2,12,57.5
2026-05-15 01:21:35,162135.00,3637.85101,N,12727.29048,E,2,12,57.4
2026-05-15 01:21:36,162136.00,3637.85130,N,12727.29000,E,2,12,57.5
2026-05-15 01:21:38,162138.00,3637.85189,N,12727.28915,E,2,12,57.7
2026-05-15 01:21:40,162140.00,3637.85246,N,12727.28801,E,2,12,57.5
2026-05-15 01:21:42,162142.00,3637.85306,N,12727.28686,E,2,12,57.5
2026-05-15 01:21:43,162143.00,3637.85344,N,12727.28626,E,2,12,57.4
2026-05-15 01:21:45,162145.00,3637.85413,N,12727.28497,E,2,12,57.3
2026-05-15 01:21:46,162146.00,3637.85452,N,12727.28435,E,2,12,57.1
2026-05-15 01:21:47,162147.00,3637.85486,N,12727.28373,E,2,12,57.0
2026-05-15 01:21:49,162149.00,3637.85562,N,12727.28266,E,2,12,57.1
2026-05-15 01:21:51,162151.00,3637.85631,N,12727.28161,E,2,12,57.0
2026-05-15 01:21:53,162153.00,3637.85649,N,12727.28119,E,2,12,57.1
2026-05-15 01:21:54,162154.00,3637.85648,N,12727.28118,E,2,12,57.0
2026-05-15 01:21:56,162156.00,3637.85651,N,12727.28118,E,2,12,56.9
2026-05-15 01:21:58,162158.00,3637.85657,N,12727.28116,E,2,12,56.9
2026-05-15 01:22:00,162200.00,3637.85700,N,12727.28095,E,2,12,56.9
2026-05-15 01:22:02,162202.00,3637.85729,N,12727.28080,E,2,12,56.7
2026-05-15 01:22:04,162204.00,3637.85737,N,12727.28055,E,2,12,56.5
2026-05-15 01:22:06,162206.00,3637.85741,N,12727.28046,E,2,12,56.6
2026-05-15 01:22:07,162207.00,3637.85764,N,12727.28006,E,2,12,56.8
2026-05-15 01:22:08,162208.00,3637.85802,N,12727.27957,E,2,12,56.9
2026-05-15 01:22:09,162209.00,3637.85836,N,12727.27897,E,2,12,56.9
2026-05-15 01:22:11,162211.00,3637.85897,N,12727.27783,E,2,12,56.8
2026-05-15 01:22:12,162212.00,3637.85918,N,12727.27711,E,2,12,56.7
2026-05-15 01:22:14,162214.00,3637.85983,N,12727.27589,E,2,12,56.7
2026-05-15 01:22:15,162215.00,3637.86025,N,12727.27523,E,2,12,56.7
2026-05-15 01:22:16,162216.00,3637.86072,N,12727.27454,E,2,12,56.8
2026-05-15 01:22:18,162218.00,3637.86154,N,12727.27332,E,2,12,56.8
2026-05-15 01:22:20,162220.00,3637.86202,N,12727.27217,E,2,12,56.7
2026-05-15 01:22:22,162222.00,3637.86224,N,12727.27129,E,2,12,56.8
2026-05-15 01:22:23,162223.00,3637.86239,N,12727.27097,E,2,12,56.9
2026-05-15 01:22:25,162225.00,3637.86316,N,12727.27001,E,2,12,56.8
2026-05-15 01:22:26,162226.00,3637.86362,N,12727.26940,E,2,12,56.7
2026-05-15 01:22:27,162227.00,3637.86404,N,12727.26879,E,2,12,56.8
2026-05-15 01:22:29,162229.00,3637.86476,N,12727.26758,E,2,12,56.6
2026-05-15 01:22:31,162231.00,3637.86549,N,12727.26666,E,2,12,56.7
2026-05-15 01:22:32,162232.00,3637.86590,N,12727.26610,E,2,12,56.6
2026-05-15 01:22:34,162234.00,3637.86673,N,12727.26483,E,2,12,56.9
2026-05-15 01:22:35,162235.00,3637.86712,N,12727.26421,E,2,12,57.0
2026-05-15 01:22:37,162237.00,3637.86774,N,12727.26313,E,2,12,56.9
2026-05-15 01:22:38,162238.00,3637.86811,N,12727.26260,E,2,12,56.8
2026-05-15 01:22:40,162240.00,3637.86887,N,12727.26135,E,2,12,56.8
2026-05-15 01:22:41,162241.00,3637.86927,N,12727.26072,E,2,12,56.8
2026-05-15 01:22:42,162242.00,3637.86963,N,12727.26012,E,2,12,56.7
2026-05-15 01:22:44,162244.00,3637.87034,N,12727.25907,E,2,12,56.9
2026-05-15 01:22:45,162245.00,3637.87079,N,12727.25853,E,2,12,56.9
2026-05-15 01:22:47,162247.00,3637.87150,N,12727.25728,E,2,12,56.9
2026-05-15 01:22:48,162248.00,3637.87178,N,12727.25656,E,2,12,56.9
2026-05-15 01:22:49,162249.00,3637.87204,N,12727.25590,E,2,12,56.7
2026-05-15 01:22:50,162250.00,3637.87229,N,12727.25534,E,2,12,56.6
2026-05-15 01:22:52,162252.00,3637.87319,N,12727.25424,E,2,12,56.7
2026-05-15 01:22:54,162254.00,3637.87396,N,12727.25287,E,2,12,56.9
2026-05-15 01:22:56,162256.00,3637.87448,N,12727.25153,E,2,12,57.1
2026-05-15 01:22:58,162258.00,3637.87526,N,12727.25049,E,2,12,57.4
2026-05-15 01:22:59,162259.00,3637.87569,N,12727.24992,E,2,12,57.4
2026-05-15 01:23:01,162301.00,3637.87654,N,12727.24878,E,2,12,57.5
2026-05-15 01:23:02,162302.00,3637.87672,N,12727.24819,E,2,12,57.7
2026-05-15 01:23:04,162304.00,3637.87743,N,12727.24730,E,2,12,57.6
2026-05-15 01:23:05,162305.00,3637.87782,N,12727.24675,E,2,12,57.5
2026-05-15 01:23:07,162307.00,3637.87873,N,12727.24546,E,2,12,57.6
2026-05-15 01:23:08,162308.00,3637.87908,N,12727.24478,E,2,12,57.6
2026-05-15 01:23:09,162309.00,3637.87943,N,12727.24415,E,2,12,57.4
2026-05-15 01:23:11,162311.00,3637.88012,N,12727.24294,E,2,12,57.4
2026-05-15 01:23:12,162312.00,3637.88044,N,12727.24237,E,2,12,57.3
2026-05-15 01:23:14,162314.00,3637.88124,N,12727.24100,E,2,12,57.1
2026-05-15 01:23:15,162315.00,3637.88154,N,12727.24030,E,2,12,57.1
2026-05-15 01:23:17,162317.00,3637.88213,N,12727.23902,E,2,12,56.9
2026-05-15 01:23:18,162318.00,3637.88256,N,12727.23849,E,2,12,56.9
2026-05-15 01:23:20,162320.00,3637.88337,N,12727.23721,E,2,12,56.7
2026-05-15 01:23:22,162322.00,3637.88404,N,12727.23587,E,2,12,56.8
2026-05-15 01:23:23,162323.00,3637.88434,N,12727.23529,E,2,12,56.8
2026-05-15 01:23:24,162324.00,3637.88469,N,12727.23477,E,2,12,56.8
2026-05-15 01:23:26,162326.00,3637.88551,N,12727.23370,E,2,12,56.9
2026-05-15 01:23:28,162328.00,3637.88585,N,12727.23248,E,2,12,57.1
2026-05-15 01:23:29,162329.00,3637.88561,N,12727.23224,E,2,12,57.1
2026-05-15 01:23:31,162331.00,3637.88473,N,12727.23289,E,2,12,56.9
2026-05-15 01:23:32,162332.00,3637.88432,N,12727.23339,E,2,12,57.1
2026-05-15 01:23:33,162333.00,3637.88391,N,12727.23400,E,2,12,56.9
2026-05-15 01:23:35,162335.00,3637.88307,N,12727.23519,E,2,12,56.7
2026-05-15 01:23:36,162336.00,3637.88262,N,12727.23579,E,2,12,56.7
2026-05-15 01:23:38,162338.00,3637.88198,N,12727.23695,E,2,12,56.6
2026-05-15 01:23:40,162340.00,3637.88117,N,12727.23810,E,2,12,56.7
2026-05-15 01:23:41,162341.00,3637.88076,N,12727.23877,E,2,12,56.6
2026-05-15 01:23:43,162343.00,3637.88016,N,12727.24019,E,2,12,56.4
2026-05-15 01:23:45,162345.00,3637.87951,N,12727.24129,E,2,12,56.4
2026-05-15 01:23:46,162346.00,3637.87908,N,12727.24187,E,2,12,56.5
2026-05-15 01:23:47,162347.00,3637.87870,N,12727.24256,E,2,12,56.4
2026-05-15 01:23:48,162348.00,3637.87839,N,12727.24329,E,2,12,56.5
2026-05-15 01:23:50,162350.00,3637.87785,N,12727.24461,E,2,12,56.5
2026-05-15 01:23:52,162352.00,3637.87713,N,12727.24563,E,2,12,56.6
2026-05-15 01:23:53,162353.00,3637.87675,N,12727.24617,E,2,12,56.6
2026-05-15 01:23:54,162354.00,3637.87639,N,12727.24677,E,2,12,56.7
2026-05-15 01:23:56,162356.00,3637.87576,N,12727.24780,E,2,12,56.7
2026-05-15 01:23:57,162357.00,3637.87533,N,12727.24824,E,2,12,56.8
2026-05-15 01:23:59,162359.00,3637.87463,N,12727.24952,E,2,12,56.7
2026-05-15 01:24:01,162401.00,3637.87384,N,12727.25086,E,2,12,56.6
2026-05-15 01:24:02,162402.00,3637.87358,N,12727.25142,E,2,12,56.6
2026-05-15 01:24:04,162404.00,3637.87294,N,12727.25259,E,2,12,56.5
2026-05-15 01:24:05,162405.00,3637.87251,N,12727.25321,E,2,12,56.5
2026-05-15 01:24:06,162406.00,3637.87216,N,12727.25384,E,2,12,56.7
2026-05-15 01:24:07,162407.00,3637.87188,N,12727.25450,E,2,12,56.5
2026-05-15 01:24:09,162409.00,3637.87120,N,12727.25556,E,2,12,56.7
2026-05-15 01:24:11,162411.00,3637.87033,N,12727.25684,E,2,12,56.5
2026-05-15 01:24:12,162412.00,3637.86993,N,12727.25752,E,2,12,56.5
2026-05-15 01:24:14,162414.00,3637.86926,N,12727.25884,E,2,12,56.4
2026-05-15 01:24:16,162416.00,3637.86859,N,12727.25998,E,2,12,56.7
2026-05-15 01:24:17,162417.00,3637.86821,N,12727.26063,E,2,12,56.8
2026-05-15 01:24:19,162419.00,3637.86740,N,12727.26201,E,2,12,56.7
2026-05-15 01:24:20,162420.00,3637.86711,N,12727.26275,E,2,12,56.8
2026-05-15 01:24:22,162422.00,3637.86647,N,12727.26408,E,2,12,56.6
2026-05-15 01:24:23,162423.00,3637.86611,N,12727.26465,E,2,12,56.7
2026-05-15 01:24:25,162425.00,3637.86515,N,12727.26580,E,2,12,56.7
2026-05-15 01:24:26,162426.00,3637.86466,N,12727.26643,E,2,12,56.6
2026-05-15 01:24:28,162428.00,3637.86389,N,12727.26783,E,2,12,56.6
2026-05-15 01:24:29,162429.00,3637.86356,N,12727.26850,E,2,12,56.5
2026-05-15 01:24:30,162430.00,3637.86312,N,12727.26901,E,2,12,56.6
2026-05-15 01:24:32,162432.00,3637.86193,N,12727.26960,E,2,12,56.7
2026-05-15 01:24:34,162434.00,3637.86061,N,12727.26940,E,2,12,56.6
2026-05-15 01:24:35,162435.00,3637.85996,N,12727.26922,E,2,12,56.6
2026-05-15 01:24:36,162436.00,3637.85933,N,12727.26900,E,2,12,56.6
2026-05-15 01:24:37,162437.00,3637.85876,N,12727.26876,E,2,12,56.5
2026-05-15 01:24:38,162438.00,3637.85824,N,12727.26832,E,2,12,56.6
2026-05-15 01:24:40,162440.00,3637.85718,N,12727.26730,E,2,12,56.5
2026-05-15 01:24:41,162441.00,3637.85653,N,12727.26690,E,2,12,56.4
2026-05-15 01:24:43,162443.00,3637.85528,N,12727.26620,E,2,12,56.6
2026-05-15 01:24:44,162444.00,3637.85469,N,12727.26596,E,2,12,56.5
2026-05-15 01:24:46,162446.00,3637.85363,N,12727.26548,E,2,12,56.5
2026-05-15 01:24:47,162447.00,3637.85307,N,12727.26521,E,2,12,56.5
2026-05-15 01:24:49,162449.00,3637.85188,N,12727.26465,E,2,12,56.5
2026-05-15 01:24:50,162450.00,3637.85124,N,12727.26451,E,2,12,56.6
2026-05-15 01:24:52,162452.00,3637.85004,N,12727.26440,E,2,12,56.5
2026-05-15 01:24:53,162453.00,3637.84954,N,12727.26435,E,2,12,56.5
2026-05-15 01:24:55,162455.00,3637.84835,N,12727.26434,E,2,12,56.2
2026-05-15 01:24:56,162456.00,3637.84771,N,12727.26433,E,2,12,56.2
2026-05-15 01:24:58,162458.00,3637.84641,N,12727.26462,E,2,12,56.3
2026-05-15 01:24:59,162459.00,3637.84584,N,12727.26475,E,2,12,55.9
2026-05-15 01:25:01,162501.00,3637.84485,N,12727.26439,E,2,12,55.8
2026-05-15 01:25:03,162503.00,3637.84381,N,12727.26403,E,2,12,55.5
2026-05-15 01:25:04,162504.00,3637.84319,N,12727.26395,E,2,12,55.6
2026-05-15 01:25:05,162505.00,3637.84262,N,12727.26380,E,2,12,55.7
2026-05-15 01:25:07,162507.00,3637.84171,N,12727.26306,E,2,12,55.7
2026-05-15 01:25:08,162508.00,3637.84120,N,12727.26266,E,2,12,55.6
2026-05-15 01:25:10,162510.00,3637.84009,N,12727.26218,E,2,12,55.9
2026-05-15 01:25:11,162511.00,3637.83961,N,12727.26191,E,2,12,56.1
2026-05-15 01:25:13,162513.00,3637.83858,N,12727.26136,E,2,12,56.3
2026-05-15 01:25:14,162514.00,3637.83802,N,12727.26112,E,2,12,56.2
2026-05-15 01:25:16,162516.00,3637.83685,N,12727.26088,E,2,12,56.2
2026-05-15 01:25:17,162517.00,3637.83633,N,12727.26072,E,2,12,56.0
2026-05-15 01:25:19,162519.00,3637.83531,N,12727.25991,E,2,12,56.3
2026-05-15 01:25:20,162520.00,3637.83478,N,12727.25949,E,2,12,56.4
2026-05-15 01:25:21,162521.00,3637.83424,N,12727.25924,E,2,12,56.5
2026-05-15 01:25:23,162523.00,3637.83331,N,12727.25889,E,2,12,56.5
2026-05-15 01:25:25,162525.00,3637.83224,N,12727.25833,E,2,12,56.5
2026-05-15 01:25:26,162526.00,3637.83172,N,12727.25802,E,2,12,57.0
2026-05-15 01:25:27,162527.00,3637.83130,N,12727.25779,E,2,12,57.3
2026-05-15 01:25:29,162529.00,3637.83043,N,12727.25706,E,2,12,57.8
2026-05-15 01:25:30,162530.00,3637.82999,N,12727.25674,E,2,12,57.9
2026-05-15 01:25:31,162531.00,3637.82949,N,12727.25649,E,2,12,58.0
2026-05-15 01:25:32,162532.00,3637.82908,N,12727.25624,E,2,12,58.2
2026-05-15 01:25:34,162534.00,3637.82825,N,12727.25563,E,2,12,58.5
2026-05-15 01:25:35,162535.00,3637.82763,N,12727.25532,E,2,12,58.5
2026-05-15 01:25:37,162537.00,3637.82659,N,12727.25491,E,2,12,58.4
2026-05-15 01:25:38,162538.00,3637.82613,N,12727.25472,E,2,12,58.5
2026-05-15 01:25:39,162539.00,3637.82559,N,12727.25439,E,2,12,58.5
2026-05-15 01:25:40,162540.00,3637.82507,N,12727.25400,E,2,12,58.5
2026-05-15 01:25:41,162541.00,3637.82453,N,12727.25382,E,2,12,58.7
2026-05-15 01:25:42,162542.00,3637.82401,N,12727.25356,E,2,12,58.9
2026-05-15 01:25:44,162544.00,3637.82310,N,12727.25297,E,2,12,58.6
2026-05-15 01:25:46,162546.00,3637.82199,N,12727.25252,E,2,12,58.9
2026-05-15 01:25:47,162547.00,3637.82145,N,12727.25240,E,2,12,59.0
2026-05-15 01:25:49,162549.00,3637.82043,N,12727.25184,E,2,12,59.0
2026-05-15 01:25:50,162550.00,3637.81988,N,12727.25140,E,2,12,59.2
2026-05-15 01:25:52,162552.00,3637.81875,N,12727.25073,E,2,12,59.6
2026-05-15 01:25:53,162553.00,3637.81827,N,12727.25053,E,2,12,59.8
2026-05-15 01:25:54,162554.00,3637.81780,N,12727.25030,E,2,12,59.8
2026-05-15 01:25:56,162556.00,3637.81688,N,12727.24980,E,2,12,60.1
2026-05-15 01:25:57,162557.00,3637.81640,N,12727.24950,E,2,12,60.4
2026-05-15 01:25:59,162559.00,3637.81550,N,12727.24885,E,2,12,60.1
2026-05-15 01:26:01,162601.00,3637.81432,N,12727.24847,E,2,12,58.8
2026-05-15 01:26:02,162602.00,3637.81378,N,12727.24834,E,2,12,58.8
2026-05-15 01:26:03,162603.00,3637.81333,N,12727.24798,E,2,12,59.0
2026-05-15 01:26:05,162605.00,3637.81238,N,12727.24731,E,2,12,59.0
2026-05-15 01:26:07,162607.00,3637.81142,N,12727.24677,E,2,12,58.9
2026-05-15 01:26:08,162608.00,3637.81095,N,12727.24643,E,2,12,58.9
2026-05-15 01:26:10,162610.00,3637.80994,N,12727.24588,E,2,12,59.0
2026-05-15 01:26:11,162611.00,3637.80945,N,12727.24570,E,2,12,59.2
2026-05-15 01:26:13,162613.00,3637.80829,N,12727.24530,E,2,12,59.8
2026-05-15 01:26:14,162614.00,3637.80770,N,12727.24502,E,2,12,59.8
2026-05-15 01:26:16,162616.00,3637.80651,N,12727.24459,E,2,12,59.6
2026-05-15 01:26:18,162618.00,3637.80554,N,12727.24395,E,2,12,59.5
2026-05-15 01:26:19,162619.00,3637.80511,N,12727.24357,E,2,12,59.7
2026-05-15 01:26:20,162620.00,3637.80471,N,12727.24301,E,2,12,59.7
2026-05-15 01:26:21,162621.00,3637.80430,N,12727.24254,E,2,12,59.6
2026-05-15 01:26:23,162623.00,3637.80354,N,12727.24155,E,2,12,59.5
2026-05-15 01:26:25,162625.00,3637.80278,N,12727.24042,E,2,12,59.6
2026-05-15 01:26:26,162626.00,3637.80229,N,12727.24000,E,2,12,60.0
2026-05-15 01:26:27,162627.00,3637.80176,N,12727.23970,E,2,12,60.6
2026-05-15 01:26:29,162629.00,3637.80075,N,12727.23918,E,2,12,60.8
2026-05-15 01:26:31,162631.00,3637.79952,N,12727.23869,E,2,12,60.8
2026-05-15 01:26:32,162632.00,3637.79903,N,12727.23849,E,2,12,60.7
2026-05-15 01:26:34,162634.00,3637.79824,N,12727.23764,E,2,12,61.1
2026-05-15 01:26:35,162635.00,3637.79774,N,12727.23733,E,2,12,60.7
2026-05-15 01:26:37,162637.00,3637.79691,N,12727.23692,E,2,12,61.1
2026-05-15 01:26:38,162638.00,3637.79654,N,12727.23664,E,2,12,61.4
2026-05-15 01:26:40,162640.00,3637.79549,N,12727.23621,E,2,12,61.4
2026-05-15 01:26:42,162642.00,3637.79455,N,12727.23549,E,2,12,61.8
2026-05-15 01:26:44,162644.00,3637.79350,N,12727.23497,E,2,12,61.8
2026-05-15 01:26:45,162645.00,3637.79306,N,12727.23472,E,2,12,61.8
2026-05-15 01:26:47,162647.00,3637.79218,N,12727.23411,E,2,12,61.7
2026-05-15 01:26:48,162648.00,3637.79166,N,12727.23392,E,2,12,61.4
2026-05-15 01:26:49,162649.00,3637.79121,N,12727.23385,E,2,12,60.4
2026-05-15 01:26:51,162651.00,3637.79098,N,12727.23376,E,2,12,60.4
2026-05-15 01:26:53,162653.00,3637.79094,N,12727.23386,E,2,12,59.4
2026-05-15 01:26:55,162655.00,3637.79101,N,12727.23383,E,2,12,59.1
2026-05-15 01:26:56,162656.00,3637.79103,N,12727.23374,E,2,12,59.0
2026-05-15 01:26:57,162657.00,3637.79106,N,12727.23372,E,2,12,59.0
2026-05-15 01:26:59,162659.00,3637.79091,N,12727.23352,E,2,12,59.2
2026-05-15 01:27:01,162701.00,3637.79087,N,12727.23350,E,2,12,58.7
2026-05-15 01:27:02,162702.00,3637.79088,N,12727.23350,E,2,12,58.7
2026-05-15 01:27:04,162704.00,3637.79083,N,12727.23352,E,2,12,58.9
2026-05-15 01:27:05,162705.00,3637.79063,N,12727.23316,E,2,12,59.3
2026-05-15 01:27:06,162706.00,3637.79036,N,12727.23287,E,2,12,59.5
2026-05-15 01:27:08,162708.00,3637.78946,N,12727.23244,E,2,12,59.3
2026-05-15 01:27:09,162709.00,3637.78905,N,12727.23214,E,2,12,59.2
2026-05-15 01:27:11,162711.00,3637.78816,N,12727.23179,E,2,12,58.8
2026-05-15 01:27:13,162713.00,3637.78719,N,12727.23130,E,2,12,58.2
2026-05-15 01:27:15,162715.00,3637.78622,N,12727.23095,E,2,12,58.6
2026-05-15 01:27:16,162716.00,3637.78573,N,12727.23069,E,2,12,58.7
2026-05-15 01:27:18,162718.00,3637.78507,N,12727.23049,E,2,12,59.0
2026-05-15 01:27:19,162719.00,3637.78507,N,12727.23051,E,2,12,58.9
2026-05-15 01:27:20,162720.00,3637.78508,N,12727.23057,E,2,12,59.0
2026-05-15 01:27:22,162722.00,3637.78509,N,12727.23060,E,2,12,59.2
2026-05-15 01:27:23,162723.00,3637.78509,N,12727.23062,E,2,12,59.1
2026-05-15 01:27:25,162725.00,3637.78513,N,12727.23045,E,2,12,58.9
2026-05-15 01:27:27,162727.00,3637.78518,N,12727.23029,E,2,12,59.1
2026-05-15 01:27:29,162729.00,3637.78473,N,12727.22998,E,2,12,59.1
2026-05-15 01:27:31,162731.00,3637.78404,N,12727.22953,E,2,12,59.4
2026-05-15 01:27:32,162732.00,3637.78383,N,12727.22931,E,2,12,59.3
2026-05-15 01:27:34,162734.00,3637.78323,N,12727.22869,E,2,12,59.2
2026-05-15 01:27:36,162736.00,3637.78261,N,12727.22785,E,2,12,59.0
2026-05-15 01:27:38,162738.00,3637.78167,N,12727.22739,E,2,12,59.2
2026-05-15 01:27:39,162739.00,3637.78132,N,12727.22727,E,2,12,59.0
2026-05-15 01:27:41,162741.00,3637.78040,N,12727.22685,E,2,12,58.9
2026-05-15 01:27:43,162743.00,3637.77968,N,12727.22570,E,2,12,59.3
2026-05-15 01:27:44,162744.00,3637.77914,N,12727.22532,E,2,12,59.2
2026-05-15 01:27:46,162746.00,3637.77806,N,12727.22479,E,2,12,59.1
2026-05-15 01:27:47,162747.00,3637.77761,N,12727.22448,E,2,12,59.2
2026-05-15 01:27:49,162749.00,3637.77655,N,12727.22386,E,2,12,59.3
2026-05-15 01:27:51,162751.00,3637.77569,N,12727.22342,E,2,12,59.4
2026-05-15 01:27:53,162753.00,3637.77494,N,12727.22281,E,2,12,59.3
2026-05-15 01:27:55,162755.00,3637.77402,N,12727.22227,E,2,12,59.4
2026-05-15 01:27:57,162757.00,3637.77301,N,12727.22160,E,2,12,59.3
2026-05-15 01:27:59,162759.00,3637.77194,N,12727.22126,E,2,12,59.4
2026-05-15 01:28:01,162801.00,3637.77101,N,12727.22086,E,2,12,60.1
2026-05-15 01:28:02,162802.00,3637.77053,N,12727.22062,E,2,12,60.2
2026-05-15 01:28:04,162804.00,3637.76969,N,12727.22015,E,2,12,60.3
2026-05-15 01:28:06,162806.00,3637.76871,N,12727.21955,E,2,12,60.3
2026-05-15 01:28:07,162807.00,3637.76827,N,12727.21919,E,2,12,60.2
2026-05-15 01:28:08,162808.00,3637.76788,N,12727.21889,E,2,12,60.6
2026-05-15 01:28:09,162809.00,3637.76745,N,12727.21842,E,2,12,60.6
2026-05-15 01:28:11,162811.00,3637.76660,N,12727.21793,E,2,12,61.2
2026-05-15 01:28:13,162813.00,3637.76581,N,12727.21715,E,2,12,61.9
2026-05-15 01:28:14,162814.00,3637.76540,N,12727.21704,E,2,12,62.5
2026-05-15 01:28:15,162815.00,3637.76492,N,12727.21685,E,2,12,62.5
2026-05-15 01:28:17,162817.00,3637.76404,N,12727.21641,E,2,12,62.7
2026-05-15 01:28:19,162819.00,3637.76310,N,12727.21591,E,2,12,63.4
2026-05-15 01:28:20,162820.00,3637.76265,N,12727.21569,E,2,12,63.6
2026-05-15 01:28:22,162822.00,3637.76168,N,12727.21494,E,2,12,64.6
2026-05-15 01:28:23,162823.00,3637.76122,N,12727.21457,E,2,12,64.5
2026-05-15 01:28:25,162825.00,3637.76032,N,12727.21401,E,2,12,64.2
2026-05-15 01:28:27,162827.00,3637.75951,N,12727.21326,E,2,12,64.5
2026-05-15 01:28:28,162828.00,3637.75901,N,12727.21302,E,2,12,64.8
2026-05-15 01:28:29,162829.00,3637.75849,N,12727.21278,E,2,12,65.0
2026-05-15 01:28:31,162831.00,3637.75769,N,12727.21228,E,2,12,64.5
2026-05-15 01:28:32,162832.00,3637.75729,N,12727.21205,E,2,12,64.7
2026-05-15 01:28:34,162834.00,3637.75637,N,12727.21163,E,2,12,65.2
2026-05-15 01:28:35,162835.00,3637.75591,N,12727.21137,E,2,12,65.1
2026-05-15 01:28:37,162837.00,3637.75511,N,12727.21083,E,2,12,64.6
2026-05-15 01:28:38,162838.00,3637.75454,N,12727.21060,E,2,12,64.6
2026-05-15 01:28:40,162840.00,3637.75341,N,12727.20994,E,2,12,64.7
2026-05-15 01:28:42,162842.00,3637.75239,N,12727.20941,E,2,12,64.8
2026-05-15 01:28:44,162844.00,3637.75127,N,12727.20879,E,2,12,64.6
2026-05-15 01:28:46,162846.00,3637.75009,N,12727.20828,E,2,12,64.7
2026-05-15 01:28:47,162847.00,3637.74960,N,12727.20805,E,2,12,64.6
2026-05-15 01:28:48,162848.00,3637.74919,N,12727.20761,E,2,12,64.7
2026-05-15 01:28:50,162850.00,3637.74817,N,12727.20722,E,2,12,64.6
2026-05-15 01:28:51,162851.00,3637.74768,N,12727.20698,E,2,12,64.5
2026-05-15 01:28:52,162852.00,3637.74721,N,12727.20650,E,2,12,64.5
2026-05-15 01:28:53,162853.00,3637.74673,N,12727.20644,E,2,12,65.2
2026-05-15 01:28:54,162854.00,3637.74631,N,12727.20634,E,2,12,65.9
2026-05-15 01:28:56,162856.00,3637.74550,N,12727.20541,E,2,12,66.2
2026-05-15 01:28:58,162858.00,3637.74455,N,12727.20485,E,2,12,66.1
2026-05-15 01:28:59,162859.00,3637.74408,N,12727.20447,E,2,12,66.1
2026-05-15 01:29:00,162900.00,3637.74355,N,12727.20411,E,2,12,65.7
2026-05-15 01:29:02,162902.00,3637.74263,N,12727.20361,E,2,12,65.7
2026-05-15 01:29:03,162903.00,3637.74221,N,12727.20329,E,2,12,65.7
2026-05-15 01:29:05,162905.00,3637.74129,N,12727.20254,E,2,12,65.5
2026-05-15 01:29:07,162907.00,3637.74034,N,12727.20211,E,2,12,65.7
2026-05-15 01:29:08,162908.00,3637.73987,N,12727.20178,E,2,12,65.6
2026-05-15 01:29:09,162909.00,3637.73939,N,12727.20151,E,2,12,65.5
2026-05-15 01:29:11,162911.00,3637.73855,N,12727.20103,E,2,12,65.3
2026-05-15 01:29:12,162912.00,3637.73814,N,12727.20088,E,2,12,65.1
2026-05-15 01:29:14,162914.00,3637.73724,N,12727.20067,E,2,12,64.7
2026-05-15 01:29:16,162916.00,3637.73640,N,12727.19988,E,2,12,65.1
2026-05-15 01:29:17,162917.00,3637.73590,N,12727.19955,E,2,12,65.1
2026-05-15 01:29:19,162919.00,3637.73474,N,12727.19925,E,2,12,64.6
2026-05-15 01:29:21,162921.00,3637.73371,N,12727.19860,E,2,12,65.1
2026-05-15 01:29:23,162923.00,3637.73274,N,12727.19811,E,2,12,64.3
2026-05-15 01:29:24,162924.00,3637.73226,N,12727.19778,E,2,12,64.4
2026-05-15 01:29:25,162925.00,3637.73183,N,12727.19733,E,2,12,64.6
2026-05-15 01:29:27,162927.00,3637.73090,N,12727.19663,E,2,12,65.2
2026-05-15 01:29:28,162928.00,3637.73044,N,12727.19640,E,2,12,65.0
2026-05-15 01:29:30,162930.00,3637.72961,N,12727.19568,E,2,12,65.3
2026-05-15 01:29:32,162932.00,3637.72862,N,12727.19501,E,2,12,65.3
2026-05-15 01:29:33,162933.00,3637.72819,N,12727.19476,E,2,12,65.3
2026-05-15 01:29:35,162935.00,3637.72733,N,12727.19407,E,2,12,65.6
2026-05-15 01:29:37,162937.00,3637.72647,N,12727.19368,E,2,12,65.3
2026-05-15 01:29:39,162939.00,3637.72544,N,12727.19288,E,2,12,67.3
2026-05-15 01:29:41,162941.00,3637.72421,N,12727.19251,E,2,12,68.0
2026-05-15 01:29:43,162943.00,3637.72305,N,12727.19169,E,2,12,69.4
2026-05-15 01:29:45,162945.00,3637.72199,N,12727.19127,E,2,12,69.4
2026-05-15 01:29:46,162946.00,3637.72139,N,12727.19092,E,2,12,69.5
2026-05-15 01:29:48,162948.00,3637.72033,N,12727.19031,E,2,12,70.5
2026-05-15 01:29:49,162949.00,3637.71977,N,12727.19006,E,2,12,69.7
2026-05-15 01:29:51,162951.00,3637.71880,N,12727.18922,E,2,12,70.3
2026-05-15 01:29:52,162952.00,3637.71829,N,12727.18877,E,2,12,70.3
2026-05-15 01:29:53,162953.00,3637.71780,N,12727.18845,E,2,12,70.3
2026-05-15 01:29:54,162954.00,3637.71726,N,12727.18808,E,2,12,70.1
2026-05-15 01:29:56,162956.00,3637.71629,N,12727.18767,E,2,12,70.0
2026-05-15 01:29:57,162957.00,3637.71585,N,12727.18754,E,2,12,70.4
2026-05-15 01:29:59,162959.00,3637.71509,N,12727.18726,E,2,12,71.1
2026-05-15 01:30:00,163000.00,3637.71457,N,12727.18725,E,2,12,71.3
2026-05-15 01:30:02,163002.00,3637.71357,N,12727.18662,E,2,12,71.9
2026-05-15 01:30:03,163003.00,3637.71312,N,12727.18653,E,2,12,71.7
2026-05-15 01:30:05,163005.00,3637.71220,N,12727.18590,E,2,12,72.3
2026-05-15 01:30:07,163007.00,3637.71123,N,12727.18538,E,2,12,72.0
2026-05-15 01:30:08,163008.00,3637.71081,N,12727.18517,E,2,12,72.0
2026-05-15 01:30:10,163010.00,3637.70993,N,12727.18448,E,2,12,71.8
2026-05-15 01:30:11,163011.00,3637.70943,N,12727.18423,E,2,12,71.2
2026-05-15 01:30:13,163013.00,3637.70851,N,12727.18374,E,2,12,69.7
2026-05-15 01:30:14,163014.00,3637.70786,N,12727.18346,E,2,12,67.4
2026-05-15 01:30:15,163015.00,3637.70731,N,12727.18318,E,2,12,66.7
2026-05-15 01:30:17,163017.00,3637.70641,N,12727.18248,E,2,12,64.9
2026-05-15 01:30:18,163018.00,3637.70599,N,12727.18211,E,2,12,64.9
2026-05-15 01:30:20,163020.00,3637.70501,N,12727.18170,E,2,12,63.7
2026-05-15 01:30:21,163021.00,3637.70452,N,12727.18128,E,2,12,63.4
2026-05-15 01:30:23,163023.00,3637.70348,N,12727.18072,E,2,12,61.8
2026-05-15 01:30:24,163024.00,3637.70306,N,12727.18048,E,2,12,61.7
2026-05-15 01:30:26,163026.00,3637.70197,N,12727.17988,E,2,12,61.4
2026-05-15 01:30:27,163027.00,3637.70137,N,12727.17970,E,2,12,61.4
2026-05-15 01:30:29,163029.00,3637.70042,N,12727.17917,E,2,12,61.6
2026-05-15 01:30:30,163030.00,3637.69994,N,12727.17890,E,2,12,61.7
2026-05-15 01:30:32,163032.00,3637.69888,N,12727.17830,E,2,12,61.7
2026-05-15 01:30:33,163033.00,3637.69842,N,12727.17814,E,2,12,61.6
2026-05-15 01:30:35,163035.00,3637.69742,N,12727.17782,E,2,12,62.0
2026-05-15 01:30:37,163037.00,3637.69646,N,12727.17756,E,2,12,62.0
2026-05-15 01:30:39,163039.00,3637.69546,N,12727.17697,E,2,12,62.2
2026-05-15 01:30:41,163041.00,3637.69451,N,12727.17647,E,2,12,62.5
2026-05-15 01:30:43,163043.00,3637.69356,N,12727.17581,E,2,12,62.7
2026-05-15 01:30:45,163045.00,3637.69266,N,12727.17531,E,2,12,62.5
2026-05-15 01:30:47,163047.00,3637.69169,N,12727.17468,E,2,12,62.4
2026-05-15 01:30:49,163049.00,3637.69070,N,12727.17401,E,2,12,62.5
2026-05-15 01:30:51,163051.00,3637.68966,N,12727.17337,E,2,12,62.4
2026-05-15 01:30:53,163053.00,3637.68882,N,12727.17290,E,2,12,62.1
2026-05-15 01:30:54,163054.00,3637.68833,N,12727.17253,E,2,12,62.2
2026-05-15 01:30:56,163056.00,3637.68723,N,12727.17218,E,2,12,62.2
2026-05-15 01:30:58,163058.00,3637.68620,N,12727.17154,E,2,12,62.1
2026-05-15 01:30:59,163059.00,3637.68562,N,12727.17140,E,2,12,62.1
2026-05-15 01:31:01,163101.00,3637.68458,N,12727.17105,E,2,12,62.2
2026-05-15 01:31:02,163102.00,3637.68409,N,12727.17080,E,2,12,62.3
2026-05-15 01:31:04,163104.00,3637.68326,N,12727.17035,E,2,12,61.9
2026-05-15 01:31:05,163105.00,3637.68287,N,12727.16999,E,2,12,61.8
2026-05-15 01:31:07,163107.00,3637.68195,N,12727.16960,E,2,12,62.0
2026-05-15 01:31:08,163108.00,3637.68148,N,12727.16923,E,2,12,62.0
2026-05-15 01:31:09,163109.00,3637.68097,N,12727.16898,E,2,12,62.1
2026-05-15 01:31:10,163110.00,3637.68046,N,12727.16890,E,2,12,62.3
2026-05-15 01:31:12,163112.00,3637.67970,N,12727.16858,E,2,12,61.9
2026-05-15 01:31:14,163114.00,3637.67882,N,12727.16826,E,2,12,61.9
2026-05-15 01:31:16,163116.00,3637.67763,N,12727.16829,E,2,12,61.9
2026-05-15 01:31:18,163118.00,3637.67667,N,12727.16829,E,2,12,61.7
2026-05-15 01:31:20,163120.00,3637.67550,N,12727.16809,E,2,12,61.6
2026-05-15 01:31:21,163121.00,3637.67491,N,12727.16821,E,2,12,60.9
2026-05-15 01:31:23,163123.00,3637.67375,N,12727.16815,E,2,12,60.6
2026-05-15 01:31:25,163125.00,3637.67255,N,12727.16830,E,2,12,60.8
2026-05-15 01:31:26,163126.00,3637.67196,N,12727.16850,E,2,12,60.9
2026-05-15 01:31:28,163128.00,3637.67059,N,12727.16863,E,2,12,61.0
2026-05-15 01:31:29,163129.00,3637.66997,N,12727.16876,E,2,12,61.3
2026-05-15 01:31:30,163130.00,3637.66936,N,12727.16908,E,2,12,62.3
2026-05-15 01:31:32,163132.00,3637.66824,N,12727.16951,E,2,12,63.0
2026-05-15 01:31:34,163134.00,3637.66704,N,12727.16985,E,2,12,62.9
2026-05-15 01:31:35,163135.00,3637.66647,N,12727.17015,E,2,12,62.9
2026-05-15 01:31:37,163137.00,3637.66543,N,12727.17065,E,2,12,62.8
2026-05-15 01:31:39,163139.00,3637.66426,N,12727.17105,E,2,12,62.6
2026-05-15 01:31:41,163141.00,3637.66301,N,12727.17146,E,2,12,62.7
2026-05-15 01:31:42,163142.00,3637.66244,N,12727.17167,E,2,12,62.6
2026-05-15 01:31:43,163143.00,3637.66190,N,12727.17190,E,2,12,62.6
2026-05-15 01:31:44,163144.00,3637.66139,N,12727.17220,E,2,12,62.7
2026-05-15 01:31:45,163145.00,3637.66094,N,12727.17264,E,2,12,62.7
2026-05-15 01:31:47,163147.00,3637.66026,N,12727.17382,E,2,12,62.9
2026-05-15 01:31:48,163148.00,3637.65994,N,12727.17438,E,2,12,62.9
2026-05-15 01:31:50,163150.00,3637.65931,N,12727.17539,E,2,12,63.0
2026-05-15 01:31:52,163152.00,3637.65878,N,12727.17649,E,2,12,64.1
2026-05-15 01:31:54,163154.00,3637.65836,N,12727.17765,E,2,12,64.7
2026-05-15 01:31:56,163156.00,3637.65739,N,12727.17888,E,2,12,64.6
2026-05-15 01:31:58,163158.00,3637.65653,N,12727.17986,E,2,12,65.5
2026-05-15 01:31:59,163159.00,3637.65616,N,12727.18033,E,2,12,65.8
2026-05-15 01:32:01,163201.00,3637.65528,N,12727.18112,E,2,12,65.8
2026-05-15 01:32:02,163202.00,3637.65482,N,12727.18161,E,2,12,65.8
2026-05-15 01:32:04,163204.00,3637.65400,N,12727.18261,E,2,12,66.0
2026-05-15 01:32:05,163205.00,3637.65355,N,12727.18294,E,2,12,65.6
2026-05-15 01:32:06,163206.00,3637.65310,N,12727.18339,E,2,12,65.6
2026-05-15 01:32:08,163208.00,3637.65236,N,12727.18452,E,2,12,65.5
2026-05-15 01:32:10,163210.00,3637.65167,N,12727.18612,E,2,12,65.2
2026-05-15 01:32:11,163211.00,3637.65130,N,12727.18684,E,2,12,65.3
2026-05-15 01:32:13,163213.00,3637.65061,N,12727.18817,E,2,12,65.6
2026-05-15 01:32:14,163214.00,3637.65023,N,12727.18873,E,2,12,65.6
2026-05-15 01:32:16,163216.00,3637.64944,N,12727.19025,E,2,12,66.9
2026-05-15 01:32:17,163217.00,3637.64914,N,12727.19099,E,2,12,67.3
2026-05-15 01:32:19,163219.00,3637.64842,N,12727.19225,E,2,12,68.4
2026-05-15 01:32:20,163220.00,3637.64803,N,12727.19277,E,2,12,69.1
2026-05-15 01:32:22,163222.00,3637.64750,N,12727.19389,E,2,12,69.7
2026-05-15 01:32:23,163223.00,3637.64733,N,12727.19420,E,2,12,69.7
2026-05-15 01:32:25,163225.00,3637.64683,N,12727.19523,E,2,12,70.0
2026-05-15 01:32:26,163226.00,3637.64642,N,12727.19580,E,2,12,70.2
2026-05-15 01:32:28,163228.00,3637.64598,N,12727.19737,E,2,12,70.8
2026-05-15 01:32:30,163230.00,3637.64596,N,12727.19885,E,2,12,71.2
2026-05-15 01:32:31,163231.00,3637.64582,N,12727.19950,E,2,12,71.6
2026-05-15 01:32:33,163233.00,3637.64559,N,12727.20108,E,2,12,71.8
2026-05-15 01:32:34,163234.00,3637.64562,N,12727.20194,E,2,12,72.0
2026-05-15 01:32:36,163236.00,3637.64539,N,12727.20344,E,2,12,72.1
2026-05-15 01:32:38,163238.00,3637.64499,N,12727.20491,E,2,12,72.0
2026-05-15 01:32:39,163239.00,3637.64487,N,12727.20563,E,2,12,72.3
2026-05-15 01:32:41,163241.00,3637.64473,N,12727.20697,E,2,12,72.1
2026-05-15 01:32:43,163243.00,3637.64474,N,12727.20827,E,2,12,71.5
2026-05-15 01:32:44,163244.00,3637.64471,N,12727.20909,E,2,12,71.2
2026-05-15 01:32:46,163246.00,3637.64473,N,12727.21004,E,2,12,70.8
2026-05-15 01:32:47,163247.00,3637.64476,N,12727.21017,E,2,12,70.8
2026-05-15 01:32:49,163249.00,3637.64480,N,12727.21028,E,2,12,70.2
2026-05-15 01:32:50,163250.00,3637.64481,N,12727.21031,E,2,12,70.2
2026-05-15 01:32:51,163251.00,3637.64483,N,12727.21028,E,2,12,70.5
2026-05-15 01:32:53,163253.00,3637.64485,N,12727.21034,E,2,12,70.5
2026-05-15 01:32:55,163255.00,3637.64487,N,12727.21046,E,2,12,70.6
2026-05-15 01:32:56,163256.00,3637.64488,N,12727.21053,E,2,12,70.6
2026-05-15 01:32:58,163258.00,3637.64482,N,12727.21055,E,2,12,70.4
2026-05-15 01:32:59,163259.00,3637.64480,N,12727.21059,E,2,12,70.5
2026-05-15 01:33:01,163301.00,3637.64463,N,12727.21125,E,2,12,70.2
2026-05-15 01:33:02,163302.00,3637.64451,N,12727.21188,E,2,12,70.1
2026-05-15 01:33:03,163303.00,3637.64438,N,12727.21235,E,2,12,69.6
2026-05-15 01:33:04,163304.00,3637.64439,N,12727.21278,E,2,12,69.8
2026-05-15 01:33:06,163306.00,3637.64422,N,12727.21341,E,2,12,70.0
2026-05-15 01:33:07,163307.00,3637.64423,N,12727.21352,E,2,12,69.5
2026-05-15 01:33:08,163308.00,3637.64420,N,12727.21365,E,2,12,69.6
2026-05-15 01:33:10,163310.00,3637.64410,N,12727.21452,E,2,12,69.6
2026-05-15 01:33:11,163311.00,3637.64398,N,12727.21514,E,2,12,69.7
2026-05-15 01:33:13,163313.00,3637.64400,N,12727.21672,E,2,12,69.4
2026-05-15 01:33:15,163315.00,3637.64409,N,12727.21808,E,2,12,69.1
2026-05-15 01:33:16,163316.00,3637.64414,N,12727.21881,E,2,12,69.0
2026-05-15 01:33:18,163318.00,3637.64426,N,12727.22008,E,2,12,68.6
2026-05-15 01:33:20,163320.00,3637.64452,N,12727.22133,E,2,12,68.0
2026-05-15 01:33:21,163321.00,3637.64484,N,12727.22184,E,2,12,67.7
2026-05-15 01:33:23,163323.00,3637.64536,N,12727.22293,E,2,12,67.7
2026-05-15 01:33:25,163325.00,3637.64605,N,12727.22436,E,2,12,67.5
2026-05-15 01:33:27,163327.00,3637.64691,N,12727.22544,E,2,12,67.8
2026-05-15 01:33:29,163329.00,3637.64774,N,12727.22645,E,2,12,68.7
2026-05-15 01:33:30,163330.00,3637.64806,N,12727.22699,E,2,12,68.7
2026-05-15 01:33:32,163332.00,3637.64876,N,12727.22809,E,2,12,69.3
2026-05-15 01:33:34,163334.00,3637.64938,N,12727.22908,E,2,12,69.6
2026-05-15 01:33:35,163335.00,3637.64950,N,12727.22974,E,2,12,69.9
2026-05-15 01:33:37,163337.00,3637.64980,N,12727.23108,E,2,12,69.3
2026-05-15 01:33:39,163339.00,3637.65005,N,12727.23238,E,2,12,69.0
2026-05-15 01:33:40,163340.00,3637.65018,N,12727.23305,E,2,12,69.2
2026-05-15 01:33:41,163341.00,3637.65043,N,12727.23373,E,2,12,69.2
2026-05-15 01:33:43,163343.00,3637.65091,N,12727.23515,E,2,12,69.4
2026-05-15 01:33:45,163345.00,3637.65106,N,12727.23662,E,2,12,69.4
2026-05-15 01:33:47,163347.00,3637.65133,N,12727.23806,E,2,12,69.5
2026-05-15 01:33:49,163349.00,3637.65193,N,12727.23930,E,2,12,69.7
2026-05-15 01:33:51,163351.00,3637.65213,N,12727.24055,E,2,12,69.8
2026-05-15 01:33:53,163353.00,3637.65190,N,12727.24217,E,2,12,70.2
2026-05-15 01:33:54,163354.00,3637.65198,N,12727.24290,E,2,12,70.3
2026-05-15 01:33:56,163356.00,3637.65231,N,12727.24441,E,2,12,70.2
2026-05-15 01:33:58,163358.00,3637.65244,N,12727.24580,E,2,12,70.3
2026-05-15 01:33:59,163359.00,3637.65252,N,12727.24648,E,2,12,70.2
2026-05-15 01:34:01,163401.00,3637.65275,N,12727.24791,E,2,12,70.3
2026-05-15 01:34:02,163402.00,3637.65286,N,12727.24858,E,2,12,70.3
2026-05-15 01:34:04,163404.00,3637.65304,N,12727.24987,E,2,12,70.5
2026-05-15 01:34:06,163406.00,3637.65316,N,12727.25136,E,2,12,70.0
2026-05-15 01:34:08,163408.00,3637.65346,N,12727.25271,E,2,12,69.7
2026-05-15 01:34:10,163410.00,3637.65354,N,12727.25379,E,2,12,69.5
2026-05-15 01:34:11,163411.00,3637.65352,N,12727.25456,E,2,12,69.3
2026-05-15 01:34:12,163412.00,3637.65353,N,12727.25538,E,2,12,69.3
2026-05-15 01:34:14,163414.00,3637.65326,N,12727.25691,E,2,12,68.7
2026-05-15 01:34:15,163415.00,3637.65311,N,12727.25766,E,2,12,68.6
2026-05-15 01:34:16,163416.00,3637.65299,N,12727.25833,E,2,12,68.6
2026-05-15 01:34:18,163418.00,3637.65241,N,12727.25961,E,2,12,68.3
2026-05-15 01:34:20,163420.00,3637.65173,N,12727.26092,E,2,12,67.9
2026-05-15 01:34:22,163422.00,3637.65125,N,12727.26207,E,2,12,67.5
2026-05-15 01:34:24,163424.00,3637.65064,N,12727.26313,E,2,12,67.2
2026-05-15 01:34:26,163426.00,3637.65003,N,12727.26445,E,2,12,67.4
2026-05-15 01:34:28,163428.00,3637.64948,N,12727.26566,E,2,12,67.6
2026-05-15 01:34:30,163430.00,3637.64870,N,12727.26689,E,2,12,67.9
2026-05-15 01:34:32,163432.00,3637.64791,N,12727.26803,E,2,12,68.1
2026-05-15 01:34:33,163433.00,3637.64761,N,12727.26838,E,2,12,68.1
2026-05-15 01:34:35,163435.00,3637.64705,N,12727.26912,E,2,12,68.2
2026-05-15 01:34:37,163437.00,3637.64627,N,12727.27033,E,2,12,68.4
2026-05-15 01:34:39,163439.00,3637.64544,N,12727.27156,E,2,12,68.4
2026-05-15 01:34:40,163440.00,3637.64489,N,12727.27201,E,2,12,68.3
2026-05-15 01:34:42,163442.00,3637.64400,N,12727.27253,E,2,12,68.2
2026-05-15 01:34:44,163444.00,3637.64285,N,12727.27309,E,2,12,68.1
2026-05-15 01:34:46,163446.00,3637.64178,N,12727.27360,E,2,12,68.4
2026-05-15 01:34:48,163448.00,3637.64085,N,12727.27392,E,2,12,68.3
2026-05-15 01:34:50,163450.00,3637.63967,N,12727.27405,E,2,12,68.0
2026-05-15 01:34:51,163451.00,3637.63900,N,12727.27404,E,2,12,68.1
2026-05-15 01:34:53,163453.00,3637.63774,N,12727.27434,E,2,12,67.8
2026-05-15 01:34:54,163454.00,3637.63714,N,12727.27440,E,2,12,68.0
2026-05-15 01:34:56,163456.00,3637.63601,N,12727.27372,E,2,12,67.6
2026-05-15 01:34:57,163457.00,3637.63548,N,12727.27345,E,2,12,67.5
2026-05-15 01:34:58,163458.00,3637.63488,N,12727.27335,E,2,12,67.2
2026-05-15 01:35:00,163500.00,3637.63392,N,12727.27287,E,2,12,67.0
2026-05-15 01:35:01,163501.00,3637.63349,N,12727.27256,E,2,12,66.9
2026-05-15 01:35:02,163502.00,3637.63299,N,12727.27218,E,2,12,66.6
2026-05-15 01:35:04,163504.00,3637.63184,N,12727.27144,E,2,12,66.5
2026-05-15 01:35:05,163505.00,3637.63131,N,12727.27109,E,2,12,66.3
2026-05-15 01:35:07,163507.00,3637.63050,N,12727.27020,E,2,12,65.7
2026-05-15 01:35:08,163508.00,3637.63003,N,12727.26976,E,2,12,65.6
2026-05-15 01:35:10,163510.00,3637.62890,N,12727.26897,E,2,12,65.6
2026-05-15 01:35:11,163511.00,3637.62829,N,12727.26883,E,2,12,65.7
2026-05-15 01:35:12,163512.00,3637.62774,N,12727.26871,E,2,12,65.6
2026-05-15 01:35:14,163514.00,3637.62684,N,12727.26781,E,2,12,65.5
2026-05-15 01:35:16,163516.00,3637.62568,N,12727.26718,E,2,12,65.5
2026-05-15 01:35:17,163517.00,3637.62502,N,12727.26684,E,2,12,65.6
2026-05-15 01:35:18,163518.00,3637.62443,N,12727.26658,E,2,12,65.5
2026-05-15 01:35:20,163520.00,3637.62348,N,12727.26607,E,2,12,65.3
2026-05-15 01:35:22,163522.00,3637.62271,N,12727.26555,E,2,12,65.5
2026-05-15 01:35:24,163524.00,3637.62185,N,12727.26506,E,2,12,65.6
2026-05-15 01:35:25,163525.00,3637.62141,N,12727.26478,E,2,12,65.6
2026-05-15 01:35:26,163526.00,3637.62092,N,12727.26449,E,2,12,65.6
2026-05-15 01:35:28,163528.00,3637.61987,N,12727.26377,E,2,12,65.7
2026-05-15 01:35:30,163530.00,3637.61856,N,12727.26330,E,2,12,65.8
2026-05-15 01:35:31,163531.00,3637.61804,N,12727.26302,E,2,12,65.7
2026-05-15 01:35:33,163533.00,3637.61703,N,12727.26226,E,2,12,65.6
2026-05-15 01:35:34,163534.00,3637.61649,N,12727.26177,E,2,12,65.5
2026-05-15 01:35:36,163536.00,3637.61538,N,12727.26091,E,2,12,65.4
2026-05-15 01:35:38,163538.00,3637.61453,N,12727.26029,E,2,12,64.9
2026-05-15 01:35:40,163540.00,3637.61354,N,12727.25978,E,2,12,64.9
2026-05-15 01:35:42,163542.00,3637.61240,N,12727.25895,E,2,12,65.0
2026-05-15 01:35:44,163544.00,3637.61135,N,12727.25843,E,2,12,65.0
2026-05-15 01:35:46,163546.00,3637.61024,N,12727.25803,E,2,12,65.4
2026-05-15 01:35:47,163547.00,3637.60974,N,12727.25773,E,2,12,65.3
2026-05-15 01:35:48,163548.00,3637.60921,N,12727.25728,E,2,12,65.1
2026-05-15 01:35:50,163550.00,3637.60806,N,12727.25672,E,2,12,64.8
2026-05-15 01:35:52,163552.00,3637.60704,N,12727.25599,E,2,12,65.0
2026-05-15 01:35:54,163554.00,3637.60582,N,12727.25524,E,2,12,65.3
2026-05-15 01:35:56,163556.00,3637.60455,N,12727.25455,E,2,12,65.7
2026-05-15 01:35:58,163558.00,3637.60340,N,12727.25398,E,2,12,65.4
2026-05-15 01:35:59,163559.00,3637.60295,N,12727.25367,E,2,12,65.5
2026-05-15 01:36:01,163601.00,3637.60196,N,12727.25289,E,2,12,65.1
2026-05-15 01:36:02,163602.00,3637.60132,N,12727.25263,E,2,12,65.3
2026-05-15 01:36:04,163604.00,3637.60006,N,12727.25229,E,2,12,65.6
2026-05-15 01:36:06,163606.00,3637.59903,N,12727.25166,E,2,12,65.8
2026-05-15 01:36:08,163608.00,3637.59783,N,12727.25136,E,2,12,65.0
2026-05-15 01:36:09,163609.00,3637.59721,N,12727.25125,E,2,12,64.9
2026-05-15 01:36:11,163611.00,3637.59607,N,12727.25087,E,2,12,64.4
2026-05-15 01:36:13,163613.00,3637.59495,N,12727.25057,E,2,12,64.5
2026-05-15 01:36:15,163615.00,3637.59367,N,12727.25050,E,2,12,64.3
2026-05-15 01:36:17,163617.00,3637.59254,N,12727.25074,E,2,12,64.1
2026-05-15 01:36:18,163618.00,3637.59202,N,12727.25075,E,2,12,64.2
2026-05-15 01:36:20,163620.00,3637.59080,N,12727.25079,E,2,12,64.3
2026-05-15 01:36:21,163621.00,3637.59014,N,12727.25079,E,2,12,64.2
2026-05-15 01:36:22,163622.00,3637.58943,N,12727.25069,E,2,12,64.3
2026-05-15 01:36:24,163624.00,3637.58821,N,12727.25092,E,2,12,64.3
2026-05-15 01:36:25,163625.00,3637.58762,N,12727.25100,E,2,12,64.2
2026-05-15 01:36:26,163626.00,3637.58700,N,12727.25101,E,2,12,64.3
2026-05-15 01:36:28,163628.00,3637.58572,N,12727.25109,E,2,12,64.2
2026-05-15 01:36:29,163629.00,3637.58509,N,12727.25124,E,2,12,64.2
2026-05-15 01:36:31,163631.00,3637.58397,N,12727.25148,E,2,12,64.2
2026-05-15 01:36:32,163632.00,3637.58341,N,12727.25153,E,2,12,64.3
2026-05-15 01:36:33,163633.00,3637.58288,N,12727.25157,E,2,12,64.1
2026-05-15 01:36:35,163635.00,3637.58169,N,12727.25183,E,2,12,64.2
2026-05-15 01:36:36,163636.00,3637.58117,N,12727.25208,E,2,12,64.1
2026-05-15 01:36:38,163638.00,3637.58015,N,12727.25252,E,2,12,64.1
2026-05-15 01:36:40,163640.00,3637.57893,N,12727.25275,E,2,12,64.2
2026-05-15 01:36:41,163641.00,3637.57829,N,12727.25299,E,2,12,64.3
2026-05-15 01:36:43,163643.00,3637.57732,N,12727.25364,E,2,12,64.1
2026-05-15 01:36:44,163644.00,3637.57675,N,12727.25390,E,2,12,64.1
2026-05-15 01:36:46,163646.00,3637.57556,N,12727.25456,E,2,12,64.4
2026-05-15 01:36:47,163647.00,3637.57505,N,12727.25493,E,2,12,64.4
2026-05-15 01:36:49,163649.00,3637.57433,N,12727.25563,E,2,12,64.5
2026-05-15 01:36:50,163650.00,3637.57387,N,12727.25597,E,2,12,64.5
2026-05-15 01:36:52,163652.00,3637.57301,N,12727.25691,E,2,12,64.9
2026-05-15 01:36:54,163654.00,3637.57222,N,12727.25778,E,2,12,65.3
2026-05-15 01:36:56,163656.00,3637.57140,N,12727.25885,E,2,12,65.3
2026-05-15 01:36:57,163657.00,3637.57100,N,12727.25951,E,2,12,65.4
2026-05-15 01:36:59,163659.00,3637.57046,N,12727.26074,E,2,12,65.2
2026-05-15 01:37:01,163701.00,3637.57005,N,12727.26198,E,2,12,65.4
2026-05-15 01:37:02,163702.00,3637.56981,N,12727.26273,E,2,12,65.4
2026-05-15 01:37:04,163704.00,3637.56955,N,12727.26423,E,2,12,65.4
2026-05-15 01:37:05,163705.00,3637.56951,N,12727.26486,E,2,12,65.5
2026-05-15 01:37:06,163706.00,3637.56956,N,12727.26552,E,2,12,65.5
2026-05-15 01:37:08,163708.00,3637.56953,N,12727.26677,E,2,12,65.5
2026-05-15 01:37:10,163710.00,3637.56934,N,12727.26812,E,2,12,65.4
2026-05-15 01:37:11,163711.00,3637.56922,N,12727.26874,E,2,12,65.6
2026-05-15 01:37:13,163713.00,3637.56917,N,12727.26999,E,2,12,66.1
2026-05-15 01:37:15,163715.00,3637.56884,N,12727.27117,E,2,12,66.1
2026-05-15 01:37:17,163717.00,3637.56871,N,12727.27276,E,2,12,66.0
2026-05-15 01:37:18,163718.00,3637.56864,N,12727.27350,E,2,12,66.0
2026-05-15 01:37:20,163720.00,3637.56852,N,12727.27427,E,2,12,66.2
2026-05-15 01:37:22,163722.00,3637.56850,N,12727.27494,E,2,12,66.2
2026-05-15 01:37:24,163724.00,3637.56867,N,12727.27606,E,2,12,65.9
2026-05-15 01:37:26,163726.00,3637.56864,N,12727.27731,E,2,12,66.2
2026-05-15 01:37:27,163727.00,3637.56855,N,12727.27796,E,2,12,66.2
2026-05-15 01:37:29,163729.00,3637.56841,N,12727.27900,E,2,12,66.3
2026-05-15 01:37:30,163730.00,3637.56827,N,12727.27977,E,2,12,65.9
2026-05-15 01:37:32,163732.00,3637.56846,N,12727.28113,E,2,12,66.3
2026-05-15 01:37:33,163733.00,3637.56846,N,12727.28180,E,2,12,66.4
2026-05-15 01:37:35,163735.00,3637.56833,N,12727.28325,E,2,12,66.4
2026-05-15 01:37:37,163737.00,3637.56831,N,12727.28467,E,2,12,66.7
2026-05-15 01:37:38,163738.00,3637.56820,N,12727.28536,E,2,12,67.0
2026-05-15 01:37:40,163740.00,3637.56800,N,12727.28692,E,2,12,67.2
2026-05-15 01:37:41,163741.00,3637.56799,N,12727.28771,E,2,12,67.3
2026-05-15 01:37:43,163743.00,3637.56788,N,12727.28888,E,2,12,67.2
2026-05-15 01:37:44,163744.00,3637.56787,N,12727.28962,E,2,12,67.1
2026-05-15 01:37:46,163746.00,3637.56784,N,12727.29121,E,2,12,67.2
2026-05-15 01:37:47,163747.00,3637.56783,N,12727.29199,E,2,12,67.2
2026-05-15 01:37:48,163748.00,3637.56776,N,12727.29268,E,2,12,67.4
2026-05-15 01:37:50,163750.00,3637.56758,N,12727.29426,E,2,12,67.5
2026-05-15 01:37:51,163751.00,3637.56740,N,12727.29503,E,2,12,67.7
2026-05-15 01:37:52,163752.00,3637.56741,N,12727.29576,E,2,12,67.5
2026-05-15 01:37:54,163754.00,3637.56718,N,12727.29708,E,2,12,67.7
2026-05-15 01:37:55,163755.00,3637.56709,N,12727.29788,E,2,12,68.0
2026-05-15 01:37:57,163757.00,3637.56711,N,12727.29920,E,2,12,68.2
2026-05-15 01:37:59,163759.00,3637.56695,N,12727.30058,E,2,12,68.5
2026-05-15 01:38:01,163801.00,3637.56691,N,12727.30198,E,2,12,68.7
2026-05-15 01:38:02,163802.00,3637.56684,N,12727.30253,E,2,12,68.9
2026-05-15 01:38:04,163804.00,3637.56674,N,12727.30385,E,2,12,68.8
2026-05-15 01:38:05,163805.00,3637.56669,N,12727.30454,E,2,12,69.1
2026-05-15 01:38:07,163807.00,3637.56654,N,12727.30603,E,2,12,69.1
2026-05-15 01:38:09,163809.00,3637.56653,N,12727.30749,E,2,12,69.1
2026-05-15 01:38:10,163810.00,3637.56648,N,12727.30815,E,2,12,69.4
2026-05-15 01:38:11,163811.00,3637.56632,N,12727.30883,E,2,12,69.5
2026-05-15 01:38:12,163812.00,3637.56619,N,12727.30951,E,2,12,69.4
2026-05-15 01:38:14,163814.00,3637.56562,N,12727.31079,E,2,12,69.4
2026-05-15 01:38:16,163816.00,3637.56470,N,12727.31185,E,2,12,69.5
2026-05-15 01:38:18,163818.00,3637.56373,N,12727.31283,E,2,12,69.6
2026-05-15 01:38:20,163820.00,3637.56289,N,12727.31372,E,2,12,69.5
2026-05-15 01:38:22,163822.00,3637.56215,N,12727.31480,E,2,12,69.2
2026-05-15 01:38:23,163823.00,3637.56182,N,12727.31527,E,2,12,69.3
2026-05-15 01:38:24,163824.00,3637.56161,N,12727.31592,E,2,12,69.2
2026-05-15 01:38:26,163826.00,3637.56119,N,12727.31721,E,2,12,69.3
2026-05-15 01:38:28,163828.00,3637.56107,N,12727.31849,E,2,12,69.5
2026-05-15 01:38:29,163829.00,3637.56097,N,12727.31918,E,2,12,69.6
2026-05-15 01:38:30,163830.00,3637.56088,N,12727.31991,E,2,12,69.6
2026-05-15 01:38:32,163832.00,3637.56097,N,12727.32127,E,2,12,70.0
2026-05-15 01:38:34,163834.00,3637.56095,N,12727.32272,E,2,12,70.1
2026-05-15 01:38:35,163835.00,3637.56096,N,12727.32341,E,2,12,70.3
2026-05-15 01:38:37,163837.00,3637.56098,N,12727.32482,E,2,12,70.6
2026-05-15 01:38:38,163838.00,3637.56091,N,12727.32553,E,2,12,71.2
2026-05-15 01:38:40,163840.00,3637.56082,N,12727.32680,E,2,12,71.5
2026-05-15 01:38:42,163842.00,3637.56097,N,12727.32819,E,2,12,71.6
2026-05-15 01:38:43,163843.00,3637.56104,N,12727.32886,E,2,12,71.8
2026-05-15 01:38:44,163844.00,3637.56110,N,12727.32960,E,2,12,71.9
2026-05-15 01:38:46,163846.00,3637.56145,N,12727.33119,E,2,12,71.6
2026-05-15 01:38:47,163847.00,3637.56156,N,12727.33201,E,2,12,71.6
2026-05-15 01:38:49,163849.00,3637.56183,N,12727.33331,E,2,12,71.6
2026-05-15 01:38:51,163851.00,3637.56194,N,12727.33478,E,2,12,71.7
2026-05-15 01:38:53,163853.00,3637.56198,N,12727.33622,E,2,12,71.7
2026-05-15 01:38:55,163855.00,3637.56200,N,12727.33746,E,2,12,71.7
2026-05-15 01:38:56,163856.00,3637.56206,N,12727.33813,E,2,12,71.6
2026-05-15 01:38:58,163858.00,3637.56227,N,12727.33950,E,2,12,71.5
2026-05-15 01:38:59,163859.00,3637.56230,N,12727.34007,E,2,12,71.7
2026-05-15 01:39:01,163901.00,3637.56244,N,12727.34152,E,2,12,71.2
2026-05-15 01:39:02,163902.00,3637.56252,N,12727.34219,E,2,12,71.0
2026-05-15 01:39:04,163904.00,3637.56234,N,12727.34357,E,2,12,71.2
2026-05-15 01:39:05,163905.00,3637.56233,N,12727.34430,E,2,12,71.2
2026-05-15 01:39:07,163907.00,3637.56226,N,12727.34596,E,2,12,71.7
2026-05-15 01:39:08,163908.00,3637.56234,N,12727.34661,E,2,12,71.9
2026-05-15 01:39:10,163910.00,3637.56242,N,12727.34804,E,2,12,72.4
2026-05-15 01:39:12,163912.00,3637.56255,N,12727.34948,E,2,12,72.5
2026-05-15 01:39:14,163914.00,3637.56265,N,12727.35083,E,2,12,72.8
2026-05-15 01:39:16,163916.00,3637.56273,N,12727.35246,E,2,12,73.0
2026-05-15 01:39:18,163918.00,3637.56288,N,12727.35376,E,2,12,73.1
2026-05-15 01:39:20,163920.00,3637.56289,N,12727.35518,E,2,12,73.1
2026-05-15 01:39:22,163922.00,3637.56289,N,12727.35652,E,2,12,73.1
2026-05-15 01:39:23,163923.00,3637.56277,N,12727.35724,E,2,12,73.1
2026-05-15 01:39:25,163925.00,3637.56286,N,12727.35872,E,2,12,73.2
2026-05-15 01:39:26,163926.00,3637.56294,N,12727.35940,E,2,12,73.3
2026-05-15 01:39:28,163928.00,3637.56295,N,12727.36092,E,2,12,73.6
2026-05-15 01:39:29,163929.00,3637.56302,N,12727.36170,E,2,12,73.9
2026-05-15 01:39:31,163931.00,3637.56328,N,12727.36300,E,2,12,74.0
2026-05-15 01:39:33,163933.00,3637.56326,N,12727.36452,E,2,12,73.9
2026-05-15 01:39:35,163935.00,3637.56333,N,12727.36620,E,2,12,73.9
2026-05-15 01:39:37,163937.00,3637.56339,N,12727.36761,E,2,12,74.0
2026-05-15 01:39:38,163938.00,3637.56333,N,12727.36841,E,2,12,73.9
2026-05-15 01:39:39,163939.00,3637.56317,N,12727.36932,E,2,12,74.1
2026-05-15 01:39:41,163941.00,3637.56305,N,12727.37086,E,2,12,74.2
2026-05-15 01:39:43,163943.00,3637.56302,N,12727.37246,E,2,12,73.7
2026-05-15 01:39:44,163944.00,3637.56284,N,12727.37325,E,2,12,73.9
2026-05-15 01:39:46,163946.00,3637.56270,N,12727.37484,E,2,12,74.1
2026-05-15 01:39:48,163948.00,3637.56273,N,12727.37609,E,2,12,74.1
2026-05-15 01:39:49,163949.00,3637.56257,N,12727.37664,E,2,12,74.1
2026-05-15 01:39:51,163951.00,3637.56239,N,12727.37802,E,2,12,74.2
2026-05-15 01:39:53,163953.00,3637.56225,N,12727.37930,E,2,12,74.1
2026-05-15 01:39:55,163955.00,3637.56187,N,12727.38078,E,2,12,73.9
2026-05-15 01:39:56,163956.00,3637.56176,N,12727.38152,E,2,12,73.9
2026-05-15 01:39:58,163958.00,3637.56162,N,12727.38287,E,2,12,73.4
2026-05-15 01:39:59,163959.00,3637.56151,N,12727.38349,E,2,12,73.4
2026-05-15 01:40:01,164001.00,3637.56112,N,12727.38488,E,2,12,73.1
2026-05-15 01:40:03,164003.00,3637.56080,N,12727.38623,E,2,12,73.3
2026-05-15 01:40:05,164005.00,3637.56031,N,12727.38757,E,2,12,73.3
2026-05-15 01:40:06,164006.00,3637.56015,N,12727.38835,E,2,12,73.4
2026-05-15 01:40:07,164007.00,3637.56002,N,12727.38905,E,2,12,73.5
2026-05-15 01:40:09,164009.00,3637.55964,N,12727.39027,E,2,12,73.3
2026-05-15 01:40:10,164010.00,3637.55936,N,12727.39089,E,2,12,73.2
2026-05-15 01:40:12,164012.00,3637.55888,N,12727.39230,E,2,12,73.2
2026-05-15 01:40:13,164013.00,3637.55876,N,12727.39293,E,2,12,73.0
2026-05-15 01:40:14,164014.00,3637.55863,N,12727.39355,E,2,12,73.1
2026-05-15 01:40:16,164016.00,3637.55832,N,12727.39496,E,2,12,73.0
2026-05-15 01:40:18,164018.00,3637.55798,N,12727.39636,E,2,12,72.7
2026-05-15 01:40:19,164019.00,3637.55788,N,12727.39697,E,2,12,72.8
2026-05-15 01:40:20,164020.00,3637.55771,N,12727.39758,E,2,12,72.9
2026-05-15 01:40:22,164022.00,3637.55734,N,12727.39896,E,2,12,72.9
2026-05-15 01:40:23,164023.00,3637.55730,N,12727.39970,E,2,12,73.0
2026-05-15 01:40:25,164025.00,3637.55710,N,12727.40100,E,2,12,73.2
2026-05-15 01:40:26,164026.00,3637.55705,N,12727.40166,E,2,12,73.1
2026-05-15 01:40:28,164028.00,3637.55681,N,12727.40309,E,2,12,73.1
2026-05-15 01:40:29,164029.00,3637.55672,N,12727.40377,E,2,12,73.1
2026-05-15 01:40:30,164030.00,3637.55654,N,12727.40428,E,2,12,73.3
2026-05-15 01:40:31,164031.00,3637.55641,N,12727.40469,E,2,12,73.3
2026-05-15 01:40:33,164033.00,3637.55610,N,12727.40586,E,2,12,73.7
2026-05-15 01:40:35,164035.00,3637.55596,N,12727.40726,E,2,12,73.8
2026-05-15 01:40:36,164036.00,3637.55594,N,12727.40801,E,2,12,74.0
2026-05-15 01:40:38,164038.00,3637.55591,N,12727.40967,E,2,12,74.1
2026-05-15 01:40:39,164039.00,3637.55596,N,12727.41033,E,2,12,73.9
2026-05-15 01:40:41,164041.00,3637.55598,N,12727.41164,E,2,12,73.9
2026-05-15 01:40:43,164043.00,3637.55598,N,12727.41320,E,2,12,73.7
2026-05-15 01:40:44,164044.00,3637.55609,N,12727.41387,E,2,12,73.6
2026-05-15 01:40:46,164046.00,3637.55616,N,12727.41526,E,2,12,73.6
2026-05-15 01:40:47,164047.00,3637.55617,N,12727.41605,E,2,12,73.5
2026-05-15 01:40:49,164049.00,3637.55613,N,12727.41761,E,2,12,73.5
2026-05-15 01:40:51,164051.00,3637.55622,N,12727.41891,E,2,12,73.5
2026-05-15 01:40:53,164053.00,3637.55611,N,12727.42040,E,2,12,73.4
2026-05-15 01:40:54,164054.00,3637.55612,N,12727.42113,E,2,12,73.5
2026-05-15 01:40:56,164056.00,3637.55619,N,12727.42217,E,2,12,73.3
2026-05-15 01:40:57,164057.00,3637.55618,N,12727.42232,E,2,12,73.4
2026-05-15 01:40:59,164059.00,3637.55617,N,12727.42230,E,2,12,73.4
2026-05-15 01:41:00,164100.00,3637.55618,N,12727.42231,E,2,12,73.4
2026-05-15 01:41:02,164102.00,3637.55582,N,12727.42250,E,2,12,73.5
2026-05-15 01:41:03,164103.00,3637.55565,N,12727.42261,E,2,12,73.5
2026-05-15 01:41:05,164105.00,3637.55487,N,12727.42270,E,2,12,73.5
2026-05-15 01:41:06,164106.00,3637.55432,N,12727.42282,E,2,12,73.6
2026-05-15 01:41:08,164108.00,3637.55323,N,12727.42292,E,2,12,73.7
2026-05-15 01:41:09,164109.00,3637.55272,N,12727.42279,E,2,12,73.6
2026-05-15 01:41:10,164110.00,3637.55215,N,12727.42282,E,2,12,73.7
2026-05-15 01:41:12,164112.00,3637.55098,N,12727.42301,E,2,12,73.7
2026-05-15 01:41:14,164114.00,3637.54988,N,12727.42305,E,2,12,73.9
2026-05-15 01:41:16,164116.00,3637.54882,N,12727.42333,E,2,12,74.0
2026-05-15 01:41:17,164117.00,3637.54826,N,12727.42322,E,2,12,73.6
2026-05-15 01:41:19,164119.00,3637.54714,N,12727.42279,E,2,12,73.6
2026-05-15 01:41:20,164120.00,3637.54665,N,12727.42256,E,2,12,73.2
2026-05-15 01:41:22,164122.00,3637.54571,N,12727.42186,E,2,12,73.5
2026-05-15 01:41:23,164123.00,3637.54524,N,12727.42139,E,2,12,73.3
2026-05-15 01:41:25,164125.00,3637.54426,N,12727.42071,E,2,12,73.3
2026-05-15 01:41:26,164126.00,3637.54382,N,12727.42042,E,2,12,73.4
2026-05-15 01:41:28,164128.00,3637.54291,N,12727.41967,E,2,12,73.5
2026-05-15 01:41:29,164129.00,3637.54241,N,12727.41931,E,2,12,73.4
2026-05-15 01:41:30,164130.00,3637.54190,N,12727.41900,E,2,12,73.7
2026-05-15 01:41:32,164132.00,3637.54087,N,12727.41850,E,2,12,73.8
2026-05-15 01:41:33,164133.00,3637.54034,N,12727.41798,E,2,12,73.9
2026-05-15 01:41:35,164135.00,3637.53934,N,12727.41721,E,2,12,73.7
2026-05-15 01:41:37,164137.00,3637.53834,N,12727.41652,E,2,12,73.3
2026-05-15 01:41:39,164139.00,3637.53741,N,12727.41571,E,2,12,73.6
2026-05-15 01:41:41,164141.00,3637.53644,N,12727.41472,E,2,12,73.5
2026-05-15 01:41:43,164143.00,3637.53539,N,12727.41387,E,2,12,73.5
2026-05-15 01:41:45,164145.00,3637.53446,N,12727.41313,E,2,12,73.8
2026-05-15 01:41:47,164147.00,3637.53352,N,12727.41220,E,2,12,73.7
2026-05-15 01:41:49,164149.00,3637.53254,N,12727.41139,E,2,12,73.7
2026-05-15 01:41:51,164151.00,3637.53166,N,12727.41064,E,2,12,73.8
2026-05-15 01:41:52,164152.00,3637.53118,N,12727.41014,E,2,12,73.6
2026-05-15 01:41:53,164153.00,3637.53067,N,12727.40981,E,2,12,73.8
2026-05-15 01:41:54,164154.00,3637.53022,N,12727.40936,E,2,12,73.9
2026-05-15 01:41:56,164156.00,3637.52926,N,12727.40858,E,2,12,73.8
2026-05-15 01:41:58,164158.00,3637.52829,N,12727.40791,E,2,12,73.7
2026-05-15 01:41:59,164159.00,3637.52770,N,12727.40741,E,2,12,73.4
2026-05-15 01:42:01,164201.00,3637.52653,N,12727.40657,E,2,12,73.0
2026-05-15 01:42:02,164202.00,3637.52594,N,12727.40615,E,2,12,73.1
2026-05-15 01:42:03,164203.00,3637.52535,N,12727.40577,E,2,12,72.9
2026-05-15 01:42:05,164205.00,3637.52438,N,12727.40496,E,2,12,72.7
2026-05-15 01:42:06,164206.00,3637.52399,N,12727.40433,E,2,12,72.6
2026-05-15 01:42:08,164208.00,3637.52291,N,12727.40327,E,2,12,72.6
2026-05-15 01:42:10,164210.00,3637.52193,N,12727.40252,E,2,12,72.5
2026-05-15 01:42:12,164212.00,3637.52109,N,12727.40159,E,2,12,72.6
2026-05-15 01:42:13,164213.00,3637.52058,N,12727.40111,E,2,12,72.3
2026-05-15 01:42:15,164215.00,3637.51960,N,12727.40012,E,2,12,72.3
2026-05-15 01:42:17,164217.00,3637.51842,N,12727.39942,E,2,12,72.4
2026-05-15 01:42:19,164219.00,3637.51740,N,12727.39864,E,2,12,72.9
2026-05-15 01:42:21,164221.00,3637.51644,N,12727.39771,E,2,12,72.6
2026-05-15 01:42:22,164222.00,3637.51593,N,12727.39732,E,2,12,72.8
2026-05-15 01:42:24,164224.00,3637.51495,N,12727.39654,E,2,12,72.6
2026-05-15 01:42:25,164225.00,3637.51450,N,12727.39619,E,2,12,72.8
2026-05-15 01:42:27,164227.00,3637.51350,N,12727.39536,E,2,12,72.8
2026-05-15 01:42:29,164229.00,3637.51237,N,12727.39444,E,2,12,72.8
2026-05-15 01:42:31,164231.00,3637.51138,N,12727.39360,E,2,12,72.6
2026-05-15 01:42:32,164232.00,3637.51099,N,12727.39315,E,2,12,72.7
2026-05-15 01:42:33,164233.00,3637.51054,N,12727.39265,E,2,12,72.7
2026-05-15 01:42:35,164235.00,3637.50966,N,12727.39177,E,2,12,72.5
2026-05-15 01:42:37,164237.00,3637.50849,N,12727.39096,E,2,12,72.4
2026-05-15 01:42:39,164239.00,3637.50740,N,12727.39041,E,2,12,72.6
2026-05-15 01:42:41,164241.00,3637.50648,N,12727.38961,E,2,12,72.6
2026-05-15 01:42:42,164242.00,3637.50596,N,12727.38933,E,2,12,72.5
2026-05-15 01:42:44,164244.00,3637.50497,N,12727.38849,E,2,12,72.3
2026-05-15 01:42:45,164245.00,3637.50440,N,12727.38813,E,2,12,72.0
2026-05-15 01:42:47,164247.00,3637.50337,N,12727.38733,E,2,12,71.9
2026-05-15 01:42:48,164248.00,3637.50284,N,12727.38684,E,2,12,71.3
2026-05-15 01:42:50,164250.00,3637.50177,N,12727.38585,E,2,12,70.5
2026-05-15 01:42:52,164252.00,3637.50070,N,12727.38499,E,2,12,70.5
2026-05-15 01:42:53,164253.00,3637.50021,N,12727.38469,E,2,12,70.4
2026-05-15 01:42:55,164255.00,3637.49936,N,12727.38387,E,2,12,70.5
2026-05-15 01:42:56,164256.00,3637.49889,N,12727.38337,E,2,12,70.5
2026-05-15 01:42:57,164257.00,3637.49835,N,12727.38295,E,2,12,70.4
2026-05-15 01:42:59,164259.00,3637.49729,N,12727.38208,E,2,12,70.0
2026-05-15 01:43:00,164300.00,3637.49681,N,12727.38171,E,2,12,70.3
2026-05-15 01:43:02,164302.00,3637.49595,N,12727.38067,E,2,12,70.1
2026-05-15 01:43:04,164304.00,3637.49508,N,12727.37977,E,2,12,70.2
2026-05-15 01:43:05,164305.00,3637.49464,N,12727.37931,E,2,12,70.4
2026-05-15 01:43:06,164306.00,3637.49412,N,12727.37880,E,2,12,71.5
2026-05-15 01:43:08,164308.00,3637.49346,N,12727.37764,E,2,12,71.4
2026-05-15 01:43:10,164310.00,3637.49257,N,12727.37636,E,2,12,71.7
2026-05-15 01:43:11,164311.00,3637.49209,N,12727.37583,E,2,12,71.8
2026-05-15 01:43:13,164313.00,3637.49128,N,12727.37494,E,2,12,70.6
2026-05-15 01:43:15,164315.00,3637.49049,N,12727.37409,E,2,12,69.5
2026-05-15 01:43:16,164316.00,3637.48999,N,12727.37366,E,2,12,69.2
2026-05-15 01:43:18,164318.00,3637.48880,N,12727.37286,E,2,12,68.9
2026-05-15 01:43:20,164320.00,3637.48811,N,12727.37202,E,2,12,68.3
2026-05-15 01:43:21,164321.00,3637.48775,N,12727.37175,E,2,12,68.4
2026-05-15 01:43:23,164323.00,3637.48730,N,12727.37153,E,2,12,68.0
2026-05-15 01:43:25,164325.00,3637.48610,N,12727.37027,E,2,12,68.1
2026-05-15 01:43:27,164327.00,3637.48499,N,12727.36936,E,2,12,68.1
2026-05-15 01:43:28,164328.00,3637.48469,N,12727.36905,E,2,12,68.0
2026-05-15 01:43:30,164330.00,3637.48419,N,12727.36841,E,2,12,67.5
2026-05-15 01:43:31,164331.00,3637.48378,N,12727.36784,E,2,12,67.1
2026-05-15 01:43:33,164333.00,3637.48225,N,12727.36666,E,2,12,66.9
2026-05-15 01:43:35,164335.00,3637.48117,N,12727.36611,E,2,12,66.5
2026-05-15 01:43:37,164337.00,3637.48035,N,12727.36557,E,2,12,66.8
2026-05-15 01:43:39,164339.00,3637.47892,N,12727.36457,E,2,12,66.9
2026-05-15 01:43:40,164340.00,3637.47808,N,12727.36375,E,2,12,67.5
2026-05-15 01:43:42,164342.00,3637.47712,N,12727.36328,E,2,12,68.1
2026-05-15 01:43:44,164344.00,3637.47697,N,12727.36312,E,2,12,67.9
2026-05-15 01:43:45,164345.00,3637.47629,N,12727.36258,E,2,12,68.2
2026-05-15 01:43:47,164347.00,3637.47427,N,12727.36185,E,2,12,68.2
2026-05-15 01:43:49,164349.00,3637.47330,N,12727.36156,E,2,12,67.5
2026-05-15 01:43:50,164350.00,3637.47321,N,12727.36153,E,2,12,67.1
2026-05-15 01:43:52,164352.00,3637.47214,N,12727.36089,E,2,12,66.7
2026-05-15 01:43:53,164353.00,3637.47141,N,12727.36032,E,2,12,66.3
2026-05-15 01:43:55,164355.00,3637.47007,N,12727.35918,E,2,12,66.3
2026-05-15 01:43:56,164356.00,3637.46989,N,12727.35899,E,2,12,66.0
2026-05-15 01:43:58,164358.00,3637.46922,N,12727.35860,E,2,12,65.5
2026-05-15 01:44:00,164400.00,3637.46761,N,12727.35761,E,2,12,65.0
2026-05-15 01:44:02,164402.00,3637.46520,N,12727.35670,E,2,12,64.7
2026-05-15 01:44:03,164403.00,3637.46441,N,12727.35617,E,2,12,65.0
2026-05-15 01:44:05,164405.00,3637.46346,N,12727.35518,E,2,12,65.7
2026-05-15 01:44:06,164406.00,3637.46294,N,12727.35459,E,2,12,65.9
2026-05-15 01:44:07,164407.00,3637.46254,N,12727.35419,E,2,12,66.1
2026-05-15 01:44:09,164409.00,3637.46196,N,12727.35335,E,2,12,67.3
2026-05-15 01:44:11,164411.00,3637.46117,N,12727.35266,E,2,12,66.9
2026-05-15 01:44:12,164412.00,3637.46072,N,12727.35241,E,2,12,67.0
2026-05-15 01:44:14,164414.00,3637.45983,N,12727.35177,E,2,12,67.0
2026-05-15 01:44:16,164416.00,3637.45902,N,12727.35070,E,2,12,67.2
2026-05-15 01:44:17,164417.00,3637.45861,N,12727.35030,E,2,12,67.1
2026-05-15 01:44:19,164419.00,3637.45764,N,12727.34947,E,2,12,67.5
2026-05-15 01:44:21,164421.00,3637.45666,N,12727.34843,E,2,12,67.7
2026-05-15 01:44:23,164423.00,3637.45568,N,12727.34779,E,2,12,67.5
2026-05-15 01:44:24,164424.00,3637.45522,N,12727.34770,E,2,12,67.6
2026-05-15 01:44:26,164426.00,3637.45420,N,12727.34700,E,2,12,67.8
2026-05-15 01:44:28,164428.00,3637.45322,N,12727.34640,E,2,12,67.7
2026-05-15 01:44:30,164430.00,3637.45243,N,12727.34559,E,2,12,67.8
2026-05-15 01:44:32,164432.00,3637.45153,N,12727.34464,E,2,12,67.9
2026-05-15 01:44:34,164434.00,3637.45070,N,12727.34423,E,2,12,67.7
2026-05-15 01:44:35,164435.00,3637.45021,N,12727.34391,E,2,12,67.6
2026-05-15 01:44:36,164436.00,3637.44975,N,12727.34352,E,2,12,67.6
2026-05-15 01:44:38,164438.00,3637.44881,N,12727.34291,E,2,12,67.7
2026-05-15 01:44:39,164439.00,3637.44837,N,12727.34271,E,2,12,67.8
2026-05-15 01:44:40,164440.00,3637.44788,N,12727.34254,E,2,12,67.7
2026-05-15 01:44:42,164442.00,3637.44696,N,12727.34267,E,2,12,67.7
2026-05-15 01:44:44,164444.00,3637.44603,N,12727.34285,E,2,12,67.8
2026-05-15 01:44:45,164445.00,3637.44551,N,12727.34280,E,2,12,67.9
2026-05-15 01:44:47,164447.00,3637.44432,N,12727.34269,E,2,12,68.1
2026-05-15 01:44:49,164449.00,3637.44330,N,12727.34277,E,2,12,67.7
2026-05-15 01:44:50,164450.00,3637.44277,N,12727.34268,E,2,12,67.7
2026-05-15 01:44:52,164452.00,3637.44154,N,12727.34235,E,2,12,67.8
2026-05-15 01:44:53,164453.00,3637.44096,N,12727.34222,E,2,12,67.9
2026-05-15 01:44:55,164455.00,3637.43991,N,12727.34199,E,2,12,67.8
2026-05-15 01:44:56,164456.00,3637.43936,N,12727.34172,E,2,12,67.7
2026-05-15 01:44:57,164457.00,3637.43881,N,12727.34137,E,2,12,67.8
2026-05-15 01:44:59,164459.00,3637.43774,N,12727.34050,E,2,12,67.8
2026-05-15 01:45:01,164501.00,3637.43673,N,12727.34015,E,2,12,67.7
2026-05-15 01:45:02,164502.00,3637.43619,N,12727.33990,E,2,12,67.4
2026-05-15 01:45:04,164504.00,3637.43518,N,12727.33907,E,2,12,67.6
2026-05-15 01:45:05,164505.00,3637.43472,N,12727.33868,E,2,12,67.4
2026-05-15 01:45:07,164507.00,3637.43388,N,12727.33822,E,2,12,67.4
2026-05-15 01:45:08,164508.00,3637.43335,N,12727.33780,E,2,12,67.4
2026-05-15 01:45:10,164510.00,3637.43219,N,12727.33699,E,2,12,67.5
2026-05-15 01:45:11,164511.00,3637.43172,N,12727.33670,E,2,12,67.4
2026-05-15 01:45:13,164513.00,3637.43085,N,12727.33592,E,2,12,67.4
2026-05-15 01:45:15,164515.00,3637.42987,N,12727.33505,E,2,12,67.4
2026-05-15 01:45:17,164517.00,3637.42894,N,12727.33433,E,2,12,67.4
2026-05-15 01:45:19,164519.00,3637.42802,N,12727.33341,E,2,12,67.1
2026-05-15 01:45:20,164520.00,3637.42759,N,12727.33288,E,2,12,67.1
2026-05-15 01:45:22,164522.00,3637.42668,N,12727.33215,E,2,12,67.2
2026-05-15 01:45:23,164523.00,3637.42628,N,12727.33181,E,2,12,67.4
2026-05-15 01:45:24,164524.00,3637.42582,N,12727.33138,E,2,12,67.6
2026-05-15 01:45:26,164526.00,3637.42474,N,12727.33036,E,2,12,67.6
2026-05-15 01:45:27,164527.00,3637.42414,N,12727.32994,E,2,12,67.6
2026-05-15 01:45:29,164529.00,3637.42325,N,12727.32946,E,2,12,67.7
2026-05-15 01:45:30,164530.00,3637.42286,N,12727.32894,E,2,12,67.9
2026-05-15 01:45:32,164532.00,3637.42178,N,12727.32793,E,2,12,68.3
2026-05-15 01:45:34,164534.00,3637.42090,N,12727.32761,E,2,12,68.2
2026-05-15 01:45:35,164535.00,3637.42048,N,12727.32729,E,2,12,67.9
2026-05-15 01:45:37,164537.00,3637.41950,N,12727.32624,E,2,12,68.0
2026-05-15 01:45:38,164538.00,3637.41901,N,12727.32590,E,2,12,67.8
2026-05-15 01:45:39,164539.00,3637.41861,N,12727.32570,E,2,12,67.6
2026-05-15 01:45:40,164540.00,3637.41813,N,12727.32534,E,2,12,67.5
2026-05-15 01:45:42,164542.00,3637.41717,N,12727.32447,E,2,12,67.3
2026-05-15 01:45:43,164543.00,3637.41672,N,12727.32413,E,2,12,67.1
2026-05-15 01:45:44,164544.00,3637.41635,N,12727.32379,E,2,12,67.0
2026-05-15 01:45:46,164546.00,3637.41558,N,12727.32283,E,2,12,67.1
2026-05-15 01:45:47,164547.00,3637.41511,N,12727.32247,E,2,12,67.1
2026-05-15 01:45:49,164549.00,3637.41415,N,12727.32199,E,2,12,67.2
2026-05-15 01:45:51,164551.00,3637.41313,N,12727.32113,E,2,12,67.3
2026-05-15 01:45:52,164552.00,3637.41258,N,12727.32075,E,2,12,67.3
2026-05-15 01:45:54,164554.00,3637.41167,N,12727.32029,E,2,12,67.1
2026-05-15 01:45:56,164556.00,3637.41073,N,12727.31973,E,2,12,67.1
2026-05-15 01:45:57,164557.00,3637.41028,N,12727.31928,E,2,12,67.3
2026-05-15 01:45:59,164559.00,3637.40933,N,12727.31854,E,2,12,67.2
2026-05-15 01:46:01,164601.00,3637.40824,N,12727.31798,E,2,12,67.3
2026-05-15 01:46:02,164602.00,3637.40772,N,12727.31806,E,2,12,67.0
2026-05-15 01:46:04,164604.00,3637.40706,N,12727.31853,E,2,12,67.2
2026-05-15 01:46:06,164606.00,3637.40689,N,12727.31890,E,2,12,67.1
2026-05-15 01:46:08,164608.00,3637.40665,N,12727.31931,E,2,12,66.7
2026-05-15 01:46:10,164610.00,3637.40602,N,12727.32019,E,2,12,66.7
2026-05-15 01:46:11,164611.00,3637.40573,N,12727.32071,E,2,12,66.6
2026-05-15 01:46:13,164613.00,3637.40519,N,12727.32177,E,2,12,66.6
2026-05-15 01:46:14,164614.00,3637.40473,N,12727.32225,E,2,12,66.7
2026-05-15 01:46:15,164615.00,3637.40432,N,12727.32275,E,2,12,66.7
2026-05-15 01:46:16,164616.00,3637.40403,N,12727.32322,E,2,12,66.8
2026-05-15 01:46:18,164618.00,3637.40382,N,12727.32330,E,2,12,67.1
2026-05-15 01:46:20,164620.00,3637.40432,N,12727.32240,E,2,12,67.1
2026-05-15 01:46:22,164622.00,3637.40491,N,12727.32140,E,2,12,67.0
2026-05-15 01:46:23,164623.00,3637.40522,N,12727.32098,E,2,12,66.8
2026-05-15 01:46:25,164625.00,3637.40611,N,12727.31988,E,2,12,66.9
2026-05-15 01:46:26,164626.00,3637.40651,N,12727.31925,E,2,12,66.9
2026-05-15 01:46:28,164628.00,3637.40730,N,12727.31808,E,2,12,66.7
2026-05-15 01:46:29,164629.00,3637.40765,N,12727.31756,E,2,12,66.5
2026-05-15 01:46:31,164631.00,3637.40862,N,12727.31730,E,2,12,66.1
2026-05-15 01:46:33,164633.00,3637.40977,N,12727.31786,E,2,12,66.2
2026-05-15 01:46:34,164634.00,3637.41032,N,12727.31835,E,2,12,66.2
2026-05-15 01:46:36,164636.00,3637.41130,N,12727.31896,E,2,12,65.7
2026-05-15 01:46:38,164638.00,3637.41225,N,12727.31976,E,2,12,65.7
2026-05-15 01:46:40,164640.00,3637.41332,N,12727.32108,E,2,12,65.9
2026-05-15 01:46:41,164641.00,3637.41388,N,12727.32157,E,2,12,65.9
2026-05-15 01:46:42,164642.00,3637.41437,N,12727.32182,E,2,12,65.7
2026-05-15 01:46:44,164644.00,3637.41536,N,12727.32237,E,2,12,65.7
2026-05-15 01:46:46,164646.00,3637.41631,N,12727.32346,E,2,12,65.7
2026-05-15 01:46:47,164647.00,3637.41687,N,12727.32389,E,2,12,65.8
2026-05-15 01:46:48,164648.00,3637.41741,N,12727.32420,E,2,12,65.7
2026-05-15 01:46:50,164650.00,3637.41840,N,12727.32468,E,2,12,65.6
2026-05-15 01:46:52,164652.00,3637.41946,N,12727.32572,E,2,12,66.1
2026-05-15 01:46:53,164653.00,3637.41994,N,12727.32623,E,2,12,66.6
2026-05-15 01:46:55,164655.00,3637.42088,N,12727.32686,E,2,12,66.7
2026-05-15 01:46:57,164657.00,3637.42182,N,12727.32773,E,2,12,67.0
2026-05-15 01:46:58,164658.00,3637.42230,N,12727.32824,E,2,12,67.0
2026-05-15 01:46:59,164659.00,3637.42287,N,12727.32860,E,2,12,67.2
2026-05-15 01:47:01,164701.00,3637.42374,N,12727.32922,E,2,12,66.8
2026-05-15 01:47:02,164702.00,3637.42424,N,12727.32954,E,2,12,66.8
2026-05-15 01:47:04,164704.00,3637.42499,N,12727.33028,E,2,12,66.8
2026-05-15 01:47:06,164706.00,3637.42519,N,12727.33056,E,2,12,66.9
2026-05-15 01:47:07,164707.00,3637.42522,N,12727.33047,E,2,12,67.1
2026-05-15 01:47:09,164709.00,3637.42528,N,12727.33042,E,2,12,67.2
2026-05-15 01:47:10,164710.00,3637.42530,N,12727.33048,E,2,12,67.3
2026-05-15 01:47:12,164712.00,3637.42529,N,12727.33044,E,2,12,67.5
2026-05-15 01:47:14,164714.00,3637.42533,N,12727.33045,E,2,12,67.8
2026-05-15 01:47:16,164716.00,3637.42537,N,12727.33093,E,2,12,67.9
2026-05-15 01:47:18,164718.00,3637.42495,N,12727.33242,E,2,12,67.8
2026-05-15 01:47:20,164720.00,3637.42452,N,12727.33381,E,2,12,68.1
2026-05-15 01:47:22,164722.00,3637.42410,N,12727.33489,E,2,12,68.2
2026-05-15 01:47:23,164723.00,3637.42377,N,12727.33553,E,2,12,68.0
2026-05-15 01:47:25,164725.00,3637.42321,N,12727.33673,E,2,12,68.3
2026-05-15 01:47:26,164726.00,3637.42304,N,12727.33714,E,2,12,68.4
2026-05-15 01:47:27,164727.00,3637.42293,N,12727.33750,E,2,12,68.4
2026-05-15 01:47:29,164729.00,3637.42275,N,12727.33773,E,2,12,68.5
2026-05-15 01:47:30,164730.00,3637.42277,N,12727.33782,E,2,12,68.6
2026-05-15 01:47:31,164731.00,3637.42297,N,12727.33749,E,2,12,68.0
2026-05-15 01:47:33,164733.00,3637.42373,N,12727.33671,E,2,12,67.8
2026-05-15 01:47:34,164734.00,3637.42426,N,12727.33616,E,2,12,67.7
2026-05-15 01:47:36,164736.00,3637.42520,N,12727.33563,E,2,12,67.5
2026-05-15 01:47:37,164737.00,3637.42549,N,12727.33505,E,2,12,67.6
2026-05-15 01:47:39,164739.00,3637.42607,N,12727.33380,E,2,12,67.5
2026-05-15 01:47:40,164740.00,3637.42645,N,12727.33332,E,2,12,67.3
2026-05-15 01:47:41,164741.00,3637.42690,N,12727.33303,E,2,12,67.4
2026-05-15 01:47:42,164742.00,3637.42743,N,12727.33321,E,2,12,67.4
2026-05-15 01:47:44,164744.00,3637.42860,N,12727.33368,E,2,12,67.3
2026-05-15 01:47:45,164745.00,3637.42910,N,12727.33380,E,2,12,66.9
2026-05-15 01:47:46,164746.00,3637.42951,N,12727.33404,E,2,12,66.8
2026-05-15 01:47:47,164747.00,3637.43000,N,12727.33437,E,2,12,66.6
2026-05-15 01:47:49,164749.00,3637.43107,N,12727.33553,E,2,12,66.5
2026-05-15 01:47:50,164750.00,3637.43167,N,12727.33595,E,2,12,66.2
2026-05-15 01:47:52,164752.00,3637.43265,N,12727.33663,E,2,12,65.9
2026-05-15 01:47:53,164753.00,3637.43311,N,12727.33705,E,2,12,65.8
2026-05-15 01:47:55,164755.00,3637.43414,N,12727.33798,E,2,12,66.0
2026-05-15 01:47:56,164756.00,3637.43467,N,12727.33836,E,2,12,66.4
2026-05-15 01:47:58,164758.00,3637.43559,N,12727.33892,E,2,12,66.5
2026-05-15 01:48:00,164800.00,3637.43670,N,12727.33981,E,2,12,66.5
2026-05-15 01:48:02,164802.00,3637.43796,N,12727.34063,E,2,12,66.8
2026-05-15 01:48:04,164804.00,3637.43901,N,12727.34121,E,2,12,67.0
2026-05-15 01:48:05,164805.00,3637.43946,N,12727.34150,E,2,12,67.2
2026-05-15 01:48:06,164806.00,3637.43994,N,12727.34192,E,2,12,67.4
2026-05-15 01:48:08,164808.00,3637.44098,N,12727.34274,E,2,12,67.6
2026-05-15 01:48:09,164809.00,3637.44144,N,12727.34311,E,2,12,67.5
2026-05-15 01:48:11,164811.00,3637.44230,N,12727.34393,E,2,12,67.5
2026-05-15 01:48:13,164813.00,3637.44339,N,12727.34483,E,2,12,67.8
2026-05-15 01:48:14,164814.00,3637.44395,N,12727.34526,E,2,12,67.9
2026-05-15 01:48:15,164815.00,3637.44451,N,12727.34558,E,2,12,67.9
2026-05-15 01:48:17,164817.00,3637.44561,N,12727.34618,E,2,12,68.3
2026-05-15 01:48:18,164818.00,3637.44619,N,12727.34661,E,2,12,68.2
2026-05-15 01:48:20,164820.00,3637.44722,N,12727.34762,E,2,12,68.3
2026-05-15 01:48:22,164822.00,3637.44825,N,12727.34864,E,2,12,68.3
2026-05-15 01:48:24,164824.00,3637.44929,N,12727.34924,E,2,12,68.1
2026-05-15 01:48:25,164825.00,3637.44979,N,12727.34965,E,2,12,68.3
2026-05-15 01:48:26,164826.00,3637.45030,N,12727.35007,E,2,12,68.4
2026-05-15 01:48:28,164828.00,3637.45135,N,12727.35100,E,2,12,68.6
2026-05-15 01:48:29,164829.00,3637.45187,N,12727.35127,E,2,12,68.5
2026-05-15 01:48:30,164830.00,3637.45237,N,12727.35153,E,2,12,68.4
2026-05-15 01:48:31,164831.00,3637.45290,N,12727.35195,E,2,12,68.3
2026-05-15 01:48:33,164833.00,3637.45390,N,12727.35297,E,2,12,68.3
2026-05-15 01:48:34,164834.00,3637.45446,N,12727.35344,E,2,12,68.3
2026-05-15 01:48:36,164836.00,3637.45534,N,12727.35413,E,2,12,68.5
2026-05-15 01:48:38,164838.00,3637.45636,N,12727.35510,E,2,12,68.5
2026-05-15 01:48:40,164840.00,3637.45732,N,12727.35601,E,2,12,68.8
2026-05-15 01:48:41,164841.00,3637.45781,N,12727.35616,E,2,12,68.6
2026-05-15 01:48:42,164842.00,3637.45823,N,12727.35642,E,2,12,68.6
2026-05-15 01:48:44,164844.00,3637.45923,N,12727.35733,E,2,12,68.6
2026-05-15 01:48:46,164846.00,3637.46029,N,12727.35824,E,2,12,68.7
2026-05-15 01:48:47,164847.00,3637.46073,N,12727.35847,E,2,12,68.6
2026-05-15 01:48:48,164848.00,3637.46117,N,12727.35868,E,2,12,68.6
2026-05-15 01:48:50,164850.00,3637.46227,N,12727.35948,E,2,12,68.6
2026-05-15 01:48:52,164852.00,3637.46339,N,12727.36049,E,2,12,68.8
2026-05-15 01:48:54,164854.00,3637.46434,N,12727.36102,E,2,12,68.2
2026-05-15 01:48:56,164856.00,3637.46524,N,12727.36201,E,2,12,68.1
2026-05-15 01:48:58,164858.00,3637.46632,N,12727.36294,E,2,12,68.1
2026-05-15 01:48:59,164859.00,3637.46680,N,12727.36324,E,2,12,68.0
2026-05-15 01:49:00,164900.00,3637.46719,N,12727.36356,E,2,12,67.9
2026-05-15 01:49:02,164902.00,3637.46819,N,12727.36431,E,2,12,68.2
2026-05-15 01:49:04,164904.00,3637.46935,N,12727.36484,E,2,12,68.2
2026-05-15 01:49:05,164905.00,3637.46964,N,12727.36504,E,2,12,68.3
2026-05-15 01:49:06,164906.00,3637.46966,N,12727.36508,E,2,12,68.3
2026-05-15 01:49:07,164907.00,3637.46965,N,12727.36506,E,2,12,68.5
2026-05-15 01:49:08,164908.00,3637.46968,N,12727.36504,E,2,12,68.5
2026-05-15 01:49:10,164910.00,3637.46996,N,12727.36535,E,2,12,68.5
2026-05-15 01:49:11,164911.00,3637.47000,N,12727.36548,E,2,12,68.3
2026-05-15 01:49:12,164912.00,3637.46997,N,12727.36551,E,2,12,68.4
2026-05-15 01:49:14,164914.00,3637.46984,N,12727.36559,E,2,12,68.7
2026-05-15 01:49:16,164916.00,3637.46984,N,12727.36568,E,2,12,68.6
2026-05-15 01:49:18,164918.00,3637.47020,N,12727.36626,E,2,12,68.9
2026-05-15 01:49:20,164920.00,3637.47086,N,12727.36687,E,2,12,69.0
2026-05-15 01:49:21,164921.00,3637.47117,N,12727.36723,E,2,12,69.0
2026-05-15 01:49:22,164922.00,3637.47164,N,12727.36755,E,2,12,69.0
2026-05-15 01:49:24,164924.00,3637.47240,N,12727.36818,E,2,12,68.8
2026-05-15 01:49:25,164925.00,3637.47284,N,12727.36854,E,2,12,68.8
2026-05-15 01:49:26,164926.00,3637.47327,N,12727.36871,E,2,12,68.9
2026-05-15 01:49:27,164927.00,3637.47352,N,12727.36889,E,2,12,68.7
2026-05-15 01:49:29,164929.00,3637.47420,N,12727.36936,E,2,12,68.6
2026-05-15 01:49:30,164930.00,3637.47467,N,12727.36967,E,2,12,68.5
2026-05-15 01:49:31,164931.00,3637.47510,N,12727.37012,E,2,12,68.6
2026-05-15 01:49:33,164933.00,3637.47593,N,12727.37073,E,2,12,68.6
2026-05-15 01:49:35,164935.00,3637.47681,N,12727.37146,E,2,12,68.7
2026-05-15 01:49:37,164937.00,3637.47776,N,12727.37228,E,2,12,68.8
2026-05-15 01:49:38,164938.00,3637.47826,N,12727.37263,E,2,12,68.7
2026-05-15 01:49:40,164940.00,3637.47917,N,12727.37326,E,2,12,68.6
2026-05-15 01:49:41,164941.00,3637.47965,N,12727.37370,E,2,12,68.5
2026-05-15 01:49:43,164943.00,3637.48061,N,12727.37447,E,2,12,68.5
2026-05-15 01:49:45,164945.00,3637.48137,N,12727.37511,E,2,12,68.5
2026-05-15 01:49:46,164946.00,3637.48188,N,12727.37549,E,2,12,68.5
2026-05-15 01:49:48,164948.00,3637.48289,N,12727.37638,E,2,12,68.6
2026-05-15 01:49:49,164949.00,3637.48346,N,12727.37664,E,2,12,68.6
2026-05-15 01:49:50,164950.00,3637.48395,N,12727.37690,E,2,12,68.5
2026-05-15 01:49:52,164952.00,3637.48480,N,12727.37789,E,2,12,68.7
2026-05-15 01:49:54,164954.00,3637.48580,N,12727.37855,E,2,12,69.0
2026-05-15 01:49:56,164956.00,3637.48674,N,12727.37929,E,2,12,69.0
2026-05-15 01:49:58,164958.00,3637.48777,N,12727.38012,E,2,12,69.2
2026-05-15 01:49:59,164959.00,3637.48820,N,12727.38045,E,2,12,69.3
2026-05-15 01:50:01,165001.00,3637.48913,N,12727.38141,E,2,12,69.4
2026-05-15 01:50:02,165002.00,3637.48959,N,12727.38188,E,2,12,69.8
2026-05-15 01:50:04,165004.00,3637.49052,N,12727.38253,E,2,12,69.9
2026-05-15 01:50:05,165005.00,3637.49098,N,12727.38297,E,2,12,70.0
2026-05-15 01:50:07,165007.00,3637.49184,N,12727.38379,E,2,12,70.0
2026-05-15 01:50:08,165008.00,3637.49229,N,12727.38413,E,2,12,69.9
2026-05-15 01:50:10,165010.00,3637.49326,N,12727.38506,E,2,12,70.0
2026-05-15 01:50:12,165012.00,3637.49420,N,12727.38598,E,2,12,69.8
2026-05-15 01:50:13,165013.00,3637.49454,N,12727.38639,E,2,12,70.0
2026-05-15 01:50:15,165015.00,3637.49558,N,12727.38728,E,2,12,70.0
2026-05-15 01:50:17,165017.00,3637.49653,N,12727.38809,E,2,12,69.8
2026-05-15 01:50:19,165019.00,3637.49739,N,12727.38896,E,2,12,70.1
2026-05-15 01:50:21,165021.00,3637.49837,N,12727.38969,E,2,12,70.2
2026-05-15 01:50:23,165023.00,3637.49923,N,12727.39046,E,2,12,70.1
2026-05-15 01:50:25,165025.00,3637.50000,N,12727.39164,E,2,12,70.0
2026-05-15 01:50:26,165026.00,3637.50030,N,12727.39240,E,2,12,69.9
2026-05-15 01:50:27,165027.00,3637.50056,N,12727.39321,E,2,12,69.8
2026-05-15 01:50:29,165029.00,3637.50078,N,12727.39472,E,2,12,69.8
2026-05-15 01:50:30,165030.00,3637.50073,N,12727.39540,E,2,12,70.0
2026-05-15 01:50:31,165031.00,3637.50068,N,12727.39624,E,2,12,70.1
2026-05-15 01:50:33,165033.00,3637.50077,N,12727.39778,E,2,12,70.4
2026-05-15 01:50:35,165035.00,3637.50109,N,12727.39910,E,2,12,70.6
2026-05-15 01:50:37,165037.00,3637.50097,N,12727.40063,E,2,12,70.9
2026-05-15 01:50:39,165039.00,3637.50088,N,12727.40194,E,2,12,71.3
2026-05-15 01:50:41,165041.00,3637.50046,N,12727.40327,E,2,12,71.6
2026-05-15 01:50:43,165043.00,3637.50013,N,12727.40447,E,2,12,72.0
2026-05-15 01:50:45,165045.00,3637.49967,N,12727.40572,E,2,12,72.5
2026-05-15 01:50:47,165047.00,3637.49936,N,12727.40671,E,2,12,72.8
2026-05-15 01:50:48,165048.00,3637.49913,N,12727.40725,E,2,12,72.9
2026-05-15 01:50:49,165049.00,3637.49886,N,12727.40790,E,2,12,73.2
2026-05-15 01:50:51,165051.00,3637.49838,N,12727.40888,E,2,12,73.7
2026-05-15 01:50:53,165053.00,3637.49764,N,12727.40995,E,2,12,74.0
2026-05-15 01:50:55,165055.00,3637.49707,N,12727.41095,E,2,12,74.1
2026-05-15 01:50:56,165056.00,3637.49671,N,12727.41155,E,2,12,74.1
2026-05-15 01:50:58,165058.00,3637.49626,N,12727.41255,E,2,12,74.3
2026-05-15 01:50:59,165059.00,3637.49600,N,12727.41304,E,2,12,74.5
2026-05-15 01:51:01,165101.00,3637.49534,N,12727.41411,E,2,12,74.9
2026-05-15 01:51:02,165102.00,3637.49511,N,12727.41470,E,2,12,74.9
2026-05-15 01:51:04,165104.00,3637.49461,N,12727.41586,E,2,12,74.8
2026-05-15 01:51:05,165105.00,3637.49422,N,12727.41652,E,2,12,74.7
2026-05-15 01:51:07,165107.00,3637.49366,N,12727.41780,E,2,12,74.6
2026-05-15 01:51:09,165109.00,3637.49321,N,12727.41884,E,2,12,74.9
2026-05-15 01:51:10,165110.00,3637.49287,N,12727.41941,E,2,12,74.9
2026-05-15 01:51:11,165111.00,3637.49256,N,12727.42001,E,2,12,74.9
2026-05-15 01:51:13,165113.00,3637.49195,N,12727.42117,E,2,12,74.9
2026-05-15 01:51:15,165115.00,3637.49146,N,12727.42227,E,2,12,75.2
2026-05-15 01:51:17,165117.00,3637.49078,N,12727.42355,E,2,12,75.3
2026-05-15 01:51:19,165119.00,3637.49027,N,12727.42475,E,2,12,75.1
2026-05-15 01:51:21,165121.00,3637.48958,N,12727.42578,E,2,12,75.3
2026-05-15 01:51:23,165123.00,3637.48857,N,12727.42697,E,2,12,76.0
2026-05-15 01:51:25,165125.00,3637.48792,N,12727.42820,E,2,12,75.9
2026-05-15 01:51:26,165126.00,3637.48755,N,12727.42867,E,2,12,76.2
2026-05-15 01:51:27,165127.00,3637.48712,N,12727.42913,E,2,12,76.2
2026-05-15 01:51:29,165129.00,3637.48632,N,12727.43035,E,2,12,76.5
2026-05-15 01:51:30,165130.00,3637.48608,N,12727.43108,E,2,12,76.3
2026-05-15 01:51:32,165132.00,3637.48578,N,12727.43236,E,2,12,76.1
2026-05-15 01:51:33,165133.00,3637.48551,N,12727.43297,E,2,12,76.1
2026-05-15 01:51:34,165134.00,3637.48521,N,12727.43367,E,2,12,75.9
2026-05-15 01:51:36,165136.00,3637.48478,N,12727.43515,E,2,12,76.0
2026-05-15 01:51:38,165138.00,3637.48444,N,12727.43640,E,2,12,76.0
2026-05-15 01:51:39,165139.00,3637.48414,N,12727.43706,E,2,12,75.7
2026-05-15 01:51:41,165141.00,3637.48355,N,12727.43848,E,2,12,75.7
2026-05-15 01:51:42,165142.00,3637.48334,N,12727.43917,E,2,12,75.6
2026-05-15 01:51:44,165144.00,3637.48278,N,12727.44033,E,2,12,75.5
2026-05-15 01:51:45,165145.00,3637.48245,N,12727.44093,E,2,12,75.4
2026-05-15 01:51:47,165147.00,3637.48184,N,12727.44230,E,2,12,75.3
2026-05-15 01:51:49,165149.00,3637.48133,N,12727.44350,E,2,12,75.3
2026-05-15 01:51:50,165150.00,3637.48089,N,12727.44406,E,2,12,75.2
2026-05-15 01:51:52,165152.00,3637.48009,N,12727.44538,E,2,12,75.2
2026-05-15 01:51:53,165153.00,3637.47978,N,12727.44612,E,2,12,75.2
2026-05-15 01:51:54,165154.00,3637.47951,N,12727.44676,E,2,12,75.1
2026-05-15 01:51:56,165156.00,3637.47884,N,12727.44784,E,2,12,75.1
2026-05-15 01:51:58,165158.00,3637.47794,N,12727.44906,E,2,12,75.3
2026-05-15 01:51:59,165159.00,3637.47759,N,12727.44974,E,2,12,75.4
2026-05-15 01:52:01,165201.00,3637.47698,N,12727.45088,E,2,12,75.2
2026-05-15 01:52:03,165203.00,3637.47605,N,12727.45189,E,2,12,75.3
2026-05-15 01:52:05,165205.00,3637.47516,N,12727.45314,E,2,12,75.8
2026-05-15 01:52:07,165207.00,3637.47459,N,12727.45436,E,2,12,75.6
2026-05-15 01:52:08,165208.00,3637.47429,N,12727.45493,E,2,12,75.8
2026-05-15 01:52:10,165210.00,3637.47353,N,12727.45611,E,2,12,75.5
2026-05-15 01:52:12,165212.00,3637.47277,N,12727.45720,E,2,12,75.3
2026-05-15 01:52:13,165213.00,3637.47252,N,12727.45776,E,2,12,75.2
2026-05-15 01:52:15,165215.00,3637.47177,N,12727.45885,E,2,12,75.3
2026-05-15 01:52:16,165216.00,3637.47131,N,12727.45943,E,2,12,75.2
2026-05-15 01:52:17,165217.00,3637.47090,N,12727.46001,E,2,12,75.2
2026-05-15 01:52:19,165219.00,3637.47010,N,12727.46126,E,2,12,75.2
2026-05-15 01:52:20,165220.00,3637.46974,N,12727.46180,E,2,12,75.1
2026-05-15 01:52:22,165222.00,3637.46879,N,12727.46272,E,2,12,75.1
2026-05-15 01:52:24,165224.00,3637.46781,N,12727.46366,E,2,12,75.2
2026-05-15 01:52:26,165226.00,3637.46708,N,12727.46487,E,2,12,74.9
2026-05-15 01:52:28,165228.00,3637.46663,N,12727.46594,E,2,12,74.8
2026-05-15 01:52:29,165229.00,3637.46620,N,12727.46648,E,2,12,74.6
2026-05-15 01:52:30,165230.00,3637.46570,N,12727.46706,E,2,12,74.7
2026-05-15 01:52:32,165232.00,3637.46487,N,12727.46832,E,2,12,74.8
2026-05-15 01:52:33,165233.00,3637.46463,N,12727.46889,E,2,12,74.6
2026-05-15 01:52:35,165235.00,3637.46392,N,12727.46989,E,2,12,74.8
2026-05-15 01:52:37,165237.00,3637.46308,N,12727.47123,E,2,12,74.9
2026-05-15 01:52:38,165238.00,3637.46270,N,12727.47198,E,2,12,75.1
2026-05-15 01:52:39,165239.00,3637.46238,N,12727.47267,E,2,12,75.2
2026-05-15 01:52:41,165241.00,3637.46177,N,12727.47380,E,2,12,75.0
2026-05-15 01:52:43,165243.00,3637.46104,N,12727.47510,E,2,12,75.0
2026-05-15 01:52:44,165244.00,3637.46064,N,12727.47585,E,2,12,75.1
2026-05-15 01:52:46,165246.00,3637.45993,N,12727.47743,E,2,12,75.5
2026-05-15 01:52:47,165247.00,3637.45969,N,12727.47811,E,2,12,75.4
2026-05-15 01:52:49,165249.00,3637.45929,N,12727.47932,E,2,12,75.1
2026-05-15 01:52:50,165250.00,3637.45894,N,12727.47999,E,2,12,75.0
2026-05-15 01:52:52,165252.00,3637.45804,N,12727.48136,E,2,12,75.1
2026-05-15 01:52:53,165253.00,3637.45760,N,12727.48210,E,2,12,75.3
2026-05-15 01:52:54,165254.00,3637.45726,N,12727.48275,E,2,12,75.2
2026-05-15 01:52:56,165256.00,3637.45662,N,12727.48393,E,2,12,75.3
2026-05-15 01:52:58,165258.00,3637.45581,N,12727.48524,E,2,12,75.4
2026-05-15 01:53:00,165300.00,3637.45514,N,12727.48657,E,2,12,75.2
2026-05-15 01:53:01,165301.00,3637.45474,N,12727.48713,E,2,12,74.7
2026-05-15 01:53:03,165303.00,3637.45384,N,12727.48829,E,2,12,74.7
2026-05-15 01:53:05,165305.00,3637.45282,N,12727.48938,E,2,12,75.1
2026-05-15 01:53:07,165307.00,3637.45211,N,12727.49071,E,2,12,75.5
2026-05-15 01:53:08,165308.00,3637.45180,N,12727.49123,E,2,12,75.5
2026-05-15 01:53:09,165309.00,3637.45167,N,12727.49178,E,2,12,75.5
2026-05-15 01:53:11,165311.00,3637.45136,N,12727.49329,E,2,12,75.5
2026-05-15 01:53:13,165313.00,3637.45098,N,12727.49501,E,2,12,74.9
2026-05-15 01:53:14,165314.00,3637.45084,N,12727.49583,E,2,12,74.6
2026-05-15 01:53:16,165316.00,3637.45044,N,12727.49726,E,2,12,74.4
2026-05-15 01:53:18,165318.00,3637.45046,N,12727.49911,E,2,12,75.6
2026-05-15 01:53:20,165320.00,3637.45028,N,12727.50088,E,2,12,76.3
2026-05-15 01:53:21,165321.00,3637.45013,N,12727.50166,E,2,12,76.1
2026-05-15 01:53:22,165322.00,3637.45002,N,12727.50243,E,2,12,76.0
2026-05-15 01:53:24,165324.00,3637.44956,N,12727.50368,E,2,12,76.0
2026-05-15 01:53:25,165325.00,3637.44938,N,12727.50444,E,2,12,76.0
2026-05-15 01:53:27,165327.00,3637.44901,N,12727.50604,E,2,12,76.2
2026-05-15 01:53:29,165329.00,3637.44881,N,12727.50750,E,2,12,76.0
2026-05-15 01:53:31,165331.00,3637.44848,N,12727.50886,E,2,12,75.9
2026-05-15 01:53:32,165332.00,3637.44825,N,12727.50961,E,2,12,75.9
2026-05-15 01:53:33,165333.00,3637.44806,N,12727.51038,E,2,12,76.2
2026-05-15 01:53:35,165335.00,3637.44765,N,12727.51166,E,2,12,76.3
2026-05-15 01:53:37,165337.00,3637.44712,N,12727.51302,E,2,12,76.8
2026-05-15 01:53:38,165338.00,3637.44694,N,12727.51365,E,2,12,76.7
2026-05-15 01:53:39,165339.00,3637.44676,N,12727.51421,E,2,12,76.9
2026-05-15 01:53:41,165341.00,3637.44610,N,12727.51552,E,2,12,77.1
2026-05-15 01:53:42,165342.00,3637.44579,N,12727.51624,E,2,12,77.4
2026-05-15 01:53:44,165344.00,3637.44531,N,12727.51738,E,2,12,77.7
2026-05-15 01:53:46,165346.00,3637.44453,N,12727.51853,E,2,12,77.5
2026-05-15 01:53:47,165347.00,3637.44427,N,12727.51911,E,2,12,77.6
2026-05-15 01:53:49,165349.00,3637.44377,N,12727.52019,E,2,12,78.1
2026-05-15 01:53:50,165350.00,3637.44353,N,12727.52083,E,2,12,78.3
2026-05-15 01:53:52,165352.00,3637.44295,N,12727.52192,E,2,12,78.3
2026-05-15 01:53:53,165353.00,3637.44265,N,12727.52253,E,2,12,78.4
2026-05-15 01:53:54,165354.00,3637.44236,N,12727.52312,E,2,12,78.4
2026-05-15 01:53:55,165355.00,3637.44206,N,12727.52368,E,2,12,78.5
2026-05-15 01:53:57,165357.00,3637.44146,N,12727.52468,E,2,12,78.5
2026-05-15 01:53:58,165358.00,3637.44122,N,12727.52530,E,2,12,78.6
2026-05-15 01:53:59,165359.00,3637.44100,N,12727.52597,E,2,12,78.9
2026-05-15 01:54:01,165401.00,3637.44031,N,12727.52726,E,2,12,78.9
2026-05-15 01:54:02,165402.00,3637.44007,N,12727.52785,E,2,12,78.8
2026-05-15 01:54:04,165404.00,3637.43953,N,12727.52908,E,2,12,78.8
2026-05-15 01:54:05,165405.00,3637.43924,N,12727.52954,E,2,12,79.0
2026-05-15 01:54:06,165406.00,3637.43895,N,12727.52999,E,2,12,78.9
2026-05-15 01:54:08,165408.00,3637.43824,N,12727.53087,E,2,12,79.3
2026-05-15 01:54:10,165410.00,3637.43746,N,12727.53201,E,2,12,79.4
2026-05-15 01:54:11,165411.00,3637.43717,N,12727.53242,E,2,12,79.4
2026-05-15 01:54:13,165413.00,3637.43662,N,12727.53391,E,2,12,79.8
2026-05-15 01:54:15,165415.00,3637.43573,N,12727.53516,E,2,12,80.0
2026-05-15 01:54:17,165417.00,3637.43515,N,12727.53653,E,2,12,79.5
2026-05-15 01:54:18,165418.00,3637.43483,N,12727.53702,E,2,12,79.9
2026-05-15 01:54:20,165420.00,3637.43399,N,12727.53817,E,2,12,79.8
2026-05-15 01:54:21,165421.00,3637.43357,N,12727.53877,E,2,12,80.0
2026-05-15 01:54:22,165422.00,3637.43324,N,12727.53935,E,2,12,79.8
2026-05-15 01:54:23,165423.00,3637.43301,N,12727.53987,E,2,12,79.6
2026-05-15 01:54:25,165425.00,3637.43244,N,12727.54095,E,2,12,79.7
2026-05-15 01:54:27,165427.00,3637.43162,N,12727.54216,E,2,12,79.7
2026-05-15 01:54:29,165429.00,3637.43083,N,12727.54348,E,2,12,79.4
2026-05-15 01:54:30,165430.00,3637.43041,N,12727.54404,E,2,12,79.3
2026-05-15 01:54:32,165432.00,3637.42975,N,12727.54520,E,2,12,79.5
2026-05-15 01:54:33,165433.00,3637.42938,N,12727.54591,E,2,12,79.2
2026-05-15 01:54:34,165434.00,3637.42897,N,12727.54658,E,2,12,79.4
2026-05-15 01:54:36,165436.00,3637.42827,N,12727.54776,E,2,12,79.3
2026-05-15 01:54:38,165438.00,3637.42776,N,12727.54911,E,2,12,80.5
2026-05-15 01:54:40,165440.00,3637.42732,N,12727.55046,E,2,12,79.8
2026-05-15 01:54:41,165441.00,3637.42718,N,12727.55100,E,2,12,79.7
2026-05-15 01:54:42,165442.00,3637.42694,N,12727.55170,E,2,12,79.9
2026-05-15 01:54:44,165444.00,3637.42645,N,12727.55292,E,2,12,80.3
2026-05-15 01:54:45,165445.00,3637.42632,N,12727.55336,E,2,12,80.6
2026-05-15 01:54:47,165447.00,3637.42626,N,12727.55446,E,2,12,80.6
2026-05-15 01:54:49,165449.00,3637.42636,N,12727.55581,E,2,12,80.8
2026-05-15 01:54:51,165451.00,3637.42671,N,12727.55721,E,2,12,81.5
2026-05-15 01:54:53,165453.00,3637.42729,N,12727.55823,E,2,12,82.5
2026-05-15 01:54:55,165455.00,3637.42796,N,12727.55944,E,2,12,82.2
2026-05-15 01:54:56,165456.00,3637.42838,N,12727.55977,E,2,12,82.1
2026-05-15 01:54:58,165458.00,3637.42946,N,12727.56045,E,2,12,82.1
2026-05-15 01:54:59,165459.00,3637.43000,N,12727.56077,E,2,12,82.4
2026-05-15 01:55:01,165501.00,3637.43099,N,12727.56141,E,2,12,82.4
2026-05-15 01:55:02,165502.00,3637.43144,N,12727.56168,E,2,12,82.7
2026-05-15 01:55:04,165504.00,3637.43214,N,12727.56237,E,2,12,82.8
2026-05-15 01:55:06,165506.00,3637.43300,N,12727.56339,E,2,12,83.5
2026-05-15 01:55:07,165507.00,3637.43330,N,12727.56374,E,2,12,83.9
2026-05-15 01:55:09,165509.00,3637.43411,N,12727.56460,E,2,12,84.0
2026-05-15 01:55:10,165510.00,3637.43454,N,12727.56504,E,2,12,84.0
2026-05-15 01:55:12,165512.00,3637.43532,N,12727.56587,E,2,12,83.8
2026-05-15 01:55:13,165513.00,3637.43579,N,12727.56637,E,2,12,84.0
2026-05-15 01:55:15,165515.00,3637.43666,N,12727.56711,E,2,12,83.7
2026-05-15 01:55:17,165517.00,3637.43753,N,12727.56800,E,2,12,83.4
2026-05-15 01:55:18,165518.00,3637.43803,N,12727.56855,E,2,12,83.5
2026-05-15 01:55:20,165520.00,3637.43904,N,12727.56932,E,2,12,83.4
2026-05-15 01:55:22,165522.00,3637.43973,N,12727.57014,E,2,12,82.9
2026-05-15 01:55:23,165523.00,3637.44024,N,12727.57061,E,2,12,83.0
2026-05-15 01:55:25,165525.00,3637.44127,N,12727.57199,E,2,12,83.3
2026-05-15 01:55:26,165526.00,3637.44170,N,12727.57229,E,2,12,83.0
2026-05-15 01:55:27,165527.00,3637.44216,N,12727.57251,E,2,12,82.9
2026-05-15 01:55:29,165529.00,3637.44309,N,12727.57342,E,2,12,82.8
2026-05-15 01:55:30,165530.00,3637.44357,N,12727.57401,E,2,12,82.8
2026-05-15 01:55:32,165532.00,3637.44453,N,12727.57490,E,2,12,82.4
2026-05-15 01:55:34,165534.00,3637.44542,N,12727.57561,E,2,12,82.6
2026-05-15 01:55:36,165536.00,3637.44631,N,12727.57668,E,2,12,83.0
2026-05-15 01:55:38,165538.00,3637.44726,N,12727.57750,E,2,12,82.7
2026-05-15 01:55:40,165540.00,3637.44802,N,12727.57840,E,2,12,83.3
2026-05-15 01:55:42,165542.00,3637.44884,N,12727.57970,E,2,12,83.2
2026-05-15 01:55:44,165544.00,3637.44991,N,12727.58043,E,2,12,82.8
2026-05-15 01:55:45,165545.00,3637.45032,N,12727.58066,E,2,12,82.5
2026-05-15 01:55:46,165546.00,3637.45077,N,12727.58099,E,2,12,82.5
2026-05-15 01:55:48,165548.00,3637.45165,N,12727.58224,E,2,12,83.3
2026-05-15 01:55:50,165550.00,3637.45267,N,12727.58332,E,2,12,83.1
2026-05-15 01:55:51,165551.00,3637.45311,N,12727.58375,E,2,12,83.0
2026-05-15 01:55:53,165553.00,3637.45416,N,12727.58445,E,2,12,83.1
2026-05-15 01:55:54,165554.00,3637.45461,N,12727.58492,E,2,12,83.4
2026-05-15 01:55:56,165556.00,3637.45545,N,12727.58637,E,2,12,83.5
2026-05-15 01:55:57,165557.00,3637.45593,N,12727.58694,E,2,12,83.4
2026-05-15 01:55:59,165559.00,3637.45684,N,12727.58781,E,2,12,82.8
2026-05-15 01:56:01,165601.00,3637.45790,N,12727.58809,E,2,12,81.8
2026-05-15 01:56:03,165603.00,3637.45876,N,12727.58863,E,2,12,83.4
2026-05-15 01:56:05,165605.00,3637.46023,N,12727.58789,E,2,12,84.5
2026-05-15 01:56:06,165606.00,3637.46094,N,12727.58682,E,2,12,85.0
2026-05-15 01:56:08,165608.00,3637.46298,N,12727.58508,E,2,12,86.0
2026-05-15 01:56:09,165609.00,3637.46490,N,12727.58233,E,2,12,87.4
2026-05-15 01:56:11,165611.00,3637.46581,N,12727.58288,E,2,12,87.2
2026-05-15 01:56:13,165613.00,3637.46626,N,12727.58239,E,2,12,88.1
2026-05-15 01:56:15,165615.00,3637.46825,N,12727.58404,E,2,12,89.6
2026-05-15 01:56:17,165617.00,3637.46853,N,12727.58335,E,2,12,91.6
2026-05-15 01:56:19,165619.00,3637.46903,N,12727.58476,E,2,12,90.1
2026-05-15 01:56:21,165621.00,3637.47010,N,12727.58343,E,1,12,84.8
2026-05-15 01:56:22,165622.00,3637.47058,N,12727.58352,E,1,12,79.6
2026-05-15 01:56:23,165623.00,3637.47028,N,12727.58101,E,1,12,78.3
2026-05-15 01:56:25,165625.00,3637.47013,N,12727.57879,E,1,12,78.6
2026-05-15 01:56:27,165627.00,3637.46901,N,12727.57660,E,1,12,79.8
2026-05-15 01:56:29,165629.00,3637.46827,N,12727.57522,E,1,12,81.0
2026-05-15 01:56:31,165631.00,3637.46714,N,12727.57446,E,1,12,81.0
2026-05-15 01:56:33,165633.00,3637.46602,N,12727.57388,E,1,12,80.6
2026-05-15 01:56:35,165635.00,3637.46485,N,12727.57304,E,1,12,80.7
2026-05-15 01:56:37,165637.00,3637.46365,N,12727.57194,E,1,12,80.7
2026-05-15 01:56:39,165639.00,3637.46264,N,12727.57117,E,1,12,80.7
2026-05-15 01:56:41,165641.00,3637.46149,N,12727.57027,E,1,12,80.4
2026-05-15 01:56:43,165643.00,3637.46055,N,12727.56905,E,1,12,80.2
2026-05-15 01:56:45,165645.00,3637.45959,N,12727.56819,E,1,12,80.4
2026-05-15 01:56:47,165647.00,3637.45867,N,12727.56730,E,1,12,80.4
2026-05-15 01:56:49,165649.00,3637.45781,N,12727.56599,E,1,12,80.0
2026-05-15 01:56:51,165651.00,3637.45699,N,12727.56472,E,1,12,79.7
2026-05-15 01:56:52,165652.00,3637.45654,N,12727.56414,E,1,12,79.3
2026-05-15 01:56:53,165653.00,3637.45614,N,12727.56363,E,1,12,78.8
2026-05-15 01:56:55,165655.00,3637.45539,N,12727.56239,E,1,12,78.2
2026-05-15 01:56:57,165657.00,3637.45448,N,12727.56073,E,1,12,77.9
2026-05-15 01:56:59,165659.00,3637.45385,N,12727.55944,E,1,12,77.5
2026-05-15 01:57:01,165701.00,3637.45332,N,12727.55816,E,1,12,77.7
2026-05-15 01:57:03,165703.00,3637.45279,N,12727.55636,E,1,12,78.6
2026-05-15 01:57:04,165704.00,3637.45257,N,12727.55545,E,1,12,78.8
2026-05-15 01:57:05,165705.00,3637.45219,N,12727.55469,E,1,12,78.9
2026-05-15 01:57:07,165707.00,3637.45117,N,12727.55398,E,1,12,79.0
2026-05-15 01:57:08,165708.00,3637.45062,N,12727.55400,E,1,12,79.6
2026-05-15 01:57:10,165710.00,3637.44978,N,12727.55468,E,1,12,80.2
2026-05-15 01:57:11,165711.00,3637.44964,N,12727.55537,E,1,12,80.0
2026-05-15 01:57:12,165712.00,3637.44976,N,12727.55607,E,1,12,79.9
2026-05-15 01:57:14,165714.00,3637.45055,N,12727.55686,E,1,12,79.5
2026-05-15 01:57:15,165715.00,3637.45093,N,12727.55725,E,1,12,79.1
2026-05-15 01:57:17,165717.00,3637.45172,N,12727.55840,E,1,12,78.4
2026-05-15 01:57:19,165719.00,3637.45254,N,12727.55931,E,1,12,78.2
2026-05-15 01:57:20,165720.00,3637.45269,N,12727.55942,E,1,12,78.2
2026-05-15 01:57:22,165722.00,3637.45271,N,12727.55938,E,1,12,77.7
2026-05-15 01:57:24,165724.00,3637.45274,N,12727.55935,E,1,12,77.2
2026-05-15 01:57:26,165726.00,3637.45275,N,12727.55936,E,1,12,76.8
2026-05-15 01:57:28,165728.00,3637.45276,N,12727.55932,E,1,12,76.3
2026-05-15 01:57:30,165730.00,3637.45284,N,12727.55946,E,1,12,76.2
2026-05-15 01:57:32,165732.00,3637.45361,N,12727.55997,E,1,12,75.7
2026-05-15 01:57:33,165733.00,3637.45407,N,12727.56010,E,1,12,75.4
2026-05-15 01:57:34,165734.00,3637.45451,N,12727.56049,E,1,12,75.0
2026-05-15 01:57:36,165736.00,3637.45543,N,12727.56154,E,1,12,74.8
2026-05-15 01:57:38,165738.00,3637.45622,N,12727.56278,E,1,12,75.0
2026-05-15 01:57:40,165740.00,3637.45696,N,12727.56388,E,1,12,75.1
2026-05-15 01:57:42,165742.00,3637.45759,N,12727.56535,E,1,12,74.6
2026-05-15 01:57:43,165743.00,3637.45799,N,12727.56613,E,1,12,74.8
2026-05-15 01:57:44,165744.00,3637.45854,N,12727.56678,E,1,12,75.2
2026-05-15 01:57:46,165746.00,3637.45957,N,12727.56759,E,1,12,75.3
2026-05-15 01:57:48,165748.00,3637.46036,N,12727.56826,E,1,12,75.5
2026-05-15 01:57:49,165749.00,3637.46082,N,12727.56882,E,1,12,75.3
2026-05-15 01:57:51,165751.00,3637.46194,N,12727.56978,E,1,12,75.4
2026-05-15 01:57:52,165752.00,3637.46253,N,12727.57017,E,1,12,75.4
2026-05-15 01:57:54,165754.00,3637.46361,N,12727.57092,E,1,12,75.5
2026-05-15 01:57:56,165756.00,3637.46482,N,12727.57155,E,1,12,75.5
2026-05-15 01:57:58,165758.00,3637.46607,N,12727.57247,E,1,12,75.6
2026-05-15 01:57:59,165759.00,3637.46670,N,12727.57287,E,1,12,75.7
2026-05-15 01:58:00,165800.00,3637.46725,N,12727.57319,E,1,12,75.7
2026-05-15 01:58:02,165802.00,3637.46831,N,12727.57367,E,1,12,75.8
2026-05-15 01:58:04,165804.00,3637.46965,N,12727.57432,E,1,12,76.4
2026-05-15 01:58:06,165806.00,3637.47095,N,12727.57514,E,1,12,77.0
2026-05-15 01:58:07,165807.00,3637.47153,N,12727.57519,E,1,12,76.9
2026-05-15 01:58:09,165809.00,3637.47255,N,12727.57524,E,1,12,76.7
2026-05-15 01:58:11,165811.00,3637.47365,N,12727.57582,E,1,12,76.5
2026-05-15 01:58:13,165813.00,3637.47492,N,12727.57694,E,1,12,77.1
2026-05-15 01:58:15,165815.00,3637.47628,N,12727.57756,E,1,12,76.7
2026-05-15 01:58:17,165817.00,3637.47753,N,12727.57778,E,1,12,76.3
2026-05-15 01:58:18,165818.00,3637.47816,N,12727.57799,E,1,12,76.4
2026-05-15 01:58:20,165820.00,3637.47938,N,12727.57839,E,1,12,76.6
2026-05-15 01:58:21,165821.00,3637.48012,N,12727.57842,E,1,12,77.0
2026-05-15 01:58:22,165822.00,3637.48083,N,12727.57829,E,1,12,77.2
2026-05-15 01:58:24,165824.00,3637.48229,N,12727.57789,E,1,12,77.2
2026-05-15 01:58:26,165826.00,3637.48354,N,12727.57743,E,1,12,76.9
2026-05-15 01:58:27,165827.00,3637.48411,N,12727.57730,E,1,12,76.9
2026-05-15 01:58:29,165829.00,3637.48524,N,12727.57701,E,1,12,76.6
2026-05-15 01:58:31,165831.00,3637.48655,N,12727.57670,E,1,12,76.3
2026-05-15 01:58:33,165833.00,3637.48791,N,12727.57646,E,1,12,76.4
2026-05-15 01:58:35,165835.00,3637.48902,N,12727.57607,E,1,12,76.1
2026-05-15 01:58:37,165837.00,3637.48999,N,12727.57574,E,1,12,75.9
2026-05-15 01:58:39,165839.00,3637.49132,N,12727.57549,E,1,12,75.5
2026-05-15 01:58:40,165840.00,3637.49203,N,12727.57532,E,1,12,75.5
2026-05-15 01:58:41,165841.00,3637.49268,N,12727.57513,E,1,12,75.6
2026-05-15 01:58:43,165843.00,3637.49385,N,12727.57471,E,1,12,75.7
2026-05-15 01:58:44,165844.00,3637.49441,N,12727.57460,E,1,12,75.5
2026-05-15 01:58:46,165846.00,3637.49545,N,12727.57424,E,1,12,75.6
2026-05-15 01:58:48,165848.00,3637.49660,N,12727.57419,E,1,12,75.3
2026-05-15 01:58:49,165849.00,3637.49705,N,12727.57411,E,1,12,75.6
2026-05-15 01:58:51,165851.00,3637.49818,N,12727.57371,E,1,12,75.3
2026-05-15 01:58:53,165853.00,3637.49919,N,12727.57335,E,1,12,75.1
2026-05-15 01:58:55,165855.00,3637.50032,N,12727.57339,E,1,12,75.1
2026-05-15 01:58:56,165856.00,3637.50089,N,12727.57361,E,1,12,74.9
2026-05-15 01:58:57,165857.00,3637.50144,N,12727.57372,E,1,12,74.8
2026-05-15 01:58:59,165859.00,3637.50272,N,12727.57384,E,1,12,74.8
2026-05-15 01:59:00,165900.00,3637.50350,N,12727.57373,E,1,12,74.9
2026-05-15 01:59:02,165902.00,3637.50478,N,12727.57359,E,1,12,74.7
2026-05-15 01:59:04,165904.00,3637.50584,N,12727.57367,E,1,12,74.7
2026-05-15 01:59:05,165905.00,3637.50642,N,12727.57377,E,1,12,74.1
2026-05-15 01:59:07,165907.00,3637.50766,N,12727.57414,E,1,12,73.6
2026-05-15 01:59:08,165908.00,3637.50831,N,12727.57436,E,1,12,73.6
2026-05-15 01:59:10,165910.00,3637.50958,N,12727.57427,E,1,12,73.5
2026-05-15 01:59:12,165912.00,3637.51070,N,12727.57405,E,1,12,73.5
2026-05-15 01:59:14,165914.00,3637.51199,N,12727.57420,E,1,12,72.8
2026-05-15 01:59:15,165915.00,3637.51263,N,12727.57437,E,1,12,72.8
2026-05-15 01:59:17,165917.00,3637.51403,N,12727.57464,E,1,12,72.4
2026-05-15 01:59:19,165919.00,3637.51521,N,12727.57471,E,1,12,71.5
2026-05-15 01:59:20,165920.00,3637.51574,N,12727.57474,E,1,12,71.3
2026-05-15 01:59:22,165922.00,3637.51709,N,12727.57480,E,1,12,71.2
2026-05-15 01:59:23,165923.00,3637.51776,N,12727.57492,E,1,12,71.0
2026-05-15 01:59:25,165925.00,3637.51908,N,12727.57517,E,1,12,70.8
2026-05-15 01:59:26,165926.00,3637.51975,N,12727.57514,E,1,12,70.8
2026-05-15 01:59:28,165928.00,3637.52108,N,12727.57494,E,1,12,70.2
2026-05-15 01:59:29,165929.00,3637.52164,N,12727.57490,E,1,12,70.0
2026-05-15 01:59:31,165931.00,3637.52286,N,12727.57494,E,1,12,69.8
2026-05-15 01:59:32,165932.00,3637.52353,N,12727.57505,E,1,12,69.5
2026-05-15 01:59:33,165933.00,3637.52424,N,12727.57523,E,1,12,69.2
2026-05-15 01:59:34,165934.00,3637.52494,N,12727.57535,E,1,12,69.2
2026-05-15 01:59:35,165935.00,3637.52568,N,12727.57551,E,1,12,69.2
2026-05-15 01:59:37,165937.00,3637.52714,N,12727.57568,E,1,12,69.3
2026-05-15 01:59:38,165938.00,3637.52787,N,12727.57564,E,1,12,69.1
2026-05-15 01:59:39,165939.00,3637.52850,N,12727.57560,E,1,12,68.9
2026-05-15 01:59:41,165941.00,3637.52964,N,12727.57556,E,1,12,68.5
2026-05-15 01:59:43,165943.00,3637.53074,N,12727.57571,E,1,12,68.4
2026-05-15 01:59:45,165945.00,3637.53206,N,12727.57582,E,1,12,68.1
2026-05-15 01:59:46,165946.00,3637.53271,N,12727.57588,E,1,12,67.9
2026-05-15 01:59:48,165948.00,3637.53398,N,12727.57618,E,1,12,68.7
2026-05-15 01:59:50,165950.00,3637.53528,N,12727.57624,E,1,12,68.5
2026-05-15 01:59:52,165952.00,3637.53638,N,12727.57629,E,1,12,68.4
2026-05-15 01:59:53,165953.00,3637.53693,N,12727.57634,E,1,12,68.5
2026-05-15 01:59:54,165954.00,3637.53756,N,12727.57635,E,1,12,68.3
2026-05-15 01:59:55,165955.00,3637.53820,N,12727.57637,E,1,12,68.1
2026-05-15 01:59:56,165956.00,3637.53878,N,12727.57639,E,1,12,68.2
2026-05-15 01:59:58,165958.00,3637.53999,N,12727.57636,E,1,12,68.5
2026-05-15 02:00:00,170000.00,3637.54092,N,12727.57609,E,1,12,68.6
2026-05-15 02:00:01,170001.00,3637.54139,N,12727.57593,E,1,12,68.6
2026-05-15 02:00:03,170003.00,3637.54266,N,12727.57604,E,1,12,68.7
2026-05-15 02:00:04,170004.00,3637.54326,N,12727.57616,E,1,12,68.5
2026-05-15 02:00:06,170006.00,3637.54459,N,12727.57641,E,1,12,69.2
2026-05-15 02:00:08,170008.00,3637.54582,N,12727.57709,E,1,12,69.2
2026-05-15 02:00:09,170009.00,3637.54640,N,12727.57736,E,1,12,69.2
2026-05-15 02:00:11,170011.00,3637.54746,N,12727.57807,E,1,12,69.2
2026-05-15 02:00:12,170012.00,3637.54793,N,12727.57863,E,1,12,69.1
2026-05-15 02:00:14,170014.00,3637.54901,N,12727.57965,E,1,12,69.4
2026-05-15 02:00:15,170015.00,3637.54953,N,12727.58009,E,1,12,69.3
2026-05-15 02:00:17,170017.00,3637.55068,N,12727.58083,E,1,12,69.1
2026-05-15 02:00:19,170019.00,3637.55171,N,12727.58147,E,1,12,69.2
2026-05-15 02:00:20,170020.00,3637.55220,N,12727.58194,E,1,12,69.1
2026-05-15 02:00:22,170022.00,3637.55331,N,12727.58318,E,1,12,69.5
2026-05-15 02:00:23,170023.00,3637.55388,N,12727.58378,E,1,12,69.7
2026-05-15 02:00:25,170025.00,3637.55504,N,12727.58478,E,1,12,69.7
2026-05-15 02:00:26,170026.00,3637.55554,N,12727.58508,E,1,12,69.2
2026-05-15 02:00:28,170028.00,3637.55652,N,12727.58557,E,1,12,68.6
2026-05-15 02:00:29,170029.00,3637.55703,N,12727.58596,E,1,12,68.3
2026-05-15 02:00:31,170031.00,3637.55799,N,12727.58698,E,1,12,67.8
2026-05-15 02:00:32,170032.00,3637.55852,N,12727.58756,E,1,12,67.9
2026-05-15 02:00:34,170034.00,3637.55971,N,12727.58842,E,1,12,67.9
2026-05-15 02:00:36,170036.00,3637.56082,N,12727.58903,E,1,12,67.5
2026-05-15 02:00:38,170038.00,3637.56191,N,12727.58976,E,1,12,67.3
2026-05-15 02:00:40,170040.00,3637.56294,N,12727.59042,E,1,12,67.0
2026-05-15 02:00:41,170041.00,3637.56328,N,12727.59060,E,1,12,67.1
2026-05-15 02:00:43,170043.00,3637.56379,N,12727.59117,E,1,12,67.0
2026-05-15 02:00:45,170045.00,3637.56459,N,12727.59173,E,1,12,66.8
2026-05-15 02:00:47,170047.00,3637.56546,N,12727.59257,E,1,12,66.9
2026-05-15 02:00:49,170049.00,3637.56644,N,12727.59296,E,1,12,66.6
2026-05-15 02:00:50,170050.00,3637.56699,N,12727.59290,E,1,12,66.5
2026-05-15 02:00:52,170052.00,3637.56797,N,12727.59263,E,1,12,66.3
2026-05-15 02:00:53,170053.00,3637.56839,N,12727.59232,E,1,12,66.2
2026-05-15 02:00:55,170055.00,3637.56921,N,12727.59148,E,1,12,66.3
2026-05-15 02:00:57,170057.00,3637.57006,N,12727.59028,E,1,12,66.4
2026-05-15 02:00:59,170059.00,3637.57047,N,12727.58900,E,1,12,66.4
2026-05-15 02:01:01,170101.00,3637.57105,N,12727.58780,E,1,12,66.1
2026-05-15 02:01:02,170102.00,3637.57137,N,12727.58715,E,1,12,66.3
2026-05-15 02:01:04,170104.00,3637.57192,N,12727.58594,E,1,12,66.0
2026-05-15 02:01:06,170106.00,3637.57268,N,12727.58499,E,1,12,65.6
2026-05-15 02:01:07,170107.00,3637.57324,N,12727.58460,E,1,12,65.7
2026-05-15 02:01:08,170108.00,3637.57383,N,12727.58417,E,1,12,65.7
2026-05-15 02:01:10,170110.00,3637.57481,N,12727.58273,E,1,12,66.0
2026-05-15 02:01:11,170111.00,3637.57522,N,12727.58208,E,1,12,65.9
2026-05-15 02:01:13,170113.00,3637.57595,N,12727.58099,E,1,12,65.5
2026-05-15 02:01:14,170114.00,3637.57632,N,12727.58034,E,1,12,65.4
2026-05-15 02:01:16,170116.00,3637.57725,N,12727.57900,E,1,12,65.3
2026-05-15 02:01:18,170118.00,3637.57796,N,12727.57762,E,1,12,65.2
2026-05-15 02:01:20,170120.00,3637.57844,N,12727.57637,E,1,12,65.0
2026-05-15 02:01:22,170122.00,3637.57923,N,12727.57520,E,1,12,64.8
2026-05-15 02:01:23,170123.00,3637.57962,N,12727.57473,E,1,12,64.7
2026-05-15 02:01:24,170124.00,3637.57989,N,12727.57427,E,1,12,64.7
2026-05-15 02:01:26,170126.00,3637.58036,N,12727.57351,E,1,12,64.5
2026-05-15 02:01:28,170128.00,3637.58108,N,12727.57254,E,1,12,64.5
2026-05-15 02:01:30,170130.00,3637.58223,N,12727.57134,E,1,12,64.9
2026-05-15 02:01:32,170132.00,3637.58292,N,12727.57049,E,1,12,64.7
2026-05-15 02:01:34,170134.00,3637.58386,N,12727.56965,E,1,12,64.5
2026-05-15 02:01:35,170135.00,3637.58439,N,12727.56913,E,1,12,64.5
2026-05-15 02:01:37,170137.00,3637.58526,N,12727.56796,E,1,12,64.7
2026-05-15 02:01:38,170138.00,3637.58554,N,12727.56731,E,1,12,64.6
2026-05-15 02:01:40,170140.00,3637.58618,N,12727.56635,E,1,12,64.5
2026-05-15 02:01:42,170142.00,3637.58718,N,12727.56530,E,1,12,64.5
2026-05-15 02:01:44,170144.00,3637.58796,N,12727.56455,E,1,12,64.1
2026-05-15 02:01:46,170146.00,3637.58907,N,12727.56396,E,1,12,64.0
2026-05-15 02:01:47,170147.00,3637.58959,N,12727.56374,E,1,12,63.7
2026-05-15 02:01:49,170149.00,3637.59054,N,12727.56336,E,1,12,63.6
2026-05-15 02:01:51,170151.00,3637.59151,N,12727.56252,E,1,12,63.4
2026-05-15 02:01:53,170153.00,3637.59241,N,12727.56173,E,1,12,63.0
2026-05-15 02:01:54,170154.00,3637.59285,N,12727.56128,E,1,12,63.0
2026-05-15 02:01:55,170155.00,3637.59334,N,12727.56080,E,1,12,63.0
2026-05-15 02:01:57,170157.00,3637.59439,N,12727.55973,E,1,12,63.3
2026-05-15 02:01:59,170159.00,3637.59518,N,12727.55853,E,1,12,63.0
2026-05-15 02:02:00,170200.00,3637.59545,N,12727.55794,E,1,12,62.9
2026-05-15 02:02:02,170202.00,3637.59599,N,12727.55676,E,1,12,62.7
2026-05-15 02:02:04,170204.00,3637.59674,N,12727.55546,E,1,12,62.4
2026-05-15 02:02:06,170206.00,3637.59752,N,12727.55410,E,1,12,62.3
2026-05-15 02:02:08,170208.00,3637.59827,N,12727.55296,E,1,12,62.3
2026-05-15 02:02:10,170210.00,3637.59913,N,12727.55177,E,1,12,62.1
2026-05-15 02:02:12,170212.00,3637.60020,N,12727.55052,E,1,12,62.1
2026-05-15 02:02:14,170214.00,3637.60101,N,12727.54932,E,1,12,61.9
2026-05-15 02:02:15,170215.00,3637.60131,N,12727.54880,E,1,12,61.8
2026-05-15 02:02:17,170217.00,3637.60229,N,12727.54796,E,1,12,61.8
2026-05-15 02:02:19,170219.00,3637.60349,N,12727.54838,E,1,12,61.8
2026-05-15 02:02:20,170220.00,3637.60409,N,12727.54882,E,1,12,61.9
2026-05-15 02:02:22,170222.00,3637.60518,N,12727.54953,E,1,12,61.8
2026-05-15 02:02:23,170223.00,3637.60567,N,12727.54985,E,1,12,61.9
2026-05-15 02:02:24,170224.00,3637.60615,N,12727.55020,E,1,12,62.1
2026-05-15 02:02:26,170226.00,3637.60718,N,12727.55129,E,1,12,62.2
2026-05-15 02:02:28,170228.00,3637.60821,N,12727.55256,E,1,12,62.8
2026-05-15 02:02:30,170230.00,3637.60906,N,12727.55361,E,1,12,62.9
2026-05-15 02:02:31,170231.00,3637.60945,N,12727.55386,E,1,12,63.0
2026-05-15 02:02:33,170233.00,3637.61038,N,12727.55495,E,1,12,62.9
2026-05-15 02:02:35,170235.00,3637.61138,N,12727.55623,E,1,12,63.6
2026-05-15 02:02:36,170236.00,3637.61189,N,12727.55677,E,1,12,63.8
2026-05-15 02:02:38,170238.00,3637.61279,N,12727.55762,E,1,12,63.4
2026-05-15 02:02:39,170239.00,3637.61324,N,12727.55792,E,1,12,63.5
2026-05-15 02:02:41,170241.00,3637.61425,N,12727.55883,E,1,12,63.5
2026-05-15 02:02:43,170243.00,3637.61525,N,12727.56005,E,1,12,63.8
2026-05-15 02:02:45,170245.00,3637.61635,N,12727.56102,E,1,12,63.6
2026-05-15 02:02:47,170247.00,3637.61729,N,12727.56161,E,1,12,63.5
2026-05-15 02:02:48,170248.00,3637.61781,N,12727.56197,E,1,12,63.5
2026-05-15 02:02:50,170250.00,3637.61883,N,12727.56310,E,1,12,63.7
2026-05-15 02:02:51,170251.00,3637.61934,N,12727.56368,E,1,12,63.8
2026-05-15 02:02:53,170253.00,3637.62039,N,12727.56455,E,1,12,63.6
2026-05-15 02:02:54,170254.00,3637.62085,N,12727.56485,E,1,12,63.6
2026-05-15 02:02:56,170256.00,3637.62189,N,12727.56563,E,1,12,63.5
2026-05-15 02:02:58,170258.00,3637.62298,N,12727.56684,E,1,12,63.9
2026-05-15 02:02:59,170259.00,3637.62358,N,12727.56733,E,1,12,64.2
2026-05-15 02:03:01,170301.00,3637.62463,N,12727.56802,E,1,12,64.0
2026-05-15 02:03:03,170303.00,3637.62558,N,12727.56865,E,1,12,63.9
2026-05-15 02:03:05,170305.00,3637.62663,N,12727.56931,E,1,12,63.9
2026-05-15 02:03:07,170307.00,3637.62777,N,12727.57027,E,1,12,64.0
2026-05-15 02:03:08,170308.00,3637.62825,N,12727.57070,E,1,12,63.8
2026-05-15 02:03:10,170310.00,3637.62917,N,12727.57149,E,1,12,63.9
2026-05-15 02:03:11,170311.00,3637.62962,N,12727.57198,E,1,12,63.9
2026-05-15 02:03:13,170313.00,3637.63063,N,12727.57309,E,1,12,64.2
2026-05-15 02:03:15,170315.00,3637.63162,N,12727.57391,E,1,12,64.2
2026-05-15 02:03:17,170317.00,3637.63247,N,12727.57491,E,1,12,64.4
2026-05-15 02:03:18,170318.00,3637.63295,N,12727.57551,E,2,12,64.5
2026-05-15 02:03:20,170320.00,3637.63408,N,12727.57605,E,2,12,63.9
2026-05-15 02:03:22,170322.00,3637.63497,N,12727.57682,E,2,12,63.9
2026-05-15 02:03:23,170323.00,3637.63538,N,12727.57739,E,2,12,63.9
2026-05-15 02:03:24,170324.00,3637.63593,N,12727.57806,E,2,12,63.9
2026-05-15 02:03:26,170326.00,3637.63708,N,12727.57905,E,2,12,63.8
2026-05-15 02:03:27,170327.00,3637.63763,N,12727.57926,E,2,12,63.5
2026-05-15 02:03:28,170328.00,3637.63818,N,12727.57950,E,2,12,63.3
2026-05-15 02:03:30,170330.00,3637.63923,N,12727.58046,E,2,12,62.9
2026-05-15 02:03:31,170331.00,3637.63970,N,12727.58118,E,2,12,63.1
2026-05-15 02:03:32,170332.00,3637.64022,N,12727.58180,E,2,12,63.2
2026-05-15 02:03:33,170333.00,3637.64072,N,12727.58218,E,2,12,63.0
2026-05-15 02:03:35,170335.00,3637.64149,N,12727.58301,E,2,12,63.1
2026-05-15 02:03:37,170337.00,3637.64235,N,12727.58413,E,2,12,62.7
2026-05-15 02:03:39,170339.00,3637.64355,N,12727.58511,E,2,12,62.8
2026-05-15 02:03:40,170340.00,3637.64409,N,12727.58527,E,2,12,62.5
2026-05-15 02:03:41,170341.00,3637.64455,N,12727.58540,E,2,12,62.4
2026-05-15 02:03:42,170342.00,3637.64508,N,12727.58565,E,2,12,62.3
2026-05-15 02:03:44,170344.00,3637.64613,N,12727.58677,E,2,12,62.2
2026-05-15 02:03:46,170346.00,3637.64716,N,12727.58765,E,2,12,62.0
2026-05-15 02:03:47,170347.00,3637.64758,N,12727.58793,E,2,12,61.9
2026-05-15 02:03:48,170348.00,3637.64796,N,12727.58830,E,2,12,61.9
2026-05-15 02:03:49,170349.00,3637.64836,N,12727.58878,E,2,12,61.9
2026-05-15 02:03:51,170351.00,3637.64925,N,12727.58941,E,2,12,61.9
2026-05-15 02:03:52,170352.00,3637.64966,N,12727.58969,E,2,12,61.8
2026-05-15 02:03:53,170353.00,3637.65014,N,12727.59015,E,2,12,61.9
2026-05-15 02:03:55,170355.00,3637.65115,N,12727.59078,E,2,12,61.8
2026-05-15 02:03:56,170356.00,3637.65141,N,12727.59116,E,2,12,61.9
2026-05-15 02:03:58,170358.00,3637.65210,N,12727.59183,E,2,12,61.7
2026-05-15 02:03:59,170359.00,3637.65228,N,12727.59215,E,2,12,61.6
2026-05-15 02:04:01,170401.00,3637.65296,N,12727.59252,E,2,12,61.2
2026-05-15 02:04:02,170402.00,3637.65307,N,12727.59235,E,2,12,60.9
2026-05-15 02:04:04,170404.00,3637.65309,N,12727.59230,E,2,12,61.0
2026-05-15 02:04:05,170405.00,3637.65306,N,12727.59231,E,2,12,61.2
2026-05-15 02:04:06,170406.00,3637.65306,N,12727.59233,E,2,12,61.2
2026-05-15 02:04:08,170408.00,3637.65304,N,12727.59229,E,2,12,61.2
2026-05-15 02:04:10,170410.00,3637.65304,N,12727.59230,E,2,12,61.2
2026-05-15 02:04:12,170412.00,3637.65307,N,12727.59230,E,2,12,61.4
2026-05-15 02:04:14,170414.00,3637.65308,N,12727.59231,E,2,12,61.5
2026-05-15 02:04:16,170416.00,3637.65314,N,12727.59213,E,2,12,61.4
2026-05-15 02:04:18,170418.00,3637.65319,N,12727.59226,E,2,12,61.8
2026-05-15 02:04:20,170420.00,3637.65310,N,12727.59240,E,2,12,61.9
2026-05-15 02:04:22,170422.00,3637.65318,N,12727.59234,E,2,12,62.1
2026-05-15 02:04:24,170424.00,3637.65349,N,12727.59245,E,2,12,62.4
2026-05-15 02:04:26,170426.00,3637.65432,N,12727.59287,E,2,12,62.0
2026-05-15 02:04:27,170427.00,3637.65460,N,12727.59327,E,2,12,62.3
2026-05-15 02:04:28,170428.00,3637.65492,N,12727.59378,E,2,12,62.4
2026-05-15 02:04:29,170429.00,3637.65529,N,12727.59413,E,2,12,62.2
2026-05-15 02:04:31,170431.00,3637.65592,N,12727.59501,E,2,12,62.2
2026-05-15 02:04:32,170432.00,3637.65629,N,12727.59548,E,2,12,62.2
2026-05-15 02:04:34,170434.00,3637.65700,N,12727.59632,E,2,12,62.2
2026-05-15 02:04:35,170435.00,3637.65727,N,12727.59691,E,2,12,62.4
2026-05-15 02:04:36,170436.00,3637.65768,N,12727.59750,E,2,12,62.6
2026-05-15 02:04:38,170438.00,3637.65857,N,12727.59843,E,2,12,62.9
2026-05-15 02:04:39,170439.00,3637.65897,N,12727.59874,E,2,12,62.9
2026-05-15 02:04:41,170441.00,3637.65998,N,12727.59952,E,2,12,62.9
2026-05-15 02:04:42,170442.00,3637.66055,N,12727.59975,E,2,12,62.9
2026-05-15 02:04:44,170444.00,3637.66157,N,12727.60009,E,2,12,63.0
2026-05-15 02:04:46,170446.00,3637.66270,N,12727.60058,E,2,12,63.0
2026-05-15 02:04:47,170447.00,3637.66328,N,12727.60079,E,2,12,63.1
2026-05-15 02:04:49,170449.00,3637.66428,N,12727.60112,E,2,12,63.1
2026-05-15 02:04:50,170450.00,3637.66478,N,12727.60126,E,2,12,63.1
2026-05-15 02:04:52,170452.00,3637.66593,N,12727.60146,E,2,12,63.2
2026-05-15 02:04:53,170453.00,3637.66654,N,12727.60143,E,2,12,63.3
2026-05-15 02:04:55,170455.00,3637.66760,N,12727.60150,E,2,12,63.5
2026-05-15 02:04:56,170456.00,3637.66824,N,12727.60147,E,2,12,63.5
2026-05-15 02:04:58,170458.00,3637.66940,N,12727.60122,E,2,12,63.1
2026-05-15 02:04:59,170459.00,3637.66999,N,12727.60122,E,2,12,63.3
2026-05-15 02:05:00,170500.00,3637.67061,N,12727.60133,E,2,12,63.3
2026-05-15 02:05:02,170502.00,3637.67173,N,12727.60136,E,2,12,63.7
2026-05-15 02:05:04,170504.00,3637.67283,N,12727.60169,E,2,12,64.0
2026-05-15 02:05:05,170505.00,3637.67336,N,12727.60202,E,2,12,64.2
2026-05-15 02:05:07,170507.00,3637.67437,N,12727.60250,E,2,12,64.2
2026-05-15 02:05:08,170508.00,3637.67479,N,12727.60284,E,2,12,64.3
2026-05-15 02:05:10,170510.00,3637.67574,N,12727.60368,E,2,12,64.4
2026-05-15 02:05:11,170511.00,3637.67623,N,12727.60402,E,2,12,64.2
2026-05-15 02:05:12,170512.00,3637.67672,N,12727.60420,E,2,12,64.2
2026-05-15 02:05:14,170514.00,3637.67780,N,12727.60457,E,2,12,64.1
2026-05-15 02:05:16,170516.00,3637.67903,N,12727.60485,E,2,12,64.2
2026-05-15 02:05:18,170518.00,3637.68018,N,12727.60477,E,2,12,64.0
2026-05-15 02:05:19,170519.00,3637.68078,N,12727.60472,E,2,12,64.2
2026-05-15 02:05:21,170521.00,3637.68210,N,12727.60468,E,2,12,63.9
2026-05-15 02:05:22,170522.00,3637.68276,N,12727.60454,E,2,12,63.8
2026-05-15 02:05:24,170524.00,3637.68385,N,12727.60439,E,2,12,63.7
2026-05-15 02:05:25,170525.00,3637.68446,N,12727.60433,E,2,12,63.5
2026-05-15 02:05:26,170526.00,3637.68508,N,12727.60423,E,2,12,63.4
2026-05-15 02:05:28,170528.00,3637.68626,N,12727.60379,E,2,12,63.4
2026-05-15 02:05:29,170529.00,3637.68672,N,12727.60355,E,2,12,63.4
2026-05-15 02:05:30,170530.00,3637.68720,N,12727.60333,E,2,12,63.4
2026-05-15 02:05:32,170532.00,3637.68821,N,12727.60318,E,2,12,63.5
2026-05-15 02:05:34,170534.00,3637.68859,N,12727.60303,E,2,12,63.4
2026-05-15 02:05:36,170536.00,3637.68878,N,12727.60302,E,2,12,63.3
2026-05-15 02:05:38,170538.00,3637.68967,N,12727.60280,E,2,12,63.1
2026-05-15 02:05:40,170540.00,3637.69092,N,12727.60226,E,2,12,63.1
2026-05-15 02:05:41,170541.00,3637.69146,N,12727.60184,E,2,12,63.0
2026-05-15 02:05:42,170542.00,3637.69193,N,12727.60142,E,2,12,62.7
2026-05-15 02:05:44,170544.00,3637.69285,N,12727.60083,E,2,12,62.7
2026-05-15 02:05:45,170545.00,3637.69348,N,12727.60068,E,2,12,62.5
2026-05-15 02:05:47,170547.00,3637.69477,N,12727.60016,E,2,12,62.7
2026-05-15 02:05:49,170549.00,3637.69576,N,12727.59962,E,2,12,62.2
2026-05-15 02:05:50,170550.00,3637.69621,N,12727.59932,E,2,12,62.3
2026-05-15 02:05:52,170552.00,3637.69744,N,12727.59871,E,2,12,62.5
2026-05-15 02:05:53,170553.00,3637.69807,N,12727.59838,E,2,12,62.5
2026-05-15 02:05:55,170555.00,3637.69913,N,12727.59773,E,2,12,62.3
2026-05-15 02:05:57,170557.00,3637.69991,N,12727.59717,E,2,12,62.0
2026-05-15 02:05:59,170559.00,3637.70101,N,12727.59652,E,2,12,61.9
2026-05-15 02:06:01,170601.00,3637.70213,N,12727.59571,E,2,12,62.1
2026-05-15 02:06:02,170602.00,3637.70256,N,12727.59530,E,2,12,62.0
2026-05-15 02:06:04,170604.00,3637.70344,N,12727.59469,E,2,12,62.1
2026-05-15 02:06:05,170605.00,3637.70392,N,12727.59435,E,2,12,62.0
2026-05-15 02:06:07,170607.00,3637.70492,N,12727.59347,E,2,12,62.2
2026-05-15 02:06:09,170609.00,3637.70579,N,12727.59263,E,2,12,62.3
2026-05-15 02:06:11,170611.00,3637.70666,N,12727.59164,E,2,12,62.3
2026-05-15 02:06:13,170613.00,3637.70753,N,12727.59051,E,2,12,62.8
2026-05-15 02:06:15,170615.00,3637.70821,N,12727.58928,E,2,12,62.7
2026-05-15 02:06:16,170616.00,3637.70861,N,12727.58877,E,2,12,62.7
2026-05-15 02:06:18,170618.00,3637.70939,N,12727.58773,E,2,12,62.7
2026-05-15 02:06:20,170620.00,3637.71028,N,12727.58646,E,2,12,62.8
2026-05-15 02:06:21,170621.00,3637.71063,N,12727.58578,E,2,12,62.8
2026-05-15 02:06:23,170623.00,3637.71130,N,12727.58465,E,2,12,62.6
2026-05-15 02:06:25,170625.00,3637.71201,N,12727.58346,E,2,12,62.6
2026-05-15 02:06:26,170626.00,3637.71240,N,12727.58281,E,2,12,62.5
2026-05-15 02:06:28,170628.00,3637.71306,N,12727.58159,E,2,12,62.3
2026-05-15 02:06:29,170629.00,3637.71330,N,12727.58104,E,2,12,62.1
2026-05-15 02:06:31,170631.00,3637.71371,N,12727.57990,E,2,12,62.0
2026-05-15 02:06:32,170632.00,3637.71398,N,12727.57927,E,2,12,62.2
2026-05-15 02:06:34,170634.00,3637.71469,N,12727.57803,E,2,12,62.2
2026-05-15 02:06:35,170635.00,3637.71508,N,12727.57752,E,2,12,62.3
2026-05-15 02:06:37,170637.00,3637.71589,N,12727.57662,E,2,12,62.4
2026-05-15 02:06:38,170638.00,3637.71636,N,12727.57603,E,2,12,62.4
2026-05-15 02:06:40,170640.00,3637.71733,N,12727.57465,E,2,12,62.6
2026-05-15 02:06:41,170641.00,3637.71767,N,12727.57415,E,2,12,62.8
2026-05-15 02:06:43,170643.00,3637.71828,N,12727.57322,E,2,12,62.8
2026-05-15 02:06:44,170644.00,3637.71858,N,12727.57260,E,2,12,62.7
2026-05-15 02:06:46,170646.00,3637.71915,N,12727.57140,E,2,12,62.7
2026-05-15 02:06:48,170648.00,3637.71964,N,12727.57045,E,2,12,62.6
2026-05-15 02:06:50,170650.00,3637.72045,N,12727.56939,E,2,12,62.6
2026-05-15 02:06:51,170651.00,3637.72073,N,12727.56873,E,2,12,62.6
2026-05-15 02:06:53,170653.00,3637.72116,N,12727.56753,E,2,12,62.6
2026-05-15 02:06:54,170654.00,3637.72151,N,12727.56701,E,2,12,62.7
2026-05-15 02:06:56,170656.00,3637.72242,N,12727.56609,E,2,12,62.7
2026-05-15 02:06:58,170658.00,3637.72289,N,12727.56499,E,2,12,62.8
2026-05-15 02:06:59,170659.00,3637.72306,N,12727.56434,E,2,12,63.0
2026-05-15 02:07:00,170700.00,3637.72339,N,12727.56375,E,2,12,63.0
2026-05-15 02:07:02,170702.00,3637.72426,N,12727.56252,E,2,12,63.3
2026-05-15 02:07:03,170703.00,3637.72462,N,12727.56203,E,2,12,62.9
2026-05-15 02:07:05,170705.00,3637.72529,N,12727.56102,E,2,12,63.1
2026-05-15 02:07:07,170707.00,3637.72608,N,12727.55991,E,2,12,63.2
2026-05-15 02:07:09,170709.00,3637.72668,N,12727.55844,E,2,12,63.4
2026-05-15 02:07:10,170710.00,3637.72681,N,12727.55777,E,2,12,63.2
2026-05-15 02:07:11,170711.00,3637.72704,N,12727.55721,E,2,12,63.1
2026-05-15 02:07:12,170712.00,3637.72740,N,12727.55667,E,2,12,62.9
2026-05-15 02:07:14,170714.00,3637.72811,N,12727.55547,E,2,12,62.9
2026-05-15 02:07:16,170716.00,3637.72861,N,12727.55432,E,2,12,62.8
2026-05-15 02:07:17,170717.00,3637.72888,N,12727.55379,E,2,12,62.8
2026-05-15 02:07:18,170718.00,3637.72923,N,12727.55329,E,2,12,62.5
2026-05-15 02:07:19,170719.00,3637.72960,N,12727.55262,E,2,12,62.5
2026-05-15 02:07:21,170721.00,3637.73004,N,12727.55134,E,2,12,62.3
2026-05-15 02:07:23,170723.00,3637.73050,N,12727.55040,E,2,12,62.5
2026-05-15 02:07:25,170725.00,3637.73107,N,12727.54908,E,2,12,62.5
2026-05-15 02:07:26,170726.00,3637.73126,N,12727.54858,E,2,12,62.6
2026-05-15 02:07:27,170727.00,3637.73133,N,12727.54846,E,2,12,62.7
2026-05-15 02:07:29,170729.00,3637.73141,N,12727.54838,E,2,12,62.7
2026-05-15 02:07:30,170730.00,3637.73153,N,12727.54795,E,2,12,62.6
2026-05-15 02:07:32,170732.00,3637.73192,N,12727.54676,E,2,12,62.7
2026-05-15 02:07:34,170734.00,3637.73263,N,12727.54563,E,2,12,62.8
2026-05-15 02:07:35,170735.00,3637.73284,N,12727.54494,E,2,12,62.8
2026-05-15 02:07:37,170737.00,3637.73318,N,12727.54364,E,2,12,62.5
2026-05-15 02:07:39,170739.00,3637.73389,N,12727.54250,E,2,12,62.4
2026-05-15 02:07:40,170740.00,3637.73429,N,12727.54186,E,2,12,62.6
2026-05-15 02:07:42,170742.00,3637.73487,N,12727.54046,E,2,12,62.2
2026-05-15 02:07:44,170744.00,3637.73524,N,12727.53906,E,2,12,62.2
2026-05-15 02:07:45,170745.00,3637.73558,N,12727.53850,E,2,12,62.1
2026-05-15 02:07:47,170747.00,3637.73657,N,12727.53761,E,2,12,62.0
2026-05-15 02:07:49,170749.00,3637.73778,N,12727.53748,E,2,12,62.5
2026-05-15 02:07:50,170750.00,3637.73835,N,12727.53757,E,2,12,62.4
2026-05-15 02:07:52,170752.00,3637.73933,N,12727.53798,E,2,12,62.5
2026-05-15 02:07:54,170754.00,3637.74038,N,12727.53854,E,2,12,62.7
2026-05-15 02:07:56,170756.00,3637.74149,N,12727.53864,E,2,12,62.8
2026-05-15 02:07:58,170758.00,3637.74231,N,12727.53915,E,2,12,62.6
2026-05-15 02:08:00,170800.00,3637.74335,N,12727.53991,E,2,12,62.7
2026-05-15 02:08:01,170801.00,3637.74378,N,12727.54018,E,2,12,62.7
2026-05-15 02:08:02,170802.00,3637.74424,N,12727.54051,E,2,12,62.6
2026-05-15 02:08:03,170803.00,3637.74469,N,12727.54113,E,2,12,62.6
2026-05-15 02:08:04,170804.00,3637.74510,N,12727.54191,E,2,12,62.7
2026-05-15 02:08:06,170806.00,3637.74600,N,12727.54253,E,2,12,62.6
2026-05-15 02:08:08,170808.00,3637.74675,N,12727.54371,E,2,12,62.5
2026-05-15 02:08:09,170809.00,3637.74716,N,12727.54419,E,2,12,62.8
2026-05-15 02:08:11,170811.00,3637.74799,N,12727.54477,E,2,12,63.3
2026-05-15 02:08:13,170813.00,3637.74874,N,12727.54586,E,2,12,63.5
2026-05-15 02:08:14,170814.00,3637.74906,N,12727.54624,E,2,12,63.6
2026-05-15 02:08:16,170816.00,3637.74987,N,12727.54717,E,2,12,63.5
2026-05-15 02:08:17,170817.00,3637.75030,N,12727.54766,E,2,12,63.8
2026-05-15 02:08:19,170819.00,3637.75105,N,12727.54850,E,2,12,63.9
2026-05-15 02:08:20,170820.00,3637.75136,N,12727.54908,E,2,12,64.2
2026-05-15 02:08:22,170822.00,3637.75221,N,12727.54981,E,2,12,64.7
2026-05-15 02:08:23,170823.00,3637.75260,N,12727.55038,E,2,12,64.7
2026-05-15 02:08:25,170825.00,3637.75346,N,12727.55153,E,2,12,65.0
2026-05-15 02:08:26,170826.00,3637.75388,N,12727.55191,E,2,12,65.4
2026-05-15 02:08:28,170828.00,3637.75463,N,12727.55306,E,2,12,65.5
2026-05-15 02:08:29,170829.00,3637.75503,N,12727.55363,E,2,12,65.7
2026-05-15 02:08:30,170830.00,3637.75536,N,12727.55403,E,2,12,65.6
2026-05-15 02:08:31,170831.00,3637.75571,N,12727.55455,E,2,12,65.7
2026-05-15 02:08:32,170832.00,3637.75602,N,12727.55517,E,2,12,65.8
2026-05-15 02:08:34,170834.00,3637.75671,N,12727.55613,E,2,12,66.1
2026-05-15 02:08:36,170836.00,3637.75725,N,12727.55731,E,2,12,66.3
2026-05-15 02:08:37,170837.00,3637.75759,N,12727.55784,E,2,12,66.1
2026-05-15 02:08:39,170839.00,3637.75821,N,12727.55876,E,2,12,65.8
2026-05-15 02:08:41,170841.00,3637.75878,N,12727.55980,E,2,12,65.8
2026-05-15 02:08:42,170842.00,3637.75900,N,12727.56029,E,2,12,65.7
2026-05-15 02:08:44,170844.00,3637.75952,N,12727.56152,E,2,12,65.8
2026-05-15 02:08:46,170846.00,3637.75998,N,12727.56273,E,2,12,66.0
2026-05-15 02:08:47,170847.00,3637.76016,N,12727.56338,E,2,12,66.0
2026-05-15 02:08:49,170849.00,3637.76079,N,12727.56452,E,2,12,66.2
2026-05-15 02:08:50,170850.00,3637.76100,N,12727.56505,E,2,12,66.4
2026-05-15 02:08:52,170852.00,3637.76136,N,12727.56633,E,2,12,66.5
2026-05-15 02:08:53,170853.00,3637.76160,N,12727.56684,E,2,12,66.6
2026-05-15 02:08:55,170855.00,3637.76205,N,12727.56806,E,2,12,66.9
2026-05-15 02:08:57,170857.00,3637.76259,N,12727.56919,E,2,12,67.1
2026-05-15 02:08:58,170858.00,3637.76279,N,12727.56976,E,2,12,66.8
2026-05-15 02:09:00,170900.00,3637.76314,N,12727.57076,E,2,12,66.6
2026-05-15 02:09:01,170901.00,3637.76317,N,12727.57140,E,2,12,66.9
2026-05-15 02:09:03,170903.00,3637.76332,N,12727.57281,E,2,12,67.1
2026-05-15 02:09:04,170904.00,3637.76342,N,12727.57342,E,2,12,66.9
2026-05-15 02:09:05,170905.00,3637.76346,N,12727.57405,E,2,12,66.9
2026-05-15 02:09:07,170907.00,3637.76329,N,12727.57559,E,2,12,67.0
2026-05-15 02:09:09,170909.00,3637.76353,N,12727.57692,E,2,12,66.8
2026-05-15 02:09:11,170911.00,3637.76365,N,12727.57802,E,2,12,66.7
2026-05-15 02:09:13,170913.00,3637.76375,N,12727.57961,E,2,12,66.7
2026-05-15 02:09:15,170915.00,3637.76423,N,12727.58089,E,2,12,66.7
2026-05-15 02:09:17,170917.00,3637.76490,N,12727.58194,E,2,12,66.7
2026-05-15 02:09:19,170919.00,3637.76534,N,12727.58353,E,2,12,67.1
2026-05-15 02:09:21,170921.00,3637.76604,N,12727.58460,E,2,12,67.6
2026-05-15 02:09:23,170923.00,3637.76667,N,12727.58556,E,2,12,67.7
2026-05-15 02:09:24,170924.00,3637.76695,N,12727.58581,E,2,12,67.7
2026-05-15 02:09:25,170925.00,3637.76715,N,12727.58604,E,2,12,67.7
2026-05-15 02:09:27,170927.00,3637.76799,N,12727.58662,E,2,12,68.1
2026-05-15 02:09:29,170929.00,3637.76918,N,12727.58750,E,2,12,68.8
2026-05-15 02:09:31,170931.00,3637.77028,N,12727.58770,E,2,12,69.1
2026-05-15 02:09:32,170932.00,3637.77093,N,12727.58752,E,2,12,69.3
2026-05-15 02:09:33,170933.00,3637.77153,N,12727.58734,E,2,12,69.4
2026-05-15 02:09:35,170935.00,3637.77275,N,12727.58708,E,2,12,70.1
2026-05-15 02:09:37,170937.00,3637.77377,N,12727.58660,E,2,12,70.4
2026-05-15 02:09:39,170939.00,3637.77490,N,12727.58649,E,2,12,70.5
2026-05-15 02:09:40,170940.00,3637.77537,N,12727.58636,E,2,12,70.5
2026-05-15 02:09:41,170941.00,3637.77595,N,12727.58648,E,2,12,70.4
2026-05-15 02:09:43,170943.00,3637.77695,N,12727.58649,E,2,12,70.6
2026-05-15 02:09:44,170944.00,3637.77754,N,12727.58659,E,2,12,70.9
2026-05-15 02:09:46,170946.00,3637.77879,N,12727.58680,E,2,12,71.4
2026-05-15 02:09:48,170948.00,3637.77978,N,12727.58673,E,2,12,71.2
2026-05-15 02:09:50,170950.00,3637.78088,N,12727.58723,E,2,12,71.1
2026-05-15 02:09:52,170952.00,3637.78198,N,12727.58711,E,2,12,71.1
2026-05-15 02:09:53,170953.00,3637.78243,N,12727.58717,E,2,12,71.1
2026-05-15 02:09:55,170955.00,3637.78349,N,12727.58765,E,2,12,71.1
2026-05-15 02:09:57,170957.00,3637.78450,N,12727.58774,E,2,12,71.1
2026-05-15 02:09:59,170959.00,3637.78544,N,12727.58842,E,2,12,71.3
2026-05-15 02:10:00,171000.00,3637.78602,N,12727.58855,E,2,12,71.5
2026-05-15 02:10:01,171001.00,3637.78638,N,12727.58864,E,2,12,71.5
2026-05-15 02:10:03,171003.00,3637.78729,N,12727.58897,E,2,12,71.4
2026-05-15 02:10:05,171005.00,3637.78772,N,12727.58867,E,2,12,71.4
2026-05-15 02:10:06,171006.00,3637.78776,N,12727.58860,E,2,12,71.3
2026-05-15 02:10:08,171008.00,3637.78778,N,12727.58847,E,2,12,71.1
2026-05-15 02:10:10,171010.00,3637.78768,N,12727.58832,E,2,12,70.7
2026-05-15 02:10:11,171011.00,3637.78768,N,12727.58853,E,2,12,70.7
2026-05-15 02:10:13,171013.00,3637.78774,N,12727.58861,E,2,12,70.2
2026-05-15 02:10:14,171014.00,3637.78785,N,12727.58858,E,2,12,70.2
2026-05-15 02:10:16,171016.00,3637.78801,N,12727.58858,E,2,12,70.1
2026-05-15 02:10:18,171018.00,3637.78821,N,12727.58851,E,2,12,70.2
2026-05-15 02:10:19,171019.00,3637.78828,N,12727.58848,E,2,12,70.2
2026-05-15 02:10:21,171021.00,3637.78839,N,12727.58845,E,2,12,70.2
2026-05-15 02:10:23,171023.00,3637.78848,N,12727.58839,E,2,12,70.2
2026-05-15 02:10:25,171025.00,3637.78853,N,12727.58834,E,2,12,70.2
2026-05-15 02:10:27,171027.00,3637.78857,N,12727.58828,E,2,12,70.1
2026-05-15 02:10:29,171029.00,3637.78860,N,12727.58822,E,2,12,70.1
2026-05-15 02:10:31,171031.00,3637.78861,N,12727.58816,E,2,12,70.0
2026-05-15 02:10:32,171032.00,3637.78862,N,12727.58813,E,2,12,70.0
2026-05-15 02:10:34,171034.00,3637.78865,N,12727.58809,E,2,12,69.9
2026-05-15 02:10:35,171035.00,3637.78866,N,12727.58808,E,2,12,69.9
2026-05-15 02:10:36,171036.00,3637.78867,N,12727.58806,E,2,12,69.8
2026-05-15 02:10:38,171038.00,3637.78872,N,12727.58800,E,2,12,69.8
2026-05-15 02:10:40,171040.00,3637.78879,N,12727.58793,E,2,12,69.8
2026-05-15 02:10:41,171041.00,3637.78881,N,12727.58788,E,2,12,69.8
2026-05-15 02:10:43,171043.00,3637.78884,N,12727.58784,E,2,12,69.5
2026-05-15 02:10:44,171044.00,3637.78885,N,12727.58779,E,2,12,69.5
2026-05-15 02:10:46,171046.00,3637.78884,N,12727.58776,E,2,12,69.6
2026-05-15 02:10:48,171048.00,3637.78883,N,12727.58773,E,2,12,69.0
2026-05-15 02:10:50,171050.00,3637.78884,N,12727.58771,E,2,12,68.9
2026-05-15 02:10:51,171051.00,3637.78886,N,12727.58768,E,2,12,68.9
2026-05-15 02:10:53,171053.00,3637.78888,N,12727.58766,E,2,12,68.9
2026-05-15 02:10:55,171055.00,3637.78888,N,12727.58761,E,2,12,68.7
2026-05-15 02:10:56,171056.00,3637.78887,N,12727.58758,E,2,12,68.6
2026-05-15 02:10:58,171058.00,3637.78889,N,12727.58750,E,2,12,68.4
2026-05-15 02:11:00,171100.00,3637.78892,N,12727.58750,E,2,12,68.5
2026-05-15 02:11:01,171101.00,3637.78892,N,12727.58748,E,2,12,68.5
2026-05-15 02:11:03,171103.00,3637.78895,N,12727.58743,E,2,12,68.6
2026-05-15 02:11:04,171104.00,3637.78896,N,12727.58745,E,2,12,68.6
2026-05-15 02:11:05,171105.00,3637.78897,N,12727.58748,E,2,12,68.6
2026-05-15 02:11:07,171107.00,3637.78899,N,12727.58750,E,2,12,68.2
2026-05-15 02:11:08,171108.00,3637.78900,N,12727.58749,E,2,12,68.2
2026-05-15 02:11:09,171109.00,3637.78898,N,12727.58749,E,2,12,68.1
2026-05-15 02:11:11,171111.00,3637.78895,N,12727.58748,E,2,12,68.1
2026-05-15 02:11:13,171113.00,3637.78893,N,12727.58749,E,2,12,68.1
2026-05-15 02:11:15,171115.00,3637.78893,N,12727.58750,E,2,12,68.1
2026-05-15 02:11:16,171116.00,3637.78894,N,12727.58750,E,2,12,68.1
2026-05-15 02:11:18,171118.00,3637.78895,N,12727.58749,E,2,12,68.2
2026-05-15 02:11:19,171119.00,3637.78895,N,12727.58749,E,2,12,68.2
2026-05-15 02:11:20,171120.00,3637.78895,N,12727.58748,E,2,12,68.2
2026-05-15 02:11:21,171121.00,3637.78893,N,12727.58749,E,2,12,68.3
2026-05-15 02:11:23,171123.00,3637.78897,N,12727.58748,E,2,12,68.2
2026-05-15 02:11:25,171125.00,3637.78896,N,12727.58749,E,2,12,68.2
2026-05-15 02:11:26,171126.00,3637.78896,N,12727.58749,E,2,12,68.2
2026-05-15 02:11:28,171128.00,3637.78897,N,12727.58745,E,2,12,68.2
2026-05-15 02:11:29,171129.00,3637.78899,N,12727.58746,E,2,12,68.2
2026-05-15 02:11:31,171131.00,3637.78911,N,12727.58723,E,2,12,67.4
2026-05-15 02:11:32,171132.00,3637.78911,N,12727.58726,E,2,12,67.3
2026-05-15 02:11:34,171134.00,3637.78912,N,12727.58729,E,2,12,67.1
2026-05-15 02:11:35,171135.00,3637.78912,N,12727.58731,E,2,12,67.0
2026-05-15 02:11:37,171137.00,3637.78911,N,12727.58733,E,2,12,66.9
2026-05-15 02:11:38,171138.00,3637.78911,N,12727.58738,E,2,12,66.8
2026-05-15 02:11:39,171139.00,3637.78911,N,12727.58736,E,2,12,66.8
2026-05-15 02:11:41,171141.00,3637.78914,N,12727.58739,E,2,12,66.7
2026-05-15 02:11:43,171143.00,3637.78914,N,12727.58738,E,2,12,66.7
2026-05-15 02:11:45,171145.00,3637.78915,N,12727.58747,E,2,12,66.5
2026-05-15 02:11:47,171147.00,3637.78919,N,12727.58749,E,2,12,66.4
2026-05-15 02:11:49,171149.00,3637.78921,N,12727.58753,E,2,12,66.3
2026-05-15 02:11:50,171150.00,3637.78922,N,12727.58754,E,2,12,66.3
2026-05-15 02:11:52,171152.00,3637.78925,N,12727.58751,E,2,12,66.3
2026-05-15 02:11:53,171153.00,3637.78927,N,12727.58756,E,2,12,66.3
2026-05-15 02:11:55,171155.00,3637.78931,N,12727.58765,E,2,12,66.1
2026-05-15 02:11:57,171157.00,3637.78932,N,12727.58780,E,2,12,66.1
2026-05-15 02:11:59,171159.00,3637.78934,N,12727.58787,E,2,12,65.9
2026-05-15 02:12:00,171200.00,3637.78933,N,12727.58791,E,2,12,65.9
2026-05-15 02:12:01,171201.00,3637.78934,N,12727.58796,E,2,12,65.9
2026-05-15 02:12:03,171203.00,3637.78934,N,12727.58803,E,2,12,65.8
2026-05-15 02:12:05,171205.00,3637.78930,N,12727.58809,E,2,12,65.8
2026-05-15 02:12:07,171207.00,3637.78926,N,12727.58815,E,2,12,66.0
2026-05-15 02:12:09,171209.00,3637.78924,N,12727.58814,E,2,12,66.2
2026-05-15 02:12:11,171211.00,3637.78921,N,12727.58812,E,2,12,66.3
2026-05-15 02:12:12,171212.00,3637.78921,N,12727.58812,E,2,12,66.4
2026-05-15 02:12:14,171214.00,3637.78920,N,12727.58812,E,2,12,66.5
2026-05-15 02:12:15,171215.00,3637.78919,N,12727.58812,E,2,12,66.6
2026-05-15 02:12:17,171217.00,3637.78919,N,12727.58811,E,2,12,66.7
2026-05-15 02:12:19,171219.00,3637.78918,N,12727.58809,E,2,12,66.8
2026-05-15 02:12:20,171220.00,3637.78916,N,12727.58807,E,2,12,66.9
2026-05-15 02:12:22,171222.00,3637.78915,N,12727.58807,E,2,12,67.0
2026-05-15 02:12:24,171224.00,3637.78914,N,12727.58806,E,2,12,67.1
2026-05-15 02:12:25,171225.00,3637.78913,N,12727.58806,E,2,12,67.1
2026-05-15 02:12:26,171226.00,3637.78912,N,12727.58807,E,2,12,67.2
2026-05-15 02:12:27,171227.00,3637.78911,N,12727.58807,E,2,12,67.3
2026-05-15 02:12:29,171229.00,3637.78908,N,12727.58806,E,2,12,67.4
2026-05-15 02:12:31,171231.00,3637.78905,N,12727.58807,E,2,12,67.6
2026-05-15 02:12:32,171232.00,3637.78904,N,12727.58807,E,2,12,67.6
2026-05-15 02:12:34,171234.00,3637.78900,N,12727.58808,E,2,12,67.8
2026-05-15 02:12:35,171235.00,3637.78898,N,12727.58808,E,2,12,67.8
2026-05-15 02:12:37,171237.00,3637.78894,N,12727.58805,E,2,12,68.0
2026-05-15 02:12:38,171238.00,3637.78894,N,12727.58806,E,2,12,68.0
2026-05-15 02:12:40,171240.00,3637.78889,N,12727.58801,E,2,12,68.2
2026-05-15 02:12:41,171241.00,3637.78886,N,12727.58802,E,2,12,68.3
2026-05-15 02:12:42,171242.00,3637.78884,N,12727.58803,E,2,12,68.3
2026-05-15 02:12:44,171244.00,3637.78879,N,12727.58803,E,2,12,68.4
2026-05-15 02:12:46,171246.00,3637.78877,N,12727.58804,E,2,12,68.5
2026-05-15 02:12:47,171247.00,3637.78875,N,12727.58807,E,2,12,68.5
2026-05-15 02:12:49,171249.00,3637.78872,N,12727.58814,E,2,12,68.5
2026-05-15 02:12:50,171250.00,3637.78870,N,12727.58816,E,2,12,68.5
2026-05-15 02:12:51,171251.00,3637.78869,N,12727.58817,E,2,12,68.5
2026-05-15 02:12:53,171253.00,3637.78866,N,12727.58819,E,2,12,68.5
2026-05-15 02:12:55,171255.00,3637.78861,N,12727.58820,E,2,12,68.5
2026-05-15 02:12:57,171257.00,3637.78861,N,12727.58822,E,2,12,68.5
2026-05-15 02:12:59,171259.00,3637.78861,N,12727.58823,E,2,12,68.5
2026-05-15 02:13:00,171300.00,3637.78860,N,12727.58826,E,2,12,68.5
2026-05-15 02:13:02,171302.00,3637.78860,N,12727.58828,E,2,12,68.5
2026-05-15 02:13:04,171304.00,3637.78860,N,12727.58830,E,2,12,68.4
2026-05-15 02:13:06,171306.00,3637.78862,N,12727.58832,E,2,12,68.3
2026-05-15 02:13:08,171308.00,3637.78864,N,12727.58834,E,2,12,68.2
2026-05-15 02:13:09,171309.00,3637.78865,N,12727.58836,E,2,12,68.2
2026-05-15 02:13:11,171311.00,3637.78869,N,12727.58841,E,2,12,67.8
2026-05-15 02:13:13,171313.00,3637.78872,N,12727.58844,E,2,12,67.5
2026-05-15 02:13:14,171314.00,3637.78875,N,12727.58847,E,2,12,67.4
2026-05-15 02:13:16,171316.00,3637.78878,N,12727.58851,E,2,12,67.2
2026-05-15 02:13:17,171317.00,3637.78881,N,12727.58853,E,2,12,67.1
2026-05-15 02:13:18,171318.00,3637.78882,N,12727.58853,E,2,12,67.0
2026-05-15 02:13:20,171320.00,3637.78884,N,12727.58856,E,2,12,67.0
2026-05-15 02:13:22,171322.00,3637.78885,N,12727.58859,E,2,12,67.0
2026-05-15 02:13:24,171324.00,3637.78884,N,12727.58864,E,2,12,67.0
2026-05-15 02:13:26,171326.00,3637.78885,N,12727.58866,E,2,12,66.9
2026-05-15 02:13:27,171327.00,3637.78885,N,12727.58868,E,2,12,66.9
2026-05-15 02:13:29,171329.00,3637.78888,N,12727.58869,E,2,12,66.9
2026-05-15 02:13:30,171330.00,3637.78888,N,12727.58868,E,2,12,66.9
2026-05-15 02:13:32,171332.00,3637.78889,N,12727.58870,E,2,12,66.9
2026-05-15 02:13:34,171334.00,3637.78888,N,12727.58867,E,2,12,66.9
2026-05-15 02:13:35,171335.00,3637.78890,N,12727.58868,E,2,12,67.0
2026-05-15 02:13:36,171336.00,3637.78892,N,12727.58867,E,2,12,67.0
2026-05-15 02:13:38,171338.00,3637.78898,N,12727.58863,E,2,12,67.2
2026-05-15 02:13:39,171339.00,3637.78898,N,12727.58860,E,2,12,67.3
2026-05-15 02:13:40,171340.00,3637.78898,N,12727.58858,E,2,12,67.3
2026-05-15 02:13:42,171342.00,3637.78897,N,12727.58856,E,2,12,67.3
2026-05-15 02:13:44,171344.00,3637.78893,N,12727.58849,E,2,12,67.4
2026-05-15 02:13:46,171346.00,3637.78891,N,12727.58844,E,2,12,67.5
2026-05-15 02:13:47,171347.00,3637.78889,N,12727.58841,E,2,12,67.6
2026-05-15 02:13:48,171348.00,3637.78890,N,12727.58841,E,2,12,67.6
2026-05-15 02:13:50,171350.00,3637.78889,N,12727.58838,E,2,12,67.7
2026-05-15 02:13:52,171352.00,3637.78887,N,12727.58835,E,2,12,67.7
2026-05-15 02:13:54,171354.00,3637.78885,N,12727.58834,E,2,12,67.8
2026-05-15 02:13:56,171356.00,3637.78886,N,12727.58829,E,2,12,68.0
2026-05-15 02:13:58,171358.00,3637.78887,N,12727.58826,E,2,12,68.1
2026-05-15 02:13:59,171359.00,3637.78887,N,12727.58825,E,2,12,68.1
2026-05-15 02:14:01,171401.00,3637.78886,N,12727.58823,E,2,12,68.1
2026-05-15 02:14:02,171402.00,3637.78886,N,12727.58821,E,2,12,68.1
2026-05-15 02:14:04,171404.00,3637.78888,N,12727.58819,E,2,12,68.0
2026-05-15 02:14:05,171405.00,3637.78887,N,12727.58820,E,2,12,68.0
2026-05-15 02:14:07,171407.00,3637.78887,N,12727.58822,E,2,12,67.9
2026-05-15 02:14:08,171408.00,3637.78886,N,12727.58822,E,2,12,67.9
2026-05-15 02:14:10,171410.00,3637.78886,N,12727.58822,E,2,12,67.8
2026-05-15 02:14:11,171411.00,3637.78886,N,12727.58829,E,2,12,67.8
2026-05-15 02:14:12,171412.00,3637.78889,N,12727.58833,E,2,12,67.7
2026-05-15 02:14:14,171414.00,3637.78895,N,12727.58838,E,2,12,67.8
2026-05-15 02:14:16,171416.00,3637.78897,N,12727.58843,E,2,12,67.8
2026-05-15 02:14:17,171417.00,3637.78899,N,12727.58844,E,2,12,67.8
2026-05-15 02:14:19,171419.00,3637.78902,N,12727.58845,E,2,12,67.8
2026-05-15 02:14:21,171421.00,3637.78905,N,12727.58847,E,2,12,67.9
2026-05-15 02:14:22,171422.00,3637.78906,N,12727.58847,E,2,12,67.9
2026-05-15 02:14:23,171423.00,3637.78907,N,12727.58848,E,2,12,67.9
2026-05-15 02:14:24,171424.00,3637.78909,N,12727.58847,E,2,12,67.9
2026-05-15 02:14:26,171426.00,3637.78912,N,12727.58847,E,2,12,67.9
2026-05-15 02:14:27,171427.00,3637.78913,N,12727.58847,E,2,12,67.9
2026-05-15 02:14:29,171429.00,3637.78917,N,12727.58848,E,2,12,67.9
2026-05-15 02:14:31,171431.00,3637.78920,N,12727.58849,E,2,12,67.9
2026-05-15 02:14:32,171432.00,3637.78922,N,12727.58849,E,2,12,67.9
2026-05-15 02:14:33,171433.00,3637.78924,N,12727.58850,E,2,12,67.9
2026-05-15 02:14:35,171435.00,3637.78926,N,12727.58850,E,2,12,67.9
2026-05-15 02:14:36,171436.00,3637.78927,N,12727.58850,E,2,12,67.9
2026-05-15 02:14:37,171437.00,3637.78928,N,12727.58850,E,2,12,67.9
2026-05-15 02:14:39,171439.00,3637.78931,N,12727.58848,E,2,12,67.9
2026-05-15 02:14:41,171441.00,3637.78934,N,12727.58846,E,2,12,67.8
2026-05-15 02:14:43,171443.00,3637.78936,N,12727.58842,E,2,12,67.8
2026-05-15 02:14:44,171444.00,3637.78937,N,12727.58840,E,2,12,67.8
2026-05-15 02:14:46,171446.00,3637.78939,N,12727.58840,E,2,12,67.7
2026-05-15 02:14:47,171447.00,3637.78940,N,12727.58839,E,2,12,67.7
2026-05-15 02:14:48,171448.00,3637.78941,N,12727.58838,E,2,12,67.7
2026-05-15 02:14:50,171450.00,3637.78942,N,12727.58837,E,2,12,67.8
2026-05-15 02:14:51,171451.00,3637.78942,N,12727.58836,E,2,12,67.8
2026-05-15 02:14:52,171452.00,3637.78941,N,12727.58836,E,2,12,67.9
2026-05-15 02:14:54,171454.00,3637.78940,N,12727.58838,E,2,12,68.0
2026-05-15 02:14:56,171456.00,3637.78940,N,12727.58840,E,2,12,68.1
2026-05-15 02:14:57,171457.00,3637.78938,N,12727.58842,E,2,12,68.3
2026-05-15 02:14:59,171459.00,3637.78937,N,12727.58845,E,2,12,68.5
2026-05-15 02:15:01,171501.00,3637.78935,N,12727.58848,E,2,12,68.7
2026-05-15 02:15:02,171502.00,3637.78935,N,12727.58849,E,2,12,68.8
2026-05-15 02:15:04,171504.00,3637.78934,N,12727.58852,E,2,12,68.9
2026-05-15 02:15:05,171505.00,3637.78934,N,12727.58853,E,2,12,69.0
2026-05-15 02:15:07,171507.00,3637.78930,N,12727.58851,E,2,12,69.2
2026-05-15 02:15:08,171508.00,3637.78929,N,12727.58849,E,2,12,69.3
2026-05-15 02:15:10,171510.00,3637.78927,N,12727.58849,E,2,12,69.4
2026-05-15 02:15:12,171512.00,3637.78925,N,12727.58848,E,2,12,69.5
2026-05-15 02:15:14,171514.00,3637.78924,N,12727.58838,E,2,12,69.7
2026-05-15 02:15:15,171515.00,3637.78925,N,12727.58837,E,2,12,69.8
2026-05-15 02:15:17,171517.00,3637.78924,N,12727.58836,E,2,12,69.9
2026-05-15 02:15:19,171519.00,3637.78923,N,12727.58834,E,2,12,69.9
2026-05-15 02:15:20,171520.00,3637.78924,N,12727.58834,E,2,12,69.9
2026-05-15 02:15:21,171521.00,3637.78924,N,12727.58832,E,2,12,70.0
2026-05-15 02:15:22,171522.00,3637.78923,N,12727.58831,E,2,12,70.0
2026-05-15 02:15:23,171523.00,3637.78922,N,12727.58831,E,2,12,70.0
2026-05-15 02:15:25,171525.00,3637.78921,N,12727.58831,E,2,12,70.0
2026-05-15 02:15:27,171527.00,3637.78920,N,12727.58831,E,2,12,70.1
2026-05-15 02:15:29,171529.00,3637.78920,N,12727.58830,E,2,12,70.1
2026-05-15 02:15:31,171531.00,3637.78919,N,12727.58828,E,2,12,70.2
2026-05-15 02:15:32,171532.00,3637.78918,N,12727.58827,E,2,12,70.3
2026-05-15 02:15:34,171534.00,3637.78914,N,12727.58828,E,2,12,70.3
2026-05-15 02:15:36,171536.00,3637.78910,N,12727.58826,E,2,12,70.4
2026-05-15 02:15:37,171537.00,3637.78909,N,12727.58826,E,2,12,70.5
2026-05-15 02:15:39,171539.00,3637.78905,N,12727.58825,E,2,12,70.5
2026-05-15 02:15:40,171540.00,3637.78904,N,12727.58824,E,2,12,70.6
2026-05-15 02:15:41,171541.00,3637.78903,N,12727.58824,E,2,12,70.6
2026-05-15 02:15:43,171543.00,3637.78902,N,12727.58823,E,2,12,70.7
2026-05-15 02:15:44,171544.00,3637.78901,N,12727.58823,E,2,12,70.7
2026-05-15 02:15:46,171546.00,3637.78900,N,12727.58824,E,2,12,70.6
2026-05-15 02:15:47,171547.00,3637.78899,N,12727.58826,E,2,12,70.6
2026-05-15 02:15:49,171549.00,3637.78898,N,12727.58828,E,2,12,70.5
2026-05-15 02:15:50,171550.00,3637.78897,N,12727.58831,E,2,12,70.5
2026-05-15 02:15:51,171551.00,3637.78897,N,12727.58832,E,2,12,70.5
2026-05-15 02:15:52,171552.00,3637.78896,N,12727.58833,E,2,12,70.5
2026-05-15 02:15:54,171554.00,3637.78895,N,12727.58834,E,2,12,70.4
2026-05-15 02:15:56,171556.00,3637.78897,N,12727.58834,E,2,12,70.4
2026-05-15 02:15:57,171557.00,3637.78898,N,12727.58835,E,2,12,70.4
2026-05-15 02:15:59,171559.00,3637.78898,N,12727.58833,E,2,12,70.5
2026-05-15 02:16:01,171601.00,3637.78898,N,12727.58833,E,2,12,70.5
2026-05-15 02:16:02,171602.00,3637.78898,N,12727.58832,E,2,12,70.5
2026-05-15 02:16:04,171604.00,3637.78900,N,12727.58831,E,2,12,70.5
2026-05-15 02:16:05,171605.00,3637.78902,N,12727.58830,E,2,12,70.4
2026-05-15 02:16:07,171607.00,3637.78899,N,12727.58831,E,2,12,70.4
2026-05-15 02:16:08,171608.00,3637.78898,N,12727.58833,E,2,12,70.4
2026-05-15 02:16:10,171610.00,3637.78896,N,12727.58834,E,2,12,70.4
2026-05-15 02:16:11,171611.00,3637.78895,N,12727.58834,E,2,12,70.3
2026-05-15 02:16:12,171612.00,3637.78895,N,12727.58834,E,2,12,70.3
2026-05-15 02:16:14,171614.00,3637.78892,N,12727.58833,E,2,12,70.3
2026-05-15 02:16:16,171616.00,3637.78890,N,12727.58833,E,2,12,70.3
2026-05-15 02:16:17,171617.00,3637.78888,N,12727.58832,E,2,12,70.4
2026-05-15 02:16:18,171618.00,3637.78887,N,12727.58833,E,2,12,70.4
2026-05-15 02:16:20,171620.00,3637.78885,N,12727.58833,E,2,12,70.5
2026-05-15 02:16:22,171622.00,3637.78886,N,12727.58834,E,2,12,70.4
2026-05-15 02:16:24,171624.00,3637.78886,N,12727.58835,E,2,12,70.4
2026-05-15 02:16:26,171626.00,3637.78886,N,12727.58836,E,2,12,70.3
2026-05-15 02:16:28,171628.00,3637.78886,N,12727.58839,E,2,12,70.3
2026-05-15 02:16:29,171629.00,3637.78884,N,12727.58840,E,2,12,70.3
2026-05-15 02:16:31,171631.00,3637.78880,N,12727.58841,E,2,12,70.3
2026-05-15 02:16:33,171633.00,3637.78878,N,12727.58843,E,2,12,70.2
2026-05-15 02:16:35,171635.00,3637.78875,N,12727.58843,E,2,12,70.3
2026-05-15 02:16:36,171636.00,3637.78874,N,12727.58844,E,2,12,70.3
2026-05-15 02:16:37,171637.00,3637.78874,N,12727.58845,E,2,12,70.3
2026-05-15 02:16:38,171638.00,3637.78874,N,12727.58846,E,2,12,70.3
2026-05-15 02:16:40,171640.00,3637.78873,N,12727.58848,E,2,12,70.4
2026-05-15 02:16:42,171642.00,3637.78873,N,12727.58850,E,2,12,70.5
2026-05-15 02:16:44,171644.00,3637.78873,N,12727.58853,E,2,12,70.5
2026-05-15 02:16:45,171645.00,3637.78873,N,12727.58854,E,2,12,70.5
2026-05-15 02:16:47,171647.00,3637.78875,N,12727.58857,E,2,12,70.5
2026-05-15 02:16:49,171649.00,3637.78875,N,12727.58860,E,2,12,70.5
2026-05-15 02:16:50,171650.00,3637.78875,N,12727.58862,E,2,12,70.5
2026-05-15 02:16:52,171652.00,3637.78875,N,12727.58864,E,2,12,70.5
2026-05-15 02:16:53,171653.00,3637.78876,N,12727.58866,E,2,12,70.5
2026-05-15 02:16:55,171655.00,3637.78876,N,12727.58868,E,2,12,70.4
2026-05-15 02:16:56,171656.00,3637.78875,N,12727.58868,E,2,12,70.4
2026-05-15 02:16:58,171658.00,3637.78875,N,12727.58870,E,2,12,70.4
2026-05-15 02:17:00,171700.00,3637.78874,N,12727.58869,E,2,12,70.3
2026-05-15 02:17:02,171702.00,3637.78874,N,12727.58869,E,2,12,70.3
2026-05-15 02:17:03,171703.00,3637.78874,N,12727.58869,E,2,12,70.3
2026-05-15 02:17:05,171705.00,3637.78874,N,12727.58870,E,2,12,70.2
2026-05-15 02:17:06,171706.00,3637.78873,N,12727.58871,E,2,12,70.1
2026-05-15 02:17:08,171708.00,3637.78873,N,12727.58872,E,2,12,70.1
2026-05-15 02:17:09,171709.00,3637.78872,N,12727.58872,E,2,12,70.1
2026-05-15 02:17:10,171710.00,3637.78870,N,12727.58871,E,2,12,70.1
2026-05-15 02:17:11,171711.00,3637.78870,N,12727.58871,E,2,12,70.1
2026-05-15 02:17:13,171713.00,3637.78869,N,12727.58872,E,2,12,70.1
2026-05-15 02:17:14,171714.00,3637.78868,N,12727.58873,E,2,12,70.1
2026-05-15 02:17:16,171716.00,3637.78866,N,12727.58875,E,2,12,70.1
2026-05-15 02:17:17,171717.00,3637.78866,N,12727.58875,E,2,12,70.1
2026-05-15 02:17:19,171719.00,3637.78865,N,12727.58875,E,2,12,70.0
2026-05-15 02:17:21,171721.00,3637.78864,N,12727.58873,E,2,12,70.0
2026-05-15 02:17:22,171722.00,3637.78864,N,12727.58874,E,2,12,70.0
2026-05-15 02:17:23,171723.00,3637.78864,N,12727.58875,E,2,12,70.0
2026-05-15 02:17:25,171725.00,3637.78863,N,12727.58877,E,2,12,70.0
2026-05-15 02:17:26,171726.00,3637.78863,N,12727.58875,E,2,12,70.0
2026-05-15 02:17:28,171728.00,3637.78865,N,12727.58871,E,2,12,70.0
2026-05-15 02:17:29,171729.00,3637.78865,N,12727.58873,E,2,12,70.1
2026-05-15 02:17:31,171731.00,3637.78870,N,12727.58868,E,2,12,70.0
2026-05-15 02:17:32,171732.00,3637.78871,N,12727.58866,E,2,12,69.9
2026-05-15 02:17:34,171734.00,3637.78873,N,12727.58864,E,2,12,70.0
2026-05-15 02:17:35,171735.00,3637.78873,N,12727.58864,E,2,12,70.1
2026-05-15 02:17:36,171736.00,3637.78871,N,12727.58866,E,2,12,70.0
2026-05-15 02:17:38,171738.00,3637.78866,N,12727.58869,E,2,12,70.0
2026-05-15 02:17:40,171740.00,3637.78863,N,12727.58870,E,2,12,70.1
2026-05-15 02:17:41,171741.00,3637.78861,N,12727.58870,E,2,12,70.1
2026-05-15 02:17:42,171742.00,3637.78860,N,12727.58871,E,2,12,70.1
2026-05-15 02:17:44,171744.00,3637.78857,N,12727.58871,E,2,12,70.1
2026-05-15 02:17:46,171746.00,3637.78854,N,12727.58871,E,2,12,70.1
2026-05-15 02:17:47,171747.00,3637.78853,N,12727.58871,E,2,12,70.2
2026-05-15 02:17:49,171749.00,3637.78850,N,12727.58870,E,2,12,70.3
2026-05-15 02:17:50,171750.00,3637.78848,N,12727.58869,E,2,12,70.3
2026-05-15 02:17:51,171751.00,3637.78846,N,12727.58869,E,2,12,70.4
2026-05-15 02:17:53,171753.00,3637.78845,N,12727.58867,E,2,12,70.4
2026-05-15 02:17:55,171755.00,3637.78844,N,12727.58865,E,2,12,70.4
2026-05-15 02:17:57,171757.00,3637.78844,N,12727.58862,E,2,12,70.5
2026-05-15 02:17:59,171759.00,3637.78843,N,12727.58858,E,2,12,70.6
2026-05-15 02:18:01,171801.00,3637.78843,N,12727.58853,E,2,12,70.6
2026-05-15 02:18:02,171802.00,3637.78842,N,12727.58851,E,2,12,70.7
2026-05-15 02:18:04,171804.00,3637.78842,N,12727.58848,E,2,12,70.7
2026-05-15 02:18:05,171805.00,3637.78841,N,12727.58846,E,2,12,70.8
2026-05-15 02:18:06,171806.00,3637.78840,N,12727.58844,E,2,12,70.8
2026-05-15 02:18:08,171808.00,3637.78842,N,12727.58841,E,2,12,70.8
2026-05-15 02:18:09,171809.00,3637.78842,N,12727.58841,E,2,12,70.8
2026-05-15 02:18:11,171811.00,3637.78843,N,12727.58841,E,2,12,70.7
2026-05-15 02:18:12,171812.00,3637.78843,N,12727.58839,E,2,12,70.7
2026-05-15 02:18:13,171813.00,3637.78844,N,12727.58838,E,2,12,70.7
2026-05-15 02:18:15,171815.00,3637.78845,N,12727.58838,E,2,12,70.7
2026-05-15 02:18:17,171817.00,3637.78848,N,12727.58836,E,2,12,70.6
2026-05-15 02:18:18,171818.00,3637.78848,N,12727.58833,E,2,12,70.6
2026-05-15 02:18:20,171820.00,3637.78851,N,12727.58828,E,2,12,70.6
2026-05-15 02:18:21,171821.00,3637.78852,N,12727.58827,E,2,12,70.6
2026-05-15 02:18:22,171822.00,3637.78852,N,12727.58823,E,2,12,70.6
2026-05-15 02:18:24,171824.00,3637.78853,N,12727.58817,E,2,12,70.6
2026-05-15 02:18:26,171826.00,3637.78854,N,12727.58812,E,2,12,70.5
2026-05-15 02:18:28,171828.00,3637.78855,N,12727.58810,E,2,12,70.5
2026-05-15 02:18:30,171830.00,3637.78855,N,12727.58807,E,2,12,70.5
2026-05-15 02:18:31,171831.00,3637.78856,N,12727.58805,E,2,12,70.5
2026-05-15 02:18:33,171833.00,3637.78855,N,12727.58807,E,2,12,70.5
2026-05-15 02:18:34,171834.00,3637.78856,N,12727.58810,E,2,12,70.5
2026-05-15 02:18:36,171836.00,3637.78855,N,12727.58809,E,2,12,70.4
2026-05-15 02:18:38,171838.00,3637.78851,N,12727.58813,E,2,12,70.6
2026-05-15 02:18:40,171840.00,3637.78849,N,12727.58818,E,2,12,70.8
2026-05-15 02:18:41,171841.00,3637.78849,N,12727.58820,E,2,12,70.9
2026-05-15 02:18:43,171843.00,3637.78846,N,12727.58825,E,2,12,71.0
2026-05-15 02:18:45,171845.00,3637.78841,N,12727.58828,E,2,12,71.2
2026-05-15 02:18:46,171846.00,3637.78839,N,12727.58830,E,2,12,71.2
2026-05-15 02:18:48,171848.00,3637.78836,N,12727.58833,E,2,12,71.3
2026-05-15 02:18:50,171850.00,3637.78834,N,12727.58833,E,2,12,71.4
2026-05-15 02:18:52,171852.00,3637.78831,N,12727.58831,E,2,12,71.6
2026-05-15 02:18:53,171853.00,3637.78829,N,12727.58830,E,2,12,71.6
2026-05-15 02:18:55,171855.00,3637.78827,N,12727.58830,E,2,12,71.7
2026-05-15 02:18:56,171856.00,3637.78825,N,12727.58829,E,2,12,71.7
2026-05-15 02:18:58,171858.00,3637.78823,N,12727.58828,E,2,12,71.8
2026-05-15 02:19:00,171900.00,3637.78823,N,12727.58828,E,2,12,71.9
2026-05-15 02:19:02,171902.00,3637.78823,N,12727.58826,E,2,12,72.0
2026-05-15 02:19:04,171904.00,3637.78824,N,12727.58824,E,2,12,72.0
2026-05-15 02:19:05,171905.00,3637.78825,N,12727.58822,E,2,12,72.0
2026-05-15 02:19:07,171907.00,3637.78827,N,12727.58820,E,2,12,72.0
2026-05-15 02:19:08,171908.00,3637.78828,N,12727.58819,E,2,12,72.0
2026-05-15 02:19:10,171910.00,3637.78830,N,12727.58815,E,2,12,72.0
2026-05-15 02:19:11,171911.00,3637.78831,N,12727.58814,E,2,12,72.0
2026-05-15 02:19:12,171912.00,3637.78833,N,12727.58813,E,2,12,72.0
2026-05-15 02:19:14,171914.00,3637.78837,N,12727.58812,E,2,12,71.9
2026-05-15 02:19:16,171916.00,3637.78840,N,12727.58814,E,2,12,71.8
2026-05-15 02:19:18,171918.00,3637.78843,N,12727.58813,E,2,12,71.8
2026-05-15 02:19:19,171919.00,3637.78845,N,12727.58812,E,2,12,71.7
2026-05-15 02:19:21,171921.00,3637.78849,N,12727.58812,E,2,12,71.7
2026-05-15 02:19:22,171922.00,3637.78850,N,12727.58812,E,2,12,71.7
2026-05-15 02:19:24,171924.00,3637.78853,N,12727.58813,E,2,12,71.6
2026-05-15 02:19:26,171926.00,3637.78856,N,12727.58811,E,2,12,71.6
2026-05-15 02:19:28,171928.00,3637.78856,N,12727.58812,E,2,12,71.6
2026-05-15 02:19:30,171930.00,3637.78856,N,12727.58812,E,2,12,71.6
2026-05-15 02:19:32,171932.00,3637.78856,N,12727.58813,E,2,12,71.6
2026-05-15 02:19:34,171934.00,3637.78856,N,12727.58812,E,2,12,71.7
2026-05-15 02:19:35,171935.00,3637.78857,N,12727.58812,E,2,12,71.7
2026-05-15 02:19:36,171936.00,3637.78858,N,12727.58812,E,2,12,71.7
2026-05-15 02:19:38,171938.00,3637.78859,N,12727.58810,E,2,12,71.7
2026-05-15 02:19:39,171939.00,3637.78860,N,12727.58808,E,2,12,71.8
2026-05-15 02:19:41,171941.00,3637.78861,N,12727.58804,E,2,12,71.8
2026-05-15 02:19:42,171942.00,3637.78863,N,12727.58803,E,2,12,71.8
2026-05-15 02:19:44,171944.00,3637.78866,N,12727.58801,E,2,12,71.8
2026-05-15 02:19:46,171946.00,3637.78870,N,12727.58797,E,2,12,71.8
2026-05-15 02:19:47,171947.00,3637.78872,N,12727.58797,E,2,12,71.8
2026-05-15 02:19:49,171949.00,3637.78873,N,12727.58795,E,2,12,71.9
2026-05-15 02:19:50,171950.00,3637.78874,N,12727.58796,E,2,12,71.9
2026-05-15 02:19:52,171952.00,3637.78874,N,12727.58799,E,2,12,72.0
2026-05-15 02:19:53,171953.00,3637.78875,N,12727.58799,E,2,12,72.0
2026-05-15 02:19:55,171955.00,3637.78876,N,12727.58799,E,2,12,72.0
2026-05-15 02:19:57,171957.00,3637.78876,N,12727.58802,E,2,12,72.1
2026-05-15 02:19:58,171958.00,3637.78877,N,12727.58801,E,2,12,72.1
2026-05-15 02:20:00,172000.00,3637.78875,N,12727.58797,E,2,12,72.1
2026-05-15 02:20:01,172001.00,3637.78874,N,12727.58797,E,2,12,72.1
2026-05-15 02:20:02,172002.00,3637.78873,N,12727.58796,E,2,12,72.1
2026-05-15 02:20:04,172004.00,3637.78872,N,12727.58792,E,2,12,72.1
2026-05-15 02:20:06,172006.00,3637.78871,N,12727.58788,E,2,12,72.1
2026-05-15 02:20:08,172008.00,3637.78869,N,12727.58784,E,2,12,72.1
2026-05-15 02:20:10,172010.00,3637.78867,N,12727.58780,E,2,12,72.1
2026-05-15 02:20:12,172012.00,3637.78866,N,12727.58776,E,2,12,72.1
2026-05-15 02:20:14,172014.00,3637.78863,N,12727.58773,E,2,12,72.1
2026-05-15 02:20:16,172016.00,3637.78861,N,12727.58769,E,2,12,72.1
2026-05-15 02:20:17,172017.00,3637.78861,N,12727.58767,E,2,12,72.1
2026-05-15 02:20:18,172018.00,3637.78859,N,12727.58765,E,2,12,72.2
2026-05-15 02:20:20,172020.00,3637.78856,N,12727.58762,E,2,12,72.2
2026-05-15 02:20:22,172022.00,3637.78853,N,12727.58759,E,2,12,72.2
2026-05-15 02:20:23,172023.00,3637.78851,N,12727.58757,E,2,12,72.2
2026-05-15 02:20:25,172025.00,3637.78849,N,12727.58754,E,2,12,72.2
2026-05-15 02:20:27,172027.00,3637.78845,N,12727.58751,E,2,12,72.3
2026-05-15 02:20:29,172029.00,3637.78841,N,12727.58750,E,2,12,72.3
2026-05-15 02:20:31,172031.00,3637.78838,N,12727.58748,E,2,12,72.3
2026-05-15 02:20:32,172032.00,3637.78837,N,12727.58746,E,2,12,72.3
2026-05-15 02:20:34,172034.00,3637.78834,N,12727.58743,E,2,12,72.3
2026-05-15 02:20:35,172035.00,3637.78832,N,12727.58741,E,2,12,72.3
2026-05-15 02:20:37,172037.00,3637.78829,N,12727.58738,E,2,12,72.3
2026-05-15 02:20:38,172038.00,3637.78828,N,12727.58738,E,2,12,72.3
2026-05-15 02:20:39,172039.00,3637.78826,N,12727.58738,E,2,12,72.3
2026-05-15 02:20:41,172041.00,3637.78825,N,12727.58738,E,2,12,72.3
2026-05-15 02:20:42,172042.00,3637.78824,N,12727.58739,E,2,12,72.3
2026-05-15 02:20:44,172044.00,3637.78821,N,12727.58740,E,2,12,72.3
2026-05-15 02:20:45,172045.00,3637.78821,N,12727.58742,E,2,12,72.3
2026-05-15 02:20:47,172047.00,3637.78822,N,12727.58743,E,2,12,72.2
2026-05-15 02:20:49,172049.00,3637.78823,N,12727.58747,E,2,12,72.1
2026-05-15 02:20:50,172050.00,3637.78824,N,12727.58749,E,2,12,72.1
2026-05-15 02:20:52,172052.00,3637.78825,N,12727.58752,E,2,12,72.1
2026-05-15 02:20:53,172053.00,3637.78825,N,12727.58753,E,2,12,72.1
2026-05-15 02:20:55,172055.00,3637.78826,N,12727.58756,E,2,12,72.1
2026-05-15 02:20:56,172056.00,3637.78827,N,12727.58756,E,2,12,72.1
2026-05-15 02:20:58,172058.00,3637.78828,N,12727.58757,E,2,12,72.1
2026-05-15 02:20:59,172059.00,3637.78829,N,12727.58758,E,2,12,72.2
2026-05-15 02:21:00,172100.00,3637.78830,N,12727.58759,E,2,12,72.2
2026-05-15 02:21:02,172102.00,3637.78834,N,12727.58761,E,2,12,72.2
2026-05-15 02:21:03,172103.00,3637.78835,N,12727.58764,E,2,12,72.2
2026-05-15 02:21:05,172105.00,3637.78838,N,12727.58766,E,2,12,72.2
2026-05-15 02:21:07,172107.00,3637.78842,N,12727.58768,E,2,12,72.2
2026-05-15 02:21:08,172108.00,3637.78843,N,12727.58769,E,2,12,72.1
2026-05-15 02:21:09,172109.00,3637.78844,N,12727.58769,E,2,12,72.1
2026-05-15 02:21:11,172111.00,3637.78847,N,12727.58770,E,2,12,72.1
2026-05-15 02:21:12,172112.00,3637.78848,N,12727.58771,E,2,12,72.1
2026-05-15 02:21:13,172113.00,3637.78849,N,12727.58772,E,2,12,72.1
2026-05-15 02:21:14,172114.00,3637.78850,N,12727.58773,E,2,12,72.1
2026-05-15 02:21:16,172116.00,3637.78852,N,12727.58774,E,2,12,72.2
2026-05-15 02:21:17,172117.00,3637.78852,N,12727.58773,E,2,12,72.2
2026-05-15 02:21:19,172119.00,3637.78853,N,12727.58774,E,2,12,72.2
2026-05-15 02:21:20,172120.00,3637.78853,N,12727.58774,E,2,12,72.2
2026-05-15 02:21:22,172122.00,3637.78856,N,12727.58776,E,2,12,72.1
2026-05-15 02:21:23,172123.00,3637.78857,N,12727.58777,E,2,12,72.1
2026-05-15 02:21:24,172124.00,3637.78858,N,12727.58776,E,2,12,72.1
2026-05-15 02:21:26,172126.00,3637.78858,N,12727.58779,E,2,12,72.1
2026-05-15 02:21:27,172127.00,3637.78858,N,12727.58781,E,2,12,72.2
2026-05-15 02:21:29,172129.00,3637.78857,N,12727.58785,E,2,12,72.2
2026-05-15 02:21:30,172130.00,3637.78856,N,12727.58788,E,2,12,72.2
2026-05-15 02:21:32,172132.00,3637.78856,N,12727.58789,E,2,12,72.2
2026-05-15 02:21:34,172134.00,3637.78847,N,12727.58797,E,2,12,72.1
2026-05-15 02:21:35,172135.00,3637.78847,N,12727.58797,E,2,12,72.1
2026-05-15 02:21:36,172136.00,3637.78846,N,12727.58799,E,2,12,72.1
2026-05-15 02:21:38,172138.00,3637.78837,N,12727.58811,E,2,12,71.8
2026-05-15 02:21:39,172139.00,3637.78835,N,12727.58812,E,2,12,71.8
2026-05-15 02:21:40,172140.00,3637.78836,N,12727.58814,E,2,12,71.7
2026-05-15 02:21:42,172142.00,3637.78842,N,12727.58818,E,2,12,71.4
2026-05-15 02:21:44,172144.00,3637.78845,N,12727.58822,E,2,12,71.3
2026-05-15 02:21:46,172146.00,3637.78850,N,12727.58826,E,2,12,71.0
2026-05-15 02:21:48,172148.00,3637.78853,N,12727.58826,E,2,12,70.9
2026-05-15 02:21:49,172149.00,3637.78853,N,12727.58828,E,2,12,70.8
2026-05-15 02:21:51,172151.00,3637.78847,N,12727.58831,E,2,12,70.5
2026-05-15 02:21:52,172152.00,3637.78845,N,12727.58833,E,2,12,70.4
2026-05-15 02:21:53,172153.00,3637.78844,N,12727.58834,E,2,12,70.3
2026-05-15 02:21:54,172154.00,3637.78845,N,12727.58835,E,2,12,70.2
2026-05-15 02:21:56,172156.00,3637.78848,N,12727.58836,E,2,12,70.1
2026-05-15 02:21:58,172158.00,3637.78851,N,12727.58838,E,2,12,70.0
2026-05-15 02:22:00,172200.00,3637.78854,N,12727.58841,E,2,12,69.9
2026-05-15 02:22:02,172202.00,3637.78856,N,12727.58843,E,2,12,69.9
2026-05-15 02:22:04,172204.00,3637.78858,N,12727.58846,E,2,12,69.8
2026-05-15 02:22:05,172205.00,3637.78859,N,12727.58847,E,2,12,69.8
2026-05-15 02:22:07,172207.00,3637.78861,N,12727.58849,E,2,12,69.8
2026-05-15 02:22:08,172208.00,3637.78862,N,12727.58850,E,2,12,69.8
2026-05-15 02:22:09,172209.00,3637.78863,N,12727.58851,E,2,12,69.8
2026-05-15 02:22:11,172211.00,3637.78865,N,12727.58852,E,2,12,69.8
2026-05-15 02:22:12,172212.00,3637.78866,N,12727.58853,E,2,12,69.8
2026-05-15 02:22:14,172214.00,3637.78868,N,12727.58856,E,2,12,69.8
2026-05-15 02:22:16,172216.00,3637.78870,N,12727.58857,E,2,12,69.9
2026-05-15 02:22:18,172218.00,3637.78872,N,12727.58861,E,2,12,69.9
2026-05-15 02:22:20,172220.00,3637.78872,N,12727.58864,E,2,12,69.9
2026-05-15 02:22:22,172222.00,3637.78873,N,12727.58865,E,2,12,69.8
2026-05-15 02:22:24,172224.00,3637.78874,N,12727.58866,E,2,12,69.8
2026-05-15 02:22:25,172225.00,3637.78874,N,12727.58867,E,2,12,69.8
2026-05-15 02:22:27,172227.00,3637.78872,N,12727.58865,E,2,12,69.7
2026-05-15 02:22:29,172229.00,3637.78873,N,12727.58863,E,2,12,69.5
2026-05-15 02:22:31,172231.00,3637.78872,N,12727.58861,E,2,12,69.4
2026-05-15 02:22:32,172232.00,3637.78873,N,12727.58860,E,2,12,69.3
2026-05-15 02:22:33,172233.00,3637.78874,N,12727.58858,E,2,12,69.3
2026-05-15 02:22:35,172235.00,3637.78873,N,12727.58857,E,2,12,69.2
2026-05-15 02:22:36,172236.00,3637.78874,N,12727.58857,E,2,12,69.2
2026-05-15 02:22:38,172238.00,3637.78880,N,12727.58861,E,2,12,69.0
2026-05-15 02:22:40,172240.00,3637.78883,N,12727.58863,E,2,12,68.9
2026-05-15 02:22:42,172242.00,3637.78884,N,12727.58861,E,2,12,68.8
2026-05-15 02:22:43,172243.00,3637.78885,N,12727.58861,E,2,12,68.8
2026-05-15 02:22:45,172245.00,3637.78887,N,12727.58863,E,2,12,68.7
2026-05-15 02:22:47,172247.00,3637.78890,N,12727.58867,E,2,12,68.7
2026-05-15 02:22:48,172248.00,3637.78890,N,12727.58867,E,2,12,68.7
2026-05-15 02:22:49,172249.00,3637.78890,N,12727.58867,E,2,12,68.8
2026-05-15 02:22:51,172251.00,3637.78893,N,12727.58873,E,2,12,68.8
2026-05-15 02:22:53,172253.00,3637.78894,N,12727.58877,E,2,12,68.8
2026-05-15 02:22:55,172255.00,3637.78896,N,12727.58881,E,2,12,68.9
2026-05-15 02:22:56,172256.00,3637.78896,N,12727.58884,E,2,12,68.9
2026-05-15 02:22:58,172258.00,3637.78897,N,12727.58888,E,2,12,68.9
2026-05-15 02:23:00,172300.00,3637.78898,N,12727.58892,E,2,12,69.0
2026-05-15 02:23:02,172302.00,3637.78900,N,12727.58895,E,2,12,69.0
2026-05-15 02:23:04,172304.00,3637.78901,N,12727.58896,E,2,12,69.0
2026-05-15 02:23:06,172306.00,3637.78902,N,12727.58896,E,2,12,68.9
2026-05-15 02:23:08,172308.00,3637.78900,N,12727.58895,E,2,12,69.0
2026-05-15 02:23:10,172310.00,3637.78898,N,12727.58891,E,2,12,69.0
2026-05-15 02:23:11,172311.00,3637.78898,N,12727.58888,E,2,12,69.1
2026-05-15 02:23:12,172312.00,3637.78895,N,12727.58886,E,2,12,69.1
2026-05-15 02:23:14,172314.00,3637.78889,N,12727.58887,E,2,12,69.1
2026-05-15 02:23:16,172316.00,3637.78882,N,12727.58886,E,2,12,69.1
2026-05-15 02:23:17,172317.00,3637.78881,N,12727.58884,E,2,12,69.2
2026-05-15 02:23:18,172318.00,3637.78877,N,12727.58883,E,2,12,69.3
2026-05-15 02:23:20,172320.00,3637.78870,N,12727.58886,E,2,12,69.5
2026-05-15 02:23:21,172321.00,3637.78868,N,12727.58888,E,2,12,69.6
2026-05-15 02:23:23,172323.00,3637.78863,N,12727.58889,E,2,12,69.7
2026-05-15 02:23:25,172325.00,3637.78860,N,12727.58891,E,2,12,69.8
2026-05-15 02:23:26,172326.00,3637.78859,N,12727.58892,E,2,12,69.8
2026-05-15 02:23:28,172328.00,3637.78857,N,12727.58894,E,2,12,69.9
2026-05-15 02:23:29,172329.00,3637.78856,N,12727.58896,E,2,12,69.9
2026-05-15 02:23:31,172331.00,3637.78855,N,12727.58895,E,2,12,70.0
2026-05-15 02:23:32,172332.00,3637.78856,N,12727.58894,E,2,12,70.0
2026-05-15 02:23:34,172334.00,3637.78854,N,12727.58892,E,2,12,70.2
2026-05-15 02:23:35,172335.00,3637.78852,N,12727.58891,E,2,12,70.3
2026-05-15 02:23:37,172337.00,3637.78848,N,12727.58892,E,2,12,70.4
2026-05-15 02:23:39,172339.00,3637.78848,N,12727.58896,E,2,12,70.4
2026-05-15 02:23:41,172341.00,3637.78845,N,12727.58898,E,2,12,70.5
2026-05-15 02:23:42,172342.00,3637.78843,N,12727.58898,E,2,12,70.5
2026-05-15 02:23:44,172344.00,3637.78843,N,12727.58898,E,2,12,70.6
2026-05-15 02:23:45,172345.00,3637.78844,N,12727.58899,E,2,12,70.7
2026-05-15 02:23:47,172347.00,3637.78845,N,12727.58900,E,2,12,70.8
2026-05-15 02:23:49,172349.00,3637.78847,N,12727.58902,E,2,12,70.6
2026-05-15 02:23:51,172351.00,3637.78849,N,12727.58899,E,2,12,70.5
2026-05-15 02:23:53,172353.00,3637.78854,N,12727.58896,E,2,12,70.2
2026-05-15 02:23:55,172355.00,3637.78856,N,12727.58894,E,2,12,70.1
2026-05-15 02:23:57,172357.00,3637.78855,N,12727.58897,E,2,12,70.1
2026-05-15 02:23:59,172359.00,3637.78855,N,12727.58896,E,2,12,70.2
2026-05-15 02:24:01,172401.00,3637.78857,N,12727.58900,E,2,12,70.1
2026-05-15 02:24:02,172402.00,3637.78857,N,12727.58901,E,2,12,70.1
2026-05-15 02:24:04,172404.00,3637.78857,N,12727.58904,E,2,12,70.1
2026-05-15 02:24:06,172406.00,3637.78861,N,12727.58910,E,2,12,69.9
2026-05-15 02:24:08,172408.00,3637.78869,N,12727.58913,E,2,12,69.5
2026-05-15 02:24:09,172409.00,3637.78872,N,12727.58915,E,2,12,69.3
2026-05-15 02:24:11,172411.00,3637.78877,N,12727.58917,E,2,12,68.9
2026-05-15 02:24:12,172412.00,3637.78880,N,12727.58917,E,2,12,68.7
2026-05-15 02:24:14,172414.00,3637.78883,N,12727.58918,E,2,12,68.4
2026-05-15 02:24:15,172415.00,3637.78885,N,12727.58921,E,2,12,68.3
2026-05-15 02:24:17,172417.00,3637.78888,N,12727.58925,E,2,12,68.0
2026-05-15 02:24:18,172418.00,3637.78889,N,12727.58924,E,2,12,67.9
2026-05-15 02:24:20,172420.00,3637.78886,N,12727.58925,E,2,12,67.9
2026-05-15 02:24:22,172422.00,3637.78887,N,12727.58929,E,2,12,67.9
2026-05-15 02:24:24,172424.00,3637.78885,N,12727.58927,E,2,12,67.9
2026-05-15 02:24:25,172425.00,3637.78885,N,12727.58927,E,2,12,67.9
2026-05-15 02:24:27,172427.00,3637.78889,N,12727.58928,E,2,12,67.8
2026-05-15 02:24:28,172428.00,3637.78887,N,12727.58926,E,2,12,67.9
2026-05-15 02:24:29,172429.00,3637.78886,N,12727.58923,E,2,12,67.9
2026-05-15 02:24:31,172431.00,3637.78881,N,12727.58923,E,2,12,68.0
2026-05-15 02:24:33,172433.00,3637.78877,N,12727.58925,E,2,12,68.1
2026-05-15 02:24:34,172434.00,3637.78874,N,12727.58922,E,2,12,68.2
2026-05-15 02:24:36,172436.00,3637.78869,N,12727.58919,E,2,12,68.3
2026-05-15 02:24:38,172438.00,3637.78866,N,12727.58917,E,2,12,68.5
2026-05-15 02:24:40,172440.00,3637.78865,N,12727.58920,E,2,12,68.6
2026-05-15 02:24:42,172442.00,3637.78865,N,12727.58921,E,2,12,68.7
2026-05-15 02:24:43,172443.00,3637.78864,N,12727.58922,E,2,12,68.8
2026-05-15 02:24:45,172445.00,3637.78865,N,12727.58923,E,2,12,68.9
2026-05-15 02:24:47,172447.00,3637.78865,N,12727.58923,E,2,12,69.0
2026-05-15 02:24:49,172449.00,3637.78866,N,12727.58922,E,2,12,69.1
2026-05-15 02:24:50,172450.00,3637.78865,N,12727.58920,E,2,12,69.2
2026-05-15 02:24:52,172452.00,3637.78864,N,12727.58918,E,2,12,69.2
2026-05-15 02:24:54,172454.00,3637.78872,N,12727.58915,E,2,12,68.8
2026-05-15 02:24:56,172456.00,3637.78870,N,12727.58916,E,2,12,68.8
2026-05-15 02:24:57,172457.00,3637.78870,N,12727.58916,E,2,12,68.9
2026-05-15 02:24:59,172459.00,3637.78869,N,12727.58916,E,2,12,69.0
2026-05-15 02:25:00,172500.00,3637.78868,N,12727.58916,E,2,12,69.0
2026-05-15 02:25:02,172502.00,3637.78867,N,12727.58918,E,2,12,69.1
2026-05-15 02:25:04,172504.00,3637.78865,N,12727.58919,E,2,12,69.2
2026-05-15 02:25:06,172506.00,3637.78865,N,12727.58919,E,2,12,69.2
2026-05-15 02:25:08,172508.00,3637.78864,N,12727.58920,E,2,12,69.2
2026-05-15 02:25:10,172510.00,3637.78862,N,12727.58920,E,2,12,69.3
2026-05-15 02:25:11,172511.00,3637.78860,N,12727.58920,E,2,12,69.3
2026-05-15 02:25:12,172512.00,3637.78859,N,12727.58919,E,2,12,69.4
2026-05-15 02:25:14,172514.00,3637.78857,N,12727.58917,E,2,12,69.4
2026-05-15 02:25:15,172515.00,3637.78856,N,12727.58916,E,2,12,69.4
2026-05-15 02:25:17,172517.00,3637.78854,N,12727.58915,E,2,12,69.5
2026-05-15 02:25:19,172519.00,3637.78852,N,12727.58912,E,2,12,69.5
2026-05-15 02:25:20,172520.00,3637.78851,N,12727.58911,E,2,12,69.5
2026-05-15 02:25:22,172522.00,3637.78849,N,12727.58910,E,2,12,69.6
2026-05-15 02:25:24,172524.00,3637.78848,N,12727.58909,E,2,12,69.6
2026-05-15 02:25:25,172525.00,3637.78847,N,12727.58908,E,2,12,69.7
2026-05-15 02:25:26,172526.00,3637.78847,N,12727.58908,E,2,12,69.7
2026-05-15 02:25:28,172528.00,3637.78845,N,12727.58906,E,2,12,69.7
2026-05-15 02:25:30,172530.00,3637.78841,N,12727.58904,E,2,12,69.8
2026-05-15 02:25:32,172532.00,3637.78839,N,12727.58904,E,2,12,69.9
2026-05-15 02:25:34,172534.00,3637.78838,N,12727.58904,E,2,12,69.9
2026-05-15 02:25:35,172535.00,3637.78837,N,12727.58905,E,2,12,70.0
2026-05-15 02:25:37,172537.00,3637.78836,N,12727.58904,E,2,12,70.0
2026-05-15 02:25:38,172538.00,3637.78836,N,12727.58905,E,2,12,70.0
2026-05-15 02:25:39,172539.00,3637.78835,N,12727.58905,E,2,12,70.0
2026-05-15 02:25:41,172541.00,3637.78833,N,12727.58904,E,2,12,70.1
2026-05-15 02:25:42,172542.00,3637.78830,N,12727.58904,E,2,12,70.1
2026-05-15 02:25:44,172544.00,3637.78827,N,12727.58905,E,2,12,70.2
2026-05-15 02:25:46,172546.00,3637.78823,N,12727.58904,E,2,12,70.3
2026-05-15 02:25:47,172547.00,3637.78822,N,12727.58905,E,2,12,70.3
2026-05-15 02:25:48,172548.00,3637.78819,N,12727.58904,E,2,12,70.4
2026-05-15 02:25:50,172550.00,3637.78819,N,12727.58907,E,2,12,70.4
2026-05-15 02:25:52,172552.00,3637.78817,N,12727.58910,E,2,12,70.5
2026-05-15 02:25:54,172554.00,3637.78815,N,12727.58911,E,2,12,70.6
2026-05-15 02:25:56,172556.00,3637.78817,N,12727.58912,E,2,12,70.6
2026-05-15 02:25:57,172557.00,3637.78818,N,12727.58913,E,2,12,70.6
2026-05-15 02:25:59,172559.00,3637.78818,N,12727.58915,E,2,12,70.7
2026-05-15 02:26:00,172600.00,3637.78818,N,12727.58915,E,2,12,70.7
2026-05-15 02:26:02,172602.00,3637.78816,N,12727.58913,E,2,12,70.8
2026-05-15 02:26:03,172603.00,3637.78815,N,12727.58914,E,2,12,70.8
2026-05-15 02:26:05,172605.00,3637.78815,N,12727.58916,E,2,12,70.9
2026-05-15 02:26:06,172606.00,3637.78824,N,12727.58912,E,2,12,70.6
2026-05-15 02:26:08,172608.00,3637.78828,N,12727.58911,E,2,12,70.4
2026-05-15 02:26:10,172610.00,3637.78829,N,12727.58912,E,2,12,70.5
2026-05-15 02:26:11,172611.00,3637.78830,N,12727.58913,E,2,12,70.4
2026-05-15 02:26:12,172612.00,3637.78830,N,12727.58914,E,2,12,70.5
2026-05-15 02:26:14,172614.00,3637.78831,N,12727.58915,E,2,12,70.4
2026-05-15 02:26:16,172616.00,3637.78833,N,12727.58918,E,2,12,70.5
2026-05-15 02:26:18,172618.00,3637.78835,N,12727.58918,E,2,12,70.5
2026-05-15 02:26:19,172619.00,3637.78838,N,12727.58918,E,2,12,70.4
2026-05-15 02:26:20,172620.00,3637.78839,N,12727.58918,E,2,12,70.4
2026-05-15 02:26:21,172621.00,3637.78840,N,12727.58917,E,2,12,70.4
2026-05-15 02:26:23,172623.00,3637.78842,N,12727.58915,E,2,12,70.4
2026-05-15 02:26:24,172624.00,3637.78842,N,12727.58914,E,2,12,70.4
2026-05-15 02:26:26,172626.00,3637.78847,N,12727.58910,E,2,12,70.1
2026-05-15 02:26:28,172628.00,3637.78846,N,12727.58907,E,2,12,70.2
2026-05-15 02:26:29,172629.00,3637.78846,N,12727.58905,E,2,12,70.2
2026-05-15 02:26:30,172630.00,3637.78846,N,12727.58903,E,2,12,70.2
2026-05-15 02:26:32,172632.00,3637.78856,N,12727.58894,E,2,12,69.7
2026-05-15 02:26:34,172634.00,3637.78863,N,12727.58886,E,2,12,69.4
2026-05-15 02:26:35,172635.00,3637.78867,N,12727.58883,E,2,12,69.2
2026-05-15 02:26:37,172637.00,3637.78870,N,12727.58877,E,2,12,69.0
2026-05-15 02:26:38,172638.00,3637.78872,N,12727.58875,E,2,12,68.9
2026-05-15 02:26:40,172640.00,3637.78875,N,12727.58871,E,2,12,68.6
2026-05-15 02:26:41,172641.00,3637.78876,N,12727.58870,E,2,12,68.5
2026-05-15 02:26:43,172643.00,3637.78878,N,12727.58867,E,2,12,68.4
2026-05-15 02:26:44,172644.00,3637.78879,N,12727.58866,E,2,12,68.2
2026-05-15 02:26:46,172646.00,3637.78882,N,12727.58861,E,2,12,68.0
2026-05-15 02:26:48,172648.00,3637.78879,N,12727.58862,E,2,12,68.1
2026-05-15 02:26:50,172650.00,3637.78873,N,12727.58861,E,2,12,68.2
2026-05-15 02:26:51,172651.00,3637.78871,N,12727.58861,E,2,12,68.2
2026-05-15 02:26:53,172653.00,3637.78868,N,12727.58862,E,2,12,68.3
2026-05-15 02:26:55,172655.00,3637.78865,N,12727.58864,E,2,12,68.4
2026-05-15 02:26:56,172656.00,3637.78863,N,12727.58865,E,2,12,68.5
2026-05-15 02:26:57,172657.00,3637.78862,N,12727.58866,E,2,12,68.6
2026-05-15 02:26:59,172659.00,3637.78859,N,12727.58869,E,2,12,68.8
2026-05-15 02:27:00,172700.00,3637.78858,N,12727.58869,E,2,12,68.9
2026-05-15 02:27:01,172701.00,3637.78856,N,12727.58870,E,2,12,69.1
2026-05-15 02:27:03,172703.00,3637.78853,N,12727.58870,E,2,12,69.3
2026-05-15 02:27:05,172705.00,3637.78848,N,12727.58870,E,2,12,69.6
2026-05-15 02:27:07,172707.00,3637.78851,N,12727.58865,E,2,12,69.5
2026-05-15 02:27:08,172708.00,3637.78849,N,12727.58865,E,2,12,69.6
2026-05-15 02:27:10,172710.00,3637.78848,N,12727.58863,E,2,12,69.8
2026-05-15 02:27:12,172712.00,3637.78844,N,12727.58860,E,2,12,70.1
2026-05-15 02:27:14,172714.00,3637.78842,N,12727.58857,E,2,12,70.3
2026-05-15 02:27:15,172715.00,3637.78842,N,12727.58857,E,2,12,70.4
2026-05-15 02:27:17,172717.00,3637.78847,N,12727.58852,E,2,12,70.4
2026-05-15 02:27:18,172718.00,3637.78844,N,12727.58854,E,2,12,70.5
2026-05-15 02:27:20,172720.00,3637.78843,N,12727.58857,E,2,12,70.5
2026-05-15 02:27:21,172721.00,3637.78844,N,12727.58858,E,2,12,70.6
2026-05-15 02:27:23,172723.00,3637.78846,N,12727.58859,E,2,12,70.6
2026-05-15 02:27:24,172724.00,3637.78847,N,12727.58859,E,2,12,70.7
2026-05-15 02:27:26,172726.00,3637.78848,N,12727.58860,E,2,12,70.8
2026-05-15 02:27:28,172728.00,3637.78848,N,12727.58860,E,2,12,70.9
2026-05-15 02:27:29,172729.00,3637.78848,N,12727.58859,E,2,12,71.0
2026-05-15 02:27:31,172731.00,3637.78853,N,12727.58855,E,2,12,70.8
2026-05-15 02:27:32,172732.00,3637.78850,N,12727.58854,E,2,12,70.9
2026-05-15 02:27:33,172733.00,3637.78849,N,12727.58854,E,2,12,70.9
2026-05-15 02:27:34,172734.00,3637.78848,N,12727.58854,E,2,12,71.0
2026-05-15 02:27:36,172736.00,3637.78855,N,12727.58849,E,2,12,70.8
2026-05-15 02:27:38,172738.00,3637.78854,N,12727.58847,E,2,12,71.0
2026-05-15 02:27:40,172740.00,3637.78858,N,12727.58844,E,2,12,70.9
2026-05-15 02:27:42,172742.00,3637.78852,N,12727.58845,E,2,12,71.1
2026-05-15 02:27:43,172743.00,3637.78850,N,12727.58844,E,2,12,71.2
2026-05-15 02:27:44,172744.00,3637.78848,N,12727.58845,E,2,12,71.2
2026-05-15 02:27:46,172746.00,3637.78854,N,12727.58844,E,2,12,71.0
2026-05-15 02:27:48,172748.00,3637.78857,N,12727.58845,E,2,12,70.8
2026-05-15 02:27:50,172750.00,3637.78858,N,12727.58845,E,2,12,70.8
2026-05-15 02:27:52,172752.00,3637.78853,N,12727.58849,E,2,12,70.9
2026-05-15 02:27:53,172753.00,3637.78853,N,12727.58849,E,2,12,70.8
2026-05-15 02:27:55,172755.00,3637.78855,N,12727.58851,E,2,12,70.6
2026-05-15 02:27:56,172756.00,3637.78855,N,12727.58853,E,2,12,70.5
2026-05-15 02:27:58,172758.00,3637.78858,N,12727.58856,E,2,12,70.4
2026-05-15 02:27:59,172759.00,3637.78859,N,12727.58856,E,2,12,70.3
2026-05-15 02:28:01,172801.00,3637.78854,N,12727.58861,E,2,12,70.4
2026-05-15 02:28:02,172802.00,3637.78855,N,12727.58862,E,2,12,70.3
2026-05-15 02:28:04,172804.00,3637.78853,N,12727.58865,E,2,12,70.3
2026-05-15 02:28:05,172805.00,3637.78854,N,12727.58866,E,2,12,70.2
2026-05-15 02:28:06,172806.00,3637.78854,N,12727.58867,E,2,12,70.1
2026-05-15 02:28:08,172808.00,3637.78854,N,12727.58869,E,2,12,69.9
2026-05-15 02:28:09,172809.00,3637.78854,N,12727.58870,E,2,12,69.9
2026-05-15 02:28:11,172811.00,3637.78854,N,12727.58874,E,2,12,69.7
2026-05-15 02:28:12,172812.00,3637.78854,N,12727.58875,E,2,12,69.6
2026-05-15 02:28:13,172813.00,3637.78854,N,12727.58876,E,2,12,69.6
2026-05-15 02:28:14,172814.00,3637.78850,N,12727.58882,E,2,12,69.6
2026-05-15 02:28:16,172816.00,3637.78848,N,12727.58884,E,2,12,69.5
2026-05-15 02:28:18,172818.00,3637.78851,N,12727.58887,E,2,12,69.3
2026-05-15 02:28:20,172820.00,3637.78847,N,12727.58891,E,2,12,69.3
2026-05-15 02:28:21,172821.00,3637.78846,N,12727.58893,E,2,12,69.3
2026-05-15 02:28:23,172823.00,3637.78844,N,12727.58899,E,2,12,69.3
2026-05-15 02:28:25,172825.00,3637.78842,N,12727.58904,E,2,12,69.4
2026-05-15 02:28:26,172826.00,3637.78840,N,12727.58906,E,2,12,69.4
2026-05-15 02:28:28,172828.00,3637.78844,N,12727.58908,E,2,12,69.2
2026-05-15 02:28:29,172829.00,3637.78845,N,12727.58908,E,2,12,69.0
2026-05-15 02:28:30,172830.00,3637.78846,N,12727.58909,E,2,12,68.9
2026-05-15 02:28:32,172832.00,3637.78848,N,12727.58910,E,2,12,68.7
2026-05-15 02:28:34,172834.00,3637.78849,N,12727.58910,E,2,12,68.5
2026-05-15 02:28:36,172836.00,3637.78844,N,12727.58913,E,2,12,68.6
2026-05-15 02:28:38,172838.00,3637.78841,N,12727.58918,E,2,12,68.7
2026-05-15 02:28:40,172840.00,3637.78838,N,12727.58921,E,2,12,68.8
2026-05-15 02:28:41,172841.00,3637.78837,N,12727.58923,E,2,12,68.8
2026-05-15 02:28:43,172843.00,3637.78834,N,12727.58928,E,2,12,68.8
2026-05-15 02:28:44,172844.00,3637.78832,N,12727.58930,E,2,12,68.9
2026-05-15 02:28:45,172845.00,3637.78830,N,12727.58932,E,2,12,68.9
2026-05-15 02:28:47,172847.00,3637.78832,N,12727.58934,E,2,12,68.7
2026-05-15 02:28:49,172849.00,3637.78830,N,12727.58938,E,2,12,68.7
2026-05-15 02:28:51,172851.00,3637.78830,N,12727.58941,E,2,12,68.8
2026-05-15 02:28:53,172853.00,3637.78830,N,12727.58944,E,2,12,68.8
2026-05-15 02:28:54,172854.00,3637.78830,N,12727.58945,E,2,12,68.8
2026-05-15 02:28:55,172855.00,3637.78831,N,12727.58943,E,2,12,68.9
2026-05-15 02:28:56,172856.00,3637.78832,N,12727.58940,E,2,12,69.0
2026-05-15 02:28:58,172858.00,3637.78834,N,12727.58941,E,2,12,68.8
2026-05-15 02:28:59,172859.00,3637.78836,N,12727.58940,E,2,12,68.6
2026-05-15 02:29:00,172900.00,3637.78838,N,12727.58940,E,2,12,68.5
2026-05-15 02:29:02,172902.00,3637.78841,N,12727.58935,E,2,12,68.1
2026-05-15 02:29:04,172904.00,3637.78844,N,12727.58933,E,2,12,67.8
2026-05-15 02:29:06,172906.00,3637.78845,N,12727.58934,E,2,12,67.6
2026-05-15 02:29:08,172908.00,3637.78847,N,12727.58936,E,2,12,67.4
2026-05-15 02:29:10,172910.00,3637.78850,N,12727.58938,E,2,12,67.1
2026-05-15 02:29:11,172911.00,3637.78851,N,12727.58939,E,2,12,66.9
2026-05-15 02:29:13,172913.00,3637.78852,N,12727.58941,E,2,12,66.7
2026-05-15 02:29:14,172914.00,3637.78853,N,12727.58942,E,2,12,66.6
2026-05-15 02:29:15,172915.00,3637.78853,N,12727.58944,E,2,12,66.5
2026-05-15 02:29:17,172917.00,3637.78854,N,12727.58947,E,2,12,66.2
2026-05-15 02:29:18,172918.00,3637.78854,N,12727.58948,E,2,12,66.1
2026-05-15 02:29:20,172920.00,3637.78857,N,12727.58944,E,2,12,66.1
2026-05-15 02:29:21,172921.00,3637.78860,N,12727.58939,E,2,12,66.1
2026-05-15 02:29:22,172922.00,3637.78860,N,12727.58938,E,2,12,66.1
2026-05-15 02:29:24,172924.00,3637.78858,N,12727.58937,E,2,12,66.0
2026-05-15 02:29:25,172925.00,3637.78857,N,12727.58937,E,2,12,65.9
2026-05-15 02:29:26,172926.00,3637.78856,N,12727.58935,E,2,12,65.9
2026-05-15 02:29:28,172928.00,3637.78855,N,12727.58934,E,2,12,65.8
2026-05-15 02:29:29,172929.00,3637.78855,N,12727.58932,E,2,12,65.8
2026-05-15 02:29:31,172931.00,3637.78852,N,12727.58931,E,2,12,65.7
2026-05-15 02:29:33,172933.00,3637.78851,N,12727.58928,E,2,12,65.7
2026-05-15 02:29:34,172934.00,3637.78851,N,12727.58927,E,2,12,65.7
2026-05-15 02:29:36,172936.00,3637.78850,N,12727.58926,E,2,12,65.7
2026-05-15 02:29:37,172937.00,3637.78849,N,12727.58925,E,2,12,65.7
2026-05-15 02:29:39,172939.00,3637.78850,N,12727.58920,E,2,12,65.7
2026-05-15 02:29:41,172941.00,3637.78850,N,12727.58915,E,2,12,65.7
2026-05-15 02:29:43,172943.00,3637.78852,N,12727.58913,E,2,12,65.8
2026-05-15 02:29:44,172944.00,3637.78853,N,12727.58911,E,2,12,65.8
2026-05-15 02:29:45,172945.00,3637.78854,N,12727.58910,E,2,12,65.8
2026-05-15 02:29:47,172947.00,3637.78858,N,12727.58907,E,2,12,65.8
2026-05-15 02:29:49,172949.00,3637.78861,N,12727.58901,E,2,12,65.9
2026-05-15 02:29:50,172950.00,3637.78864,N,12727.58885,E,2,12,66.1
2026-05-15 02:29:51,172951.00,3637.78867,N,12727.58871,E,2,12,66.3
2026-05-15 02:29:53,172953.00,3637.78871,N,12727.58856,E,2,12,66.5
2026-05-15 02:29:55,172955.00,3637.78872,N,12727.58854,E,2,12,66.5
2026-05-15 02:29:56,172956.00,3637.78873,N,12727.58855,E,2,12,66.5
2026-05-15 02:29:58,172958.00,3637.78876,N,12727.58831,E,2,12,66.7
2026-05-15 02:30:00,173000.00,3637.78879,N,12727.58815,E,2,12,67.0
2026-05-15 02:30:02,173002.00,3637.78884,N,12727.58797,E,2,12,67.1
2026-05-15 02:30:03,173003.00,3637.78886,N,12727.58792,E,2,12,67.1
2026-05-15 02:30:05,173005.00,3637.78889,N,12727.58786,E,2,12,67.1
2026-05-15 02:30:07,173007.00,3637.78889,N,12727.58779,E,2,12,67.0
2026-05-15 02:30:08,173008.00,3637.78889,N,12727.58773,E,2,12,67.0
2026-05-15 02:30:10,173010.00,3637.78890,N,12727.58770,E,2,12,66.9
2026-05-15 02:30:12,173012.00,3637.78894,N,12727.58762,E,2,12,66.9
2026-05-15 02:30:13,173013.00,3637.78895,N,12727.58761,E,2,12,66.9
2026-05-15 02:30:15,173015.00,3637.78896,N,12727.58759,E,2,12,66.8
2026-05-15 02:30:16,173016.00,3637.78897,N,12727.58758,E,2,12,66.8
2026-05-15 02:30:18,173018.00,3637.78897,N,12727.58754,E,2,12,66.7
2026-05-15 02:30:19,173019.00,3637.78897,N,12727.58753,E,2,12,66.6
2026-05-15 02:30:20,173020.00,3637.78898,N,12727.58753,E,2,12,66.5
2026-05-15 02:30:21,173021.00,3637.78899,N,12727.58753,E,2,12,66.5
2026-05-15 02:30:23,173023.00,3637.78900,N,12727.58752,E,2,12,66.3
2026-05-15 02:30:25,173025.00,3637.78900,N,12727.58752,E,2,12,66.3
2026-05-15 02:30:27,173027.00,3637.78901,N,12727.58752,E,2,12,66.3
2026-05-15 02:30:29,173029.00,3637.78887,N,12727.58739,E,2,12,66.5
2026-05-15 02:30:30,173030.00,3637.78875,N,12727.58721,E,2,12,66.6
2026-05-15 02:30:32,173032.00,3637.78873,N,12727.58716,E,2,12,66.7
2026-05-15 02:30:34,173034.00,3637.78879,N,12727.58700,E,2,12,66.4
2026-05-15 02:30:36,173036.00,3637.78883,N,12727.58716,E,2,12,67.0
2026-05-15 02:30:37,173037.00,3637.78879,N,12727.58718,E,2,12,67.1
2026-05-15 02:30:39,173039.00,3637.78889,N,12727.58711,E,2,12,67.2
2026-05-15 02:30:41,173041.00,3637.78881,N,12727.58714,E,2,12,67.5
2026-05-15 02:30:43,173043.00,3637.78902,N,12727.58727,E,2,12,67.5
2026-05-15 02:30:45,173045.00,3637.78903,N,12727.58725,E,2,12,67.6
2026-05-15 02:30:47,173047.00,3637.78909,N,12727.58732,E,2,12,67.8
2026-05-15 02:30:48,173048.00,3637.78910,N,12727.58735,E,2,12,67.8
2026-05-15 02:30:50,173050.00,3637.78922,N,12727.58742,E,2,12,67.7
2026-05-15 02:30:52,173052.00,3637.78938,N,12727.58761,E,2,12,67.7
2026-05-15 02:30:53,173053.00,3637.78936,N,12727.58773,E,2,12,67.7
2026-05-15 02:30:55,173055.00,3637.78943,N,12727.58769,E,2,12,67.8
2026-05-15 02:30:56,173056.00,3637.78948,N,12727.58748,E,2,12,68.1
2026-05-15 02:30:58,173058.00,3637.78952,N,12727.58745,E,2,12,67.8
2026-05-15 02:31:00,173100.00,3637.78968,N,12727.58698,E,2,12,67.9
2026-05-15 02:31:02,173102.00,3637.79010,N,12727.58651,E,2,12,68.4
2026-05-15 02:31:03,173103.00,3637.79039,N,12727.58630,E,2,12,68.7
2026-05-15 02:31:05,173105.00,3637.79125,N,12727.58612,E,2,12,69.1
2026-05-15 02:31:07,173107.00,3637.79214,N,12727.58621,E,2,12,69.6
2026-05-15 02:31:08,173108.00,3637.79261,N,12727.58640,E,2,12,69.6
2026-05-15 02:31:10,173110.00,3637.79328,N,12727.58639,E,2,12,69.9
2026-05-15 02:31:11,173111.00,3637.79360,N,12727.58643,E,2,12,70.2
2026-05-15 02:31:12,173112.00,3637.79363,N,12727.58641,E,2,12,70.5
2026-05-15 02:31:14,173114.00,3637.79357,N,12727.58637,E,2,12,70.4
2026-05-15 02:31:15,173115.00,3637.79355,N,12727.58635,E,2,12,70.5
2026-05-15 02:31:17,173117.00,3637.79357,N,12727.58634,E,2,12,70.6
2026-05-15 02:31:18,173118.00,3637.79359,N,12727.58640,E,2,12,70.9
2026-05-15 02:31:20,173120.00,3637.79363,N,12727.58643,E,2,12,71.0
2026-05-15 02:31:22,173122.00,3637.79447,N,12727.58663,E,2,12,71.1
2026-05-15 02:31:24,173124.00,3637.79553,N,12727.58702,E,2,12,71.3
2026-05-15 02:31:26,173126.00,3637.79639,N,12727.58726,E,2,12,71.6
2026-05-15 02:31:28,173128.00,3637.79750,N,12727.58771,E,2,12,71.9
2026-05-15 02:31:29,173129.00,3637.79802,N,12727.58779,E,2,12,71.7
2026-05-15 02:31:30,173130.00,3637.79846,N,12727.58801,E,2,12,71.7
2026-05-15 02:31:32,173132.00,3637.79960,N,12727.58842,E,2,12,71.5
2026-05-15 02:31:34,173134.00,3637.80053,N,12727.58864,E,2,12,71.3
2026-05-15 02:31:36,173136.00,3637.80171,N,12727.58897,E,2,12,71.6
2026-05-15 02:31:37,173137.00,3637.80215,N,12727.58903,E,2,12,71.6
2026-05-15 02:31:39,173139.00,3637.80306,N,12727.58945,E,2,12,71.7
2026-05-15 02:31:41,173141.00,3637.80396,N,12727.58985,E,2,12,71.5
2026-05-15 02:31:42,173142.00,3637.80436,N,12727.58981,E,2,12,71.6
2026-05-15 02:31:44,173144.00,3637.80549,N,12727.59013,E,2,12,71.6
2026-05-15 02:31:45,173145.00,3637.80604,N,12727.59035,E,2,12,71.4
2026-05-15 02:31:46,173146.00,3637.80646,N,12727.59054,E,2,12,71.4
2026-05-15 02:31:48,173148.00,3637.80744,N,12727.59092,E,2,12,71.3
2026-05-15 02:31:50,173150.00,3637.80813,N,12727.59061,E,2,12,71.2
2026-05-15 02:31:51,173151.00,3637.80867,N,12727.59047,E,2,12,71.1
2026-05-15 02:31:53,173153.00,3637.80971,N,12727.59029,E,2,12,71.0
2026-05-15 02:31:55,173155.00,3637.81075,N,12727.58991,E,2,12,71.4
2026-05-15 02:31:56,173156.00,3637.81141,N,12727.58993,E,2,12,71.7
2026-05-15 02:31:57,173157.00,3637.81203,N,12727.58997,E,2,12,71.8
2026-05-15 02:31:58,173158.00,3637.81247,N,12727.58993,E,2,12,71.9
2026-05-15 02:31:59,173159.00,3637.81284,N,12727.58993,E,2,12,72.2
2026-05-15 02:32:00,173200.00,3637.81331,N,12727.58997,E,2,12,72.6
2026-05-15 02:32:02,173202.00,3637.81433,N,12727.58979,E,2,12,73.2
2026-05-15 02:32:03,173203.00,3637.81482,N,12727.58977,E,2,12,73.2
2026-05-15 02:32:05,173205.00,3637.81576,N,12727.58976,E,2,12,73.8
2026-05-15 02:32:06,173206.00,3637.81631,N,12727.58972,E,2,12,73.9
2026-05-15 02:32:08,173208.00,3637.81731,N,12727.58965,E,2,12,74.2
2026-05-15 02:32:10,173210.00,3637.81831,N,12727.58962,E,2,12,74.2
2026-05-15 02:32:11,173211.00,3637.81878,N,12727.58957,E,2,12,74.2
2026-05-15 02:32:12,173212.00,3637.81925,N,12727.58950,E,2,12,74.3
2026-05-15 02:32:14,173214.00,3637.82034,N,12727.58894,E,2,12,74.6
2026-05-15 02:32:15,173215.00,3637.82079,N,12727.58848,E,2,12,74.6
2026-05-15 02:32:16,173216.00,3637.82123,N,12727.58818,E,2,12,74.7
2026-05-15 02:32:18,173218.00,3637.82230,N,12727.58758,E,2,12,74.6
2026-05-15 02:32:19,173219.00,3637.82271,N,12727.58706,E,2,12,74.7
2026-05-15 02:32:21,173221.00,3637.82343,N,12727.58599,E,2,12,74.6
2026-05-15 02:32:23,173223.00,3637.82440,N,12727.58503,E,2,12,74.3
2026-05-15 02:32:24,173224.00,3637.82476,N,12727.58440,E,2,12,74.4
2026-05-15 02:32:26,173226.00,3637.82538,N,12727.58318,E,2,12,74.1
2026-05-15 02:32:28,173228.00,3637.82604,N,12727.58194,E,2,12,74.4
2026-05-15 02:32:29,173229.00,3637.82643,N,12727.58130,E,2,12,74.3
2026-05-15 02:32:31,173231.00,3637.82676,N,12727.57989,E,2,12,74.0
2026-05-15 02:32:32,173232.00,3637.82688,N,12727.57919,E,2,12,73.8
2026-05-15 02:32:34,173234.00,3637.82719,N,12727.57796,E,2,12,73.8
2026-05-15 02:32:35,173235.00,3637.82731,N,12727.57727,E,2,12,73.9
2026-05-15 02:32:36,173236.00,3637.82748,N,12727.57647,E,2,12,73.6
2026-05-15 02:32:37,173237.00,3637.82772,N,12727.57550,E,2,12,73.8
2026-05-15 02:32:39,173239.00,3637.82814,N,12727.57406,E,2,12,73.8
2026-05-15 02:32:40,173240.00,3637.82832,N,12727.57346,E,2,12,74.0
2026-05-15 02:32:42,173242.00,3637.82888,N,12727.57199,E,2,12,73.7
2026-05-15 02:32:44,173244.00,3637.82941,N,12727.57051,E,2,12,73.6
2026-05-15 02:32:45,173245.00,3637.82963,N,12727.56975,E,2,12,73.4
2026-05-15 02:32:47,173247.00,3637.83021,N,12727.56865,E,2,12,73.2
2026-05-15 02:32:48,173248.00,3637.83052,N,12727.56837,E,2,12,73.1
2026-05-15 02:32:49,173249.00,3637.83089,N,12727.56782,E,2,12,73.0
2026-05-15 02:32:50,173250.00,3637.83135,N,12727.56715,E,2,12,73.1
2026-05-15 02:32:52,173252.00,3637.83194,N,12727.56598,E,2,12,72.8
2026-05-15 02:32:54,173254.00,3637.83239,N,12727.56477,E,2,12,72.9
2026-05-15 02:32:56,173256.00,3637.83267,N,12727.56339,E,2,12,72.6
2026-05-15 02:32:58,173258.00,3637.83290,N,12727.56215,E,2,12,72.5
2026-05-15 02:32:59,173259.00,3637.83317,N,12727.56135,E,2,12,72.3
2026-05-15 02:33:00,173300.00,3637.83341,N,12727.56053,E,2,12,72.3
2026-05-15 02:33:02,173302.00,3637.83351,N,12727.55898,E,2,12,71.8
2026-05-15 02:33:04,173304.00,3637.83369,N,12727.55763,E,2,12,71.7
2026-05-15 02:33:05,173305.00,3637.83386,N,12727.55692,E,2,12,71.6
2026-05-15 02:33:07,173307.00,3637.83419,N,12727.55566,E,2,12,71.4
2026-05-15 02:33:09,173309.00,3637.83438,N,12727.55429,E,2,12,71.2
2026-05-15 02:33:11,173311.00,3637.83467,N,12727.55317,E,2,12,71.0
2026-05-15 02:33:13,173313.00,3637.83508,N,12727.55160,E,2,12,71.0
2026-05-15 02:33:15,173315.00,3637.83535,N,12727.55005,E,2,12,71.0
2026-05-15 02:33:16,173316.00,3637.83552,N,12727.54936,E,2,12,71.0
2026-05-15 02:33:17,173317.00,3637.83567,N,12727.54875,E,2,12,71.1
2026-05-15 02:33:19,173319.00,3637.83610,N,12727.54724,E,2,12,71.0
2026-05-15 02:33:20,173320.00,3637.83628,N,12727.54643,E,2,12,71.1
2026-05-15 02:33:22,173322.00,3637.83664,N,12727.54504,E,2,12,70.8
2026-05-15 02:33:24,173324.00,3637.83692,N,12727.54385,E,2,12,71.2
2026-05-15 02:33:26,173326.00,3637.83714,N,12727.54233,E,2,12,71.2
2026-05-15 02:33:28,173328.00,3637.83716,N,12727.54083,E,2,12,71.2
2026-05-15 02:33:30,173330.00,3637.83723,N,12727.53949,E,2,12,71.3
2026-05-15 02:33:32,173332.00,3637.83716,N,12727.53790,E,2,12,71.4
2026-05-15 02:33:33,173333.00,3637.83713,N,12727.53707,E,2,12,71.7
2026-05-15 02:33:35,173335.00,3637.83698,N,12727.53561,E,2,12,71.5
2026-05-15 02:33:37,173337.00,3637.83706,N,12727.53425,E,2,12,72.0
2026-05-15 02:33:38,173338.00,3637.83719,N,12727.53348,E,2,12,72.0
2026-05-15 02:33:40,173340.00,3637.83732,N,12727.53184,E,2,12,72.1
2026-05-15 02:33:42,173342.00,3637.83738,N,12727.53028,E,2,12,71.7
2026-05-15 02:33:44,173344.00,3637.83754,N,12727.52877,E,2,12,71.7
2026-05-15 02:33:46,173346.00,3637.83757,N,12727.52720,E,2,12,71.3
2026-05-15 02:33:47,173347.00,3637.83758,N,12727.52634,E,2,12,71.3
2026-05-15 02:33:49,173349.00,3637.83773,N,12727.52451,E,2,12,71.3
2026-05-15 02:33:50,173350.00,3637.83780,N,12727.52368,E,2,12,71.3
2026-05-15 02:33:52,173352.00,3637.83788,N,12727.52247,E,2,12,71.4
2026-05-15 02:33:54,173354.00,3637.83814,N,12727.52095,E,2,12,71.2
2026-05-15 02:33:56,173356.00,3637.83841,N,12727.51927,E,2,12,71.2
2026-05-15 02:33:57,173357.00,3637.83844,N,12727.51852,E,2,12,71.0
2026-05-15 02:33:59,173359.00,3637.83866,N,12727.51725,E,2,12,71.2
2026-05-15 02:34:00,173400.00,3637.83882,N,12727.51661,E,2,12,71.1
2026-05-15 02:34:02,173402.00,3637.83911,N,12727.51525,E,2,12,71.3
2026-05-15 02:34:04,173404.00,3637.83941,N,12727.51411,E,2,12,71.5
2026-05-15 02:34:05,173405.00,3637.83955,N,12727.51347,E,2,12,71.6
2026-05-15 02:34:07,173407.00,3637.83966,N,12727.51196,E,2,12,71.5
2026-05-15 02:34:08,173408.00,3637.83980,N,12727.51127,E,2,12,71.7
2026-05-15 02:34:10,173410.00,3637.84015,N,12727.50973,E,2,12,71.7
2026-05-15 02:34:11,173411.00,3637.84025,N,12727.50894,E,2,12,71.8
2026-05-15 02:34:13,173413.00,3637.84024,N,12727.50758,E,2,12,71.9
2026-05-15 02:34:14,173414.00,3637.84020,N,12727.50698,E,2,12,72.2
2026-05-15 02:34:16,173416.00,3637.84030,N,12727.50557,E,2,12,72.1
2026-05-15 02:34:17,173417.00,3637.84033,N,12727.50481,E,2,12,72.2
2026-05-15 02:34:18,173418.00,3637.84040,N,12727.50407,E,2,12,72.1
2026-05-15 02:34:20,173420.00,3637.84075,N,12727.50286,E,2,12,72.2
2026-05-15 02:34:22,173422.00,3637.84099,N,12727.50147,E,2,12,72.0
2026-05-15 02:34:23,173423.00,3637.84106,N,12727.50071,E,2,12,72.0
2026-05-15 02:34:24,173424.00,3637.84112,N,12727.49991,E,2,12,71.9
2026-05-15 02:34:26,173426.00,3637.84116,N,12727.49845,E,2,12,71.8
2026-05-15 02:34:28,173428.00,3637.84126,N,12727.49715,E,2,12,71.9
2026-05-15 02:34:29,173429.00,3637.84144,N,12727.49647,E,2,12,71.8
2026-05-15 02:34:30,173430.00,3637.84163,N,12727.49574,E,2,12,71.9
2026-05-15 02:34:31,173431.00,3637.84173,N,12727.49491,E,2,12,71.7
2026-05-15 02:34:33,173433.00,3637.84188,N,12727.49345,E,2,12,71.6
2026-05-15 02:34:35,173435.00,3637.84202,N,12727.49225,E,2,12,71.8
2026-05-15 02:34:37,173437.00,3637.84213,N,12727.49119,E,2,12,71.5
2026-05-15 02:34:39,173439.00,3637.84229,N,12727.48991,E,2,12,71.1
2026-05-15 02:34:41,173441.00,3637.84265,N,12727.48869,E,2,12,70.5
2026-05-15 02:34:43,173443.00,3637.84304,N,12727.48750,E,2,12,69.8
2026-05-15 02:34:45,173445.00,3637.84320,N,12727.48655,E,2,12,69.2
2026-05-15 02:34:47,173447.00,3637.84335,N,12727.48529,E,2,12,68.7
2026-05-15 02:34:49,173449.00,3637.84361,N,12727.48427,E,2,12,68.5
2026-05-15 02:34:51,173451.00,3637.84398,N,12727.48375,E,2,12,68.1
2026-05-15 02:34:52,173452.00,3637.84410,N,12727.48336,E,2,12,67.7
2026-05-15 02:34:54,173454.00,3637.84420,N,12727.48231,E,2,12,67.2
2026-05-15 02:34:55,173455.00,3637.84421,N,12727.48156,E,2,12,67.0
2026-05-15 02:34:56,173456.00,3637.84413,N,12727.48081,E,2,12,66.7
2026-05-15 02:34:58,173458.00,3637.84394,N,12727.47944,E,2,12,66.5
2026-05-15 02:35:00,173500.00,3637.84365,N,12727.47768,E,2,12,66.5
2026-05-15 02:35:02,173502.00,3637.84341,N,12727.47596,E,2,12,67.3
2026-05-15 02:35:04,173504.00,3637.84321,N,12727.47439,E,2,12,68.0
2026-05-15 02:35:05,173505.00,3637.84295,N,12727.47370,E,2,12,68.3
2026-05-15 02:35:07,173507.00,3637.84246,N,12727.47248,E,2,12,68.1
2026-05-15 02:35:09,173509.00,3637.84217,N,12727.47121,E,2,12,68.7
2026-05-15 02:35:11,173511.00,3637.84188,N,12727.47062,E,2,12,68.8
2026-05-15 02:35:12,173512.00,3637.84180,N,12727.47061,E,2,12,68.9
2026-05-15 02:35:14,173514.00,3637.84139,N,12727.47007,E,2,12,68.7
2026-05-15 02:35:15,173515.00,3637.84119,N,12727.46948,E,2,12,68.4
2026-05-15 02:35:16,173516.00,3637.84103,N,12727.46895,E,2,12,68.3
2026-05-15 02:35:18,173518.00,3637.84074,N,12727.46783,E,2,12,68.0
2026-05-15 02:35:20,173520.00,3637.84053,N,12727.46669,E,2,12,67.9
2026-05-15 02:35:21,173521.00,3637.84043,N,12727.46605,E,2,12,67.6
2026-05-15 02:35:23,173523.00,3637.84030,N,12727.46485,E,2,12,67.1
2026-05-15 02:35:25,173525.00,3637.84002,N,12727.46360,E,2,12,66.8
2026-05-15 02:35:26,173526.00,3637.83990,N,12727.46287,E,2,12,66.5
2026-05-15 02:35:28,173528.00,3637.83951,N,12727.46172,E,2,12,66.4
2026-05-15 02:35:29,173529.00,3637.83946,N,12727.46137,E,2,12,66.3
2026-05-15 02:35:31,173531.00,3637.83914,N,12727.46039,E,2,12,66.1
2026-05-15 02:35:33,173533.00,3637.83890,N,12727.45912,E,2,12,66.2
2026-05-15 02:35:35,173535.00,3637.83856,N,12727.45800,E,2,12,65.7
2026-05-15 02:35:37,173537.00,3637.83819,N,12727.45694,E,2,12,65.2
2026-05-15 02:35:38,173538.00,3637.83813,N,12727.45635,E,2,12,65.2
2026-05-15 02:35:40,173540.00,3637.83797,N,12727.45492,E,2,12,65.2
2026-05-15 02:35:41,173541.00,3637.83782,N,12727.45425,E,2,12,64.9
2026-05-15 02:35:43,173543.00,3637.83745,N,12727.45290,E,2,12,64.9
2026-05-15 02:35:45,173545.00,3637.83681,N,12727.45145,E,2,12,64.4
2026-05-15 02:35:47,173547.00,3637.83637,N,12727.45033,E,2,12,64.0
2026-05-15 02:35:48,173548.00,3637.83609,N,12727.44976,E,2,12,64.1
2026-05-15 02:35:49,173549.00,3637.83559,N,12727.44931,E,2,12,64.2
2026-05-15 02:35:51,173551.00,3637.83426,N,12727.44848,E,2,12,63.9
2026-05-15 02:35:53,173553.00,3637.83315,N,12727.44774,E,2,12,63.5
2026-05-15 02:35:55,173555.00,3637.83212,N,12727.44721,E,2,12,63.2
2026-05-15 02:35:56,173556.00,3637.83152,N,12727.44712,E,2,12,62.8
2026-05-15 02:35:57,173557.00,3637.83078,N,12727.44692,E,2,12,62.7
2026-05-15 02:35:59,173559.00,3637.82957,N,12727.44653,E,2,12,62.4
2026-05-15 02:36:01,173601.00,3637.82859,N,12727.44612,E,2,12,62.0
2026-05-15 02:36:02,173602.00,3637.82801,N,12727.44591,E,2,12,62.1
2026-05-15 02:36:04,173604.00,3637.82688,N,12727.44554,E,2,12,61.9
2026-05-15 02:36:05,173605.00,3637.82641,N,12727.44522,E,2,12,61.6
2026-05-15 02:36:07,173607.00,3637.82599,N,12727.44452,E,2,12,61.9
2026-05-15 02:36:09,173609.00,3637.82565,N,12727.44348,E,2,12,61.7
2026-05-15 02:36:10,173610.00,3637.82568,N,12727.44283,E,2,12,61.6
2026-05-15 02:36:11,173611.00,3637.82577,N,12727.44212,E,2,12,61.5
2026-05-15 02:36:12,173612.00,3637.82580,N,12727.44152,E,2,12,61.3
2026-05-15 02:36:14,173614.00,3637.82603,N,12727.44061,E,2,12,60.2
2026-05-15 02:36:16,173616.00,3637.82618,N,12727.43942,E,2,12,58.8
2026-05-15 02:36:17,173617.00,3637.82626,N,12727.43856,E,2,12,58.5
2026-05-15 02:36:19,173619.00,3637.82675,N,12727.43698,E,2,12,57.9
2026-05-15 02:36:21,173621.00,3637.82715,N,12727.43549,E,2,12,58.2
2026-05-15 02:36:22,173622.00,3637.82728,N,12727.43475,E,2,12,58.4
2026-05-15 02:36:23,173623.00,3637.82745,N,12727.43399,E,2,12,58.6
2026-05-15 02:36:25,173625.00,3637.82790,N,12727.43276,E,2,12,58.3
2026-05-15 02:36:26,173626.00,3637.82818,N,12727.43223,E,2,12,58.4
2026-05-15 02:36:28,173628.00,3637.82891,N,12727.43096,E,2,12,58.5
2026-05-15 02:36:29,173629.00,3637.82914,N,12727.43035,E,2,12,58.6
2026-05-15 02:36:31,173631.00,3637.82962,N,12727.42905,E,2,12,58.6
2026-05-15 02:36:32,173632.00,3637.82995,N,12727.42847,E,2,12,58.7
2026-05-15 02:36:34,173634.00,3637.83056,N,12727.42725,E,2,12,58.4
2026-05-15 02:36:35,173635.00,3637.83078,N,12727.42656,E,2,12,58.4
2026-05-15 02:36:37,173637.00,3637.83127,N,12727.42533,E,2,12,58.3
2026-05-15 02:36:39,173639.00,3637.83211,N,12727.42437,E,2,12,58.4
2026-05-15 02:36:41,173641.00,3637.83291,N,12727.42303,E,2,12,58.7
2026-05-15 02:36:42,173642.00,3637.83311,N,12727.42234,E,2,12,58.4
2026-05-15 02:36:44,173644.00,3637.83364,N,12727.42114,E,2,12,58.7
2026-05-15 02:36:46,173646.00,3637.83427,N,12727.41993,E,2,12,58.6
2026-05-15 02:36:48,173648.00,3637.83478,N,12727.41880,E,2,12,58.4
2026-05-15 02:36:50,173650.00,3637.83552,N,12727.41776,E,2,12,58.5
2026-05-15 02:36:52,173652.00,3637.83640,N,12727.41657,E,2,12,58.6
2026-05-15 02:36:53,173653.00,3637.83667,N,12727.41594,E,2,12,58.6
2026-05-15 02:36:54,173654.00,3637.83687,N,12727.41551,E,2,12,58.6
2026-05-15 02:36:56,173656.00,3637.83732,N,12727.41468,E,2,12,58.6
2026-05-15 02:36:58,173658.00,3637.83771,N,12727.41363,E,2,12,58.6
2026-05-15 02:36:59,173659.00,3637.83794,N,12727.41302,E,2,12,58.6
2026-05-15 02:37:00,173700.00,3637.83819,N,12727.41238,E,2,12,58.6
2026-05-15 02:37:02,173702.00,3637.83882,N,12727.41114,E,2,12,58.6
2026-05-15 02:37:04,173704.00,3637.83943,N,12727.41007,E,2,12,58.6
2026-05-15 02:37:06,173706.00,3637.84006,N,12727.40876,E,2,12,58.3
2026-05-15 02:37:07,173707.00,3637.84030,N,12727.40815,E,2,12,58.3
2026-05-15 02:37:08,173708.00,3637.84043,N,12727.40752,E,2,12,58.2
2026-05-15 02:37:10,173710.00,3637.84021,N,12727.40608,E,2,12,58.1
2026-05-15 02:37:12,173712.00,3637.83957,N,12727.40488,E,2,12,58.1
2026-05-15 02:37:14,173714.00,3637.83874,N,12727.40385,E,2,12,58.3
2026-05-15 02:37:16,173716.00,3637.83767,N,12727.40262,E,2,12,58.6
2026-05-15 02:37:18,173718.00,3637.83667,N,12727.40164,E,2,12,58.7
2026-05-15 02:37:19,173719.00,3637.83621,N,12727.40129,E,2,12,58.8
2026-05-15 02:37:20,173720.00,3637.83575,N,12727.40090,E,2,12,59.0
2026-05-15 02:37:22,173722.00,3637.83471,N,12727.39994,E,2,12,59.1
2026-05-15 02:37:24,173724.00,3637.83371,N,12727.39908,E,2,12,59.2
2026-05-15 02:37:26,173726.00,3637.83285,N,12727.39830,E,2,12,59.3
2026-05-15 02:37:27,173727.00,3637.83243,N,12727.39783,E,2,12,59.2
2026-05-15 02:37:29,173729.00,3637.83146,N,12727.39679,E,2,12,59.4
2026-05-15 02:37:30,173730.00,3637.83092,N,12727.39637,E,2,12,59.2
2026-05-15 02:37:31,173731.00,3637.83052,N,12727.39601,E,2,12,59.0
2026-05-15 02:37:33,173733.00,3637.82972,N,12727.39555,E,2,12,59.0
2026-05-15 02:37:34,173734.00,3637.82936,N,12727.39536,E,2,12,58.9
2026-05-15 02:37:35,173735.00,3637.82902,N,12727.39508,E,2,12,59.0
2026-05-15 02:37:37,173737.00,3637.82834,N,12727.39441,E,2,12,59.1
2026-05-15 02:37:38,173738.00,3637.82789,N,12727.39404,E,2,12,59.0
2026-05-15 02:37:39,173739.00,3637.82749,N,12727.39366,E,2,12,59.3
2026-05-15 02:37:41,173741.00,3637.82662,N,12727.39287,E,2,12,59.4
2026-05-15 02:37:43,173743.00,3637.82559,N,12727.39219,E,2,12,59.3
2026-05-15 02:37:44,173744.00,3637.82507,N,12727.39180,E,2,12,59.3
2026-05-15 02:37:45,173745.00,3637.82460,N,12727.39150,E,2,12,59.0
2026-05-15 02:37:46,173746.00,3637.82405,N,12727.39108,E,2,12,58.8
2026-05-15 02:37:48,173748.00,3637.82302,N,12727.39036,E,2,12,58.8
2026-05-15 02:37:49,173749.00,3637.82248,N,12727.39003,E,2,12,58.7
2026-05-15 02:37:50,173750.00,3637.82200,N,12727.38972,E,2,12,58.5
2026-05-15 02:37:51,173751.00,3637.82146,N,12727.38938,E,2,12,58.4
2026-05-15 02:37:53,173753.00,3637.82067,N,12727.38839,E,2,12,58.4
2026-05-15 02:37:55,173755.00,3637.81970,N,12727.38749,E,2,12,58.1
2026-05-15 02:37:57,173757.00,3637.81878,N,12727.38690,E,2,12,58.0
2026-05-15 02:37:58,173758.00,3637.81861,N,12727.38681,E,2,12,58.0
2026-05-15 02:38:00,173800.00,3637.81857,N,12727.38683,E,2,12,58.0
2026-05-15 02:38:02,173802.00,3637.81798,N,12727.38611,E,2,12,57.7
2026-05-15 02:38:03,173803.00,3637.81744,N,12727.38556,E,2,12,57.8
2026-05-15 02:38:05,173805.00,3637.81624,N,12727.38471,E,2,12,57.8
2026-05-15 02:38:07,173807.00,3637.81525,N,12727.38395,E,2,12,57.7
2026-05-15 02:38:08,173808.00,3637.81477,N,12727.38362,E,2,12,57.6
2026-05-15 02:38:10,173810.00,3637.81360,N,12727.38296,E,2,12,57.4
2026-05-15 02:38:11,173811.00,3637.81302,N,12727.38256,E,2,12,57.5
2026-05-15 02:38:13,173813.00,3637.81185,N,12727.38191,E,2,12,57.7
2026-05-15 02:38:14,173814.00,3637.81135,N,12727.38165,E,2,12,57.5
2026-05-15 02:38:15,173815.00,3637.81096,N,12727.38134,E,2,12,57.6
2026-05-15 02:38:17,173817.00,3637.81032,N,12727.38082,E,2,12,58.1
2026-05-15 02:38:19,173819.00,3637.80983,N,12727.38069,E,2,12,58.2
2026-05-15 02:38:20,173820.00,3637.80959,N,12727.38060,E,2,12,58.1
2026-05-15 02:38:21,173821.00,3637.80915,N,12727.38044,E,2,12,58.1
2026-05-15 02:38:23,173823.00,3637.80823,N,12727.37981,E,2,12,58.6
2026-05-15 02:38:25,173825.00,3637.80749,N,12727.37890,E,2,12,59.1
2026-05-15 02:38:26,173826.00,3637.80702,N,12727.37856,E,2,12,59.0
2026-05-15 02:38:27,173827.00,3637.80650,N,12727.37819,E,2,12,59.2
2026-05-15 02:38:29,173829.00,3637.80544,N,12727.37754,E,2,12,59.4
2026-05-15 02:38:30,173830.00,3637.80500,N,12727.37718,E,2,12,59.5
2026-05-15 02:38:32,173832.00,3637.80415,N,12727.37676,E,2,12,59.6
2026-05-15 02:38:34,173834.00,3637.80300,N,12727.37639,E,2,12,59.6
2026-05-15 02:38:35,173835.00,3637.80249,N,12727.37622,E,2,12,59.6
2026-05-15 02:38:36,173836.00,3637.80199,N,12727.37605,E,2,12,59.7
2026-05-15 02:38:37,173837.00,3637.80155,N,12727.37593,E,2,12,59.5
2026-05-15 02:38:38,173838.00,3637.80111,N,12727.37578,E,2,12,59.6
2026-05-15 02:38:40,173840.00,3637.80018,N,12727.37553,E,2,12,59.5
2026-05-15 02:38:42,173842.00,3637.79976,N,12727.37535,E,2,12,59.6
2026-05-15 02:38:44,173844.00,3637.79996,N,12727.37477,E,2,12,59.5
2026-05-15 02:38:46,173846.00,3637.80080,N,12727.37372,E,2,12,59.1
2026-05-15 02:38:47,173847.00,3637.80124,N,12727.37324,E,2,12,58.8
2026-05-15 02:38:49,173849.00,3637.80208,N,12727.37234,E,2,12,58.9
2026-05-15 02:38:51,173851.00,3637.80299,N,12727.37133,E,2,12,58.8
2026-05-15 02:38:52,173852.00,3637.80335,N,12727.37071,E,2,12,58.9
2026-05-15 02:38:53,173853.00,3637.80365,N,12727.37001,E,2,12,58.8
2026-05-15 02:38:55,173855.00,3637.80399,N,12727.36872,E,2,12,58.7
2026-05-15 02:38:56,173856.00,3637.80403,N,12727.36798,E,2,12,58.7
2026-05-15 02:38:58,173858.00,3637.80363,N,12727.36645,E,2,12,58.4
2026-05-15 02:38:59,173859.00,3637.80324,N,12727.36583,E,2,12,58.3
2026-05-15 02:39:01,173901.00,3637.80228,N,12727.36479,E,2,12,58.3
2026-05-15 02:39:02,173902.00,3637.80187,N,12727.36429,E,2,12,58.2
2026-05-15 02:39:04,173904.00,3637.80096,N,12727.36335,E,2,12,58.4
2026-05-15 02:39:05,173905.00,3637.80039,N,12727.36296,E,2,12,58.3
2026-05-15 02:39:06,173906.00,3637.79979,N,12727.36264,E,2,12,58.3
2026-05-15 02:39:07,173907.00,3637.79915,N,12727.36239,E,2,12,58.5
2026-05-15 02:39:08,173908.00,3637.79851,N,12727.36235,E,2,12,58.5
2026-05-15 02:39:10,173910.00,3637.79747,N,12727.36278,E,2,12,58.3
2026-05-15 02:39:11,173911.00,3637.79700,N,12727.36319,E,2,12,58.4
2026-05-15 02:39:13,173913.00,3637.79605,N,12727.36419,E,2,12,58.4
2026-05-15 02:39:14,173914.00,3637.79565,N,12727.36480,E,2,12,58.4
2026-05-15 02:39:15,173915.00,3637.79531,N,12727.36543,E,2,12,58.3
2026-05-15 02:39:17,173917.00,3637.79465,N,12727.36647,E,2,12,58.2
2026-05-15 02:39:18,173918.00,3637.79427,N,12727.36699,E,2,12,58.0
2026-05-15 02:39:20,173920.00,3637.79351,N,12727.36810,E,2,12,58.0
2026-05-15 02:39:21,173921.00,3637.79321,N,12727.36855,E,2,12,57.9
2026-05-15 02:39:22,173922.00,3637.79273,N,12727.36887,E,2,12,58.3
2026-05-15 02:39:24,173924.00,3637.79169,N,12727.36988,E,2,12,58.2
2026-05-15 02:39:26,173926.00,3637.79060,N,12727.37068,E,2,12,58.3
2026-05-15 02:39:28,173928.00,3637.78942,N,12727.37073,E,2,12,58.5
2026-05-15 02:39:29,173929.00,3637.78882,N,12727.37058,E,2,12,58.7
2026-05-15 02:39:31,173931.00,3637.78777,N,12727.37004,E,2,12,58.8
2026-05-15 02:39:32,173932.00,3637.78733,N,12727.36970,E,2,12,58.9
2026-05-15 02:39:33,173933.00,3637.78684,N,12727.36928,E,2,12,58.8
2026-05-15 02:39:35,173935.00,3637.78579,N,12727.36854,E,2,12,59.0
2026-05-15 02:39:36,173936.00,3637.78532,N,12727.36821,E,2,12,59.0
2026-05-15 02:39:38,173938.00,3637.78439,N,12727.36724,E,2,12,59.0
2026-05-15 02:39:39,173939.00,3637.78385,N,12727.36667,E,2,12,58.9
2026-05-15 02:39:40,173940.00,3637.78331,N,12727.36615,E,2,12,59.0
2026-05-15 02:39:42,173942.00,3637.78231,N,12727.36534,E,2,12,58.8
2026-05-15 02:39:44,173944.00,3637.78143,N,12727.36457,E,2,12,58.9
2026-05-15 02:39:46,173946.00,3637.78050,N,12727.36366,E,2,12,58.8
2026-05-15 02:39:47,173947.00,3637.78002,N,12727.36317,E,2,12,58.8
2026-05-15 02:39:48,173948.00,3637.77965,N,12727.36264,E,2,12,58.8
2026-05-15 02:39:50,173950.00,3637.77885,N,12727.36165,E,2,12,58.8
2026-05-15 02:39:51,173951.00,3637.77834,N,12727.36120,E,2,12,59.0
2026-05-15 02:39:52,173952.00,3637.77777,N,12727.36082,E,2,12,59.0
2026-05-15 02:39:54,173954.00,3637.77685,N,12727.36007,E,2,12,58.9
2026-05-15 02:39:56,173956.00,3637.77588,N,12727.35908,E,2,12,58.7
2026-05-15 02:39:58,173958.00,3637.77482,N,12727.35833,E,2,12,58.6
2026-05-15 02:40:00,174000.00,3637.77383,N,12727.35770,E,2,12,58.6
2026-05-15 02:40:01,174001.00,3637.77326,N,12727.35729,E,2,12,58.5
2026-05-15 02:40:02,174002.00,3637.77268,N,12727.35685,E,2,12,58.5
2026-05-15 02:40:04,174004.00,3637.77156,N,12727.35613,E,2,12,58.6
2026-05-15 02:40:05,174005.00,3637.77110,N,12727.35588,E,2,12,58.6
2026-05-15 02:40:06,174006.00,3637.77065,N,12727.35565,E,2,12,58.7
2026-05-15 02:40:08,174008.00,3637.76942,N,12727.35560,E,2,12,58.5
2026-05-15 02:40:10,174010.00,3637.76819,N,12727.35583,E,2,12,58.4
2026-05-15 02:40:12,174012.00,3637.76709,N,12727.35591,E,2,12,58.6
2026-05-15 02:40:14,174014.00,3637.76590,N,12727.35597,E,2,12,58.7
2026-05-15 02:40:16,174016.00,3637.76481,N,12727.35608,E,2,12,58.6
2026-05-15 02:40:17,174017.00,3637.76433,N,12727.35608,E,2,12,58.8
2026-05-15 02:40:19,174019.00,3637.76306,N,12727.35623,E,2,12,58.6
2026-05-15 02:40:21,174021.00,3637.76178,N,12727.35648,E,2,12,58.9
2026-05-15 02:40:22,174022.00,3637.76125,N,12727.35647,E,2,12,58.8
2026-05-15 02:40:24,174024.00,3637.76019,N,12727.35633,E,2,12,58.9
2026-05-15 02:40:25,174025.00,3637.75983,N,12727.35641,E,2,12,58.8
2026-05-15 02:40:27,174027.00,3637.75927,N,12727.35637,E,2,12,58.8
2026-05-15 02:40:28,174028.00,3637.75887,N,12727.35628,E,2,12,58.8
2026-05-15 02:40:29,174029.00,3637.75837,N,12727.35612,E,2,12,59.0
2026-05-15 02:40:31,174031.00,3637.75735,N,12727.35568,E,2,12,58.9
2026-05-15 02:40:32,174032.00,3637.75681,N,12727.35540,E,2,12,58.9
2026-05-15 02:40:33,174033.00,3637.75638,N,12727.35494,E,2,12,59.1
2026-05-15 02:40:35,174035.00,3637.75540,N,12727.35377,E,2,12,59.0
2026-05-15 02:40:37,174037.00,3637.75445,N,12727.35264,E,2,12,59.0
2026-05-15 02:40:38,174038.00,3637.75401,N,12727.35212,E,2,12,59.1
2026-05-15 02:40:40,174040.00,3637.75309,N,12727.35087,E,2,12,58.8
2026-05-15 02:40:41,174041.00,3637.75258,N,12727.35023,E,2,12,58.7
2026-05-15 02:40:43,174043.00,3637.75153,N,12727.34924,E,2,12,58.9
2026-05-15 02:40:44,174044.00,3637.75103,N,12727.34886,E,2,12,58.7
2026-05-15 02:40:46,174046.00,3637.75004,N,12727.34824,E,2,12,58.9
2026-05-15 02:40:47,174047.00,3637.74944,N,12727.34794,E,2,12,58.9
2026-05-15 02:40:49,174049.00,3637.74828,N,12727.34750,E,2,12,59.1
2026-05-15 02:40:50,174050.00,3637.74770,N,12727.34717,E,2,12,59.1
2026-05-15 02:40:52,174052.00,3637.74669,N,12727.34678,E,2,12,59.4
2026-05-15 02:40:54,174054.00,3637.74552,N,12727.34660,E,2,12,59.4
2026-05-15 02:40:56,174056.00,3637.74432,N,12727.34652,E,2,12,59.5
2026-05-15 02:40:57,174057.00,3637.74371,N,12727.34661,E,2,12,59.5
2026-05-15 02:40:59,174059.00,3637.74263,N,12727.34658,E,2,12,59.4
2026-05-15 02:41:01,174101.00,3637.74162,N,12727.34664,E,2,12,59.4
2026-05-15 02:41:02,174102.00,3637.74115,N,12727.34673,E,2,12,59.4
2026-05-15 02:41:04,174104.00,3637.74000,N,12727.34674,E,2,12,59.2
2026-05-15 02:41:05,174105.00,3637.73938,N,12727.34654,E,2,12,58.9
2026-05-15 02:41:06,174106.00,3637.73881,N,12727.34645,E,2,12,58.8
2026-05-15 02:41:08,174108.00,3637.73774,N,12727.34647,E,2,12,58.8
2026-05-15 02:41:09,174109.00,3637.73715,N,12727.34642,E,2,12,58.6
2026-05-15 02:41:11,174111.00,3637.73592,N,12727.34634,E,2,12,58.4
2026-05-15 02:41:13,174113.00,3637.73480,N,12727.34655,E,2,12,58.7
2026-05-15 02:41:14,174114.00,3637.73429,N,12727.34656,E,2,12,58.7
2026-05-15 02:41:16,174116.00,3637.73321,N,12727.34683,E,2,12,58.4
2026-05-15 02:41:17,174117.00,3637.73268,N,12727.34698,E,2,12,58.3
2026-05-15 02:41:19,174119.00,3637.73165,N,12727.34699,E,2,12,58.3
2026-05-15 02:41:20,174120.00,3637.73115,N,12727.34688,E,2,12,58.1
2026-05-15 02:41:22,174122.00,3637.72999,N,12727.34685,E,2,12,58.1
2026-05-15 02:41:23,174123.00,3637.72941,N,12727.34682,E,2,12,58.1
2026-05-15 02:41:25,174125.00,3637.72838,N,12727.34672,E,2,12,58.4
2026-05-15 02:41:26,174126.00,3637.72778,N,12727.34655,E,2,12,58.4
2026-05-15 02:41:28,174128.00,3637.72663,N,12727.34642,E,2,12,58.3
2026-05-15 02:41:30,174130.00,3637.72556,N,12727.34622,E,2,12,58.6
2026-05-15 02:41:31,174131.00,3637.72497,N,12727.34595,E,2,12,58.5
2026-05-15 02:41:32,174132.00,3637.72430,N,12727.34575,E,2,12,58.3
2026-05-15 02:41:34,174134.00,3637.72294,N,12727.34560,E,2,12,58.4
2026-05-15 02:41:35,174135.00,3637.72231,N,12727.34568,E,2,12,58.4
2026-05-15 02:41:37,174137.00,3637.72101,N,12727.34565,E,2,12,59.1
2026-05-15 02:41:39,174139.00,3637.71975,N,12727.34572,E,2,12,58.9
2026-05-15 02:41:41,174141.00,3637.71865,N,12727.34602,E,2,12,58.7
2026-05-15 02:41:42,174142.00,3637.71820,N,12727.34628,E,2,12,58.9
2026-05-15 02:41:44,174144.00,3637.71716,N,12727.34714,E,2,12,59.2
2026-05-15 02:41:46,174146.00,3637.71593,N,12727.34824,E,2,12,59.3
2026-05-15 02:41:47,174147.00,3637.71552,N,12727.34879,E,2,12,59.5
2026-05-15 02:41:49,174149.00,3637.71490,N,12727.34969,E,2,12,60.1
2026-05-15 02:41:51,174151.00,3637.71392,N,12727.35106,E,2,12,59.6
2026-05-15 02:41:53,174153.00,3637.71308,N,12727.35236,E,2,12,59.4
2026-05-15 02:41:54,174154.00,3637.71273,N,12727.35298,E,2,12,59.2
2026-05-15 02:41:56,174156.00,3637.71209,N,12727.35404,E,2,12,59.4
2026-05-15 02:41:57,174157.00,3637.71171,N,12727.35463,E,2,12,59.5
2026-05-15 02:41:59,174159.00,3637.71096,N,12727.35572,E,2,12,59.2
2026-05-15 02:42:01,174201.00,3637.71029,N,12727.35677,E,2,12,59.2
2026-05-15 02:42:02,174202.00,3637.70996,N,12727.35737,E,2,12,59.1
2026-05-15 02:42:03,174203.00,3637.70955,N,12727.35806,E,2,12,59.4
2026-05-15 02:42:05,174205.00,3637.70890,N,12727.35940,E,2,12,60.2
2026-05-15 02:42:07,174207.00,3637.70854,N,12727.36096,E,2,12,60.6
2026-05-15 02:42:08,174208.00,3637.70834,N,12727.36150,E,2,12,61.0
2026-05-15 02:42:09,174209.00,3637.70816,N,12727.36209,E,2,12,61.6
2026-05-15 02:42:11,174211.00,3637.70788,N,12727.36356,E,2,12,62.0
2026-05-15 02:42:13,174213.00,3637.70769,N,12727.36512,E,2,12,62.3
2026-05-15 02:42:15,174215.00,3637.70748,N,12727.36647,E,2,12,62.0
2026-05-15 02:42:17,174217.00,3637.70689,N,12727.36784,E,2,12,61.8
2026-05-15 02:42:19,174219.00,3637.70634,N,12727.36924,E,2,12,61.9
2026-05-15 02:42:20,174220.00,3637.70613,N,12727.36977,E,2,12,61.8
2026-05-15 02:42:21,174221.00,3637.70589,N,12727.37034,E,2,12,61.9
2026-05-15 02:42:22,174222.00,3637.70550,N,12727.37106,E,2,12,61.7
2026-05-15 02:42:23,174223.00,3637.70517,N,12727.37174,E,2,12,61.5
2026-05-15 02:42:25,174225.00,3637.70462,N,12727.37323,E,2,12,61.4
2026-05-15 02:42:27,174227.00,3637.70413,N,12727.37443,E,2,12,61.7
2026-05-15 02:42:29,174229.00,3637.70377,N,12727.37585,E,2,12,61.4
2026-05-15 02:42:30,174230.00,3637.70365,N,12727.37659,E,2,12,61.5
2026-05-15 02:42:32,174232.00,3637.70372,N,12727.37797,E,2,12,61.3
2026-05-15 02:42:34,174234.00,3637.70420,N,12727.37926,E,2,12,61.4
2026-05-15 02:42:35,174235.00,3637.70453,N,12727.37989,E,2,12,61.4
2026-05-15 02:42:36,174236.00,3637.70492,N,12727.38047,E,2,12,61.5
2026-05-15 02:42:38,174238.00,3637.70572,N,12727.38142,E,2,12,61.7
2026-05-15 02:42:39,174239.00,3637.70610,N,12727.38186,E,2,12,61.6
2026-05-15 02:42:41,174241.00,3637.70686,N,12727.38293,E,2,12,61.3
2026-05-15 02:42:42,174242.00,3637.70723,N,12727.38349,E,2,12,61.4
2026-05-15 02:42:44,174244.00,3637.70798,N,12727.38456,E,2,12,61.3
2026-05-15 02:42:46,174246.00,3637.70885,N,12727.38539,E,2,12,61.5
2026-05-15 02:42:48,174248.00,3637.70979,N,12727.38623,E,2,12,61.5
2026-05-15 02:42:50,174250.00,3637.71060,N,12727.38728,E,2,12,61.3
2026-05-15 02:42:51,174251.00,3637.71103,N,12727.38785,E,2,12,61.7
2026-05-15 02:42:53,174253.00,3637.71202,N,12727.38872,E,2,12,61.8
2026-05-15 02:42:55,174255.00,3637.71316,N,12727.38937,E,2,12,61.8
2026-05-15 02:42:57,174257.00,3637.71421,N,12727.39007,E,2,12,61.5
2026-05-15 02:42:58,174258.00,3637.71464,N,12727.39041,E,2,12,61.7
2026-05-15 02:43:00,174300.00,3637.71568,N,12727.39113,E,2,12,61.7
2026-05-15 02:43:02,174302.00,3637.71684,N,12727.39176,E,2,12,61.6
2026-05-15 02:43:04,174304.00,3637.71781,N,12727.39242,E,2,12,61.7
2026-05-15 02:43:06,174306.00,3637.71886,N,12727.39329,E,2,12,61.9
2026-05-15 02:43:08,174308.00,3637.71999,N,12727.39397,E,2,12,61.9
2026-05-15 02:43:10,174310.00,3637.72090,N,12727.39483,E,2,12,62.1
2026-05-15 02:43:12,174312.00,3637.72192,N,12727.39576,E,2,12,62.1
2026-05-15 02:43:13,174313.00,3637.72243,N,12727.39617,E,2,12,62.1
2026-05-15 02:43:15,174315.00,3637.72332,N,12727.39697,E,2,12,62.3
2026-05-15 02:43:17,174317.00,3637.72430,N,12727.39782,E,2,12,62.5
2026-05-15 02:43:18,174318.00,3637.72480,N,12727.39828,E,2,12,62.5
2026-05-15 02:43:19,174319.00,3637.72532,N,12727.39853,E,2,12,62.4
2026-05-15 02:43:20,174320.00,3637.72577,N,12727.39853,E,2,12,62.4
2026-05-15 02:43:22,174322.00,3637.72694,N,12727.39839,E,2,12,62.3
2026-05-15 02:43:23,174323.00,3637.72761,N,12727.39832,E,2,12,62.1
2026-05-15 02:43:25,174325.00,3637.72905,N,12727.39814,E,2,12,62.0
2026-05-15 02:43:26,174326.00,3637.72977,N,12727.39790,E,2,12,61.9
2026-05-15 02:43:27,174327.00,3637.73049,N,12727.39771,E,2,12,61.7
2026-05-15 02:43:29,174329.00,3637.73186,N,12727.39735,E,2,12,61.0
2026-05-15 02:43:30,174330.00,3637.73245,N,12727.39704,E,2,12,60.9
2026-05-15 02:43:32,174332.00,3637.73363,N,12727.39637,E,2,12,60.9
2026-05-15 02:43:34,174334.00,3637.73472,N,12727.39519,E,2,12,60.6
2026-05-15 02:43:36,174336.00,3637.73548,N,12727.39418,E,2,12,60.6
2026-05-15 02:43:38,174338.00,3637.73650,N,12727.39317,E,2,12,60.6
2026-05-15 02:43:40,174340.00,3637.73762,N,12727.39186,E,2,12,60.2
2026-05-15 02:43:42,174342.00,3637.73871,N,12727.39058,E,2,12,59.7
2026-05-15 02:43:43,174343.00,3637.73918,N,12727.38997,E,2,12,59.7
2026-05-15 02:43:45,174345.00,3637.73996,N,12727.38893,E,2,12,59.7
2026-05-15 02:43:47,174347.00,3637.74050,N,12727.38740,E,2,12,59.4
2026-05-15 02:43:49,174349.00,3637.74106,N,12727.38594,E,2,12,59.5
2026-05-15 02:43:50,174350.00,3637.74143,N,12727.38532,E,2,12,59.4
2026-05-15 02:43:51,174351.00,3637.74191,N,12727.38473,E,2,12,59.3
2026-05-15 02:43:52,174352.00,3637.74241,N,12727.38402,E,2,12,59.2
2026-05-15 02:43:54,174354.00,3637.74325,N,12727.38271,E,2,12,59.3
2026-05-15 02:43:56,174356.00,3637.74386,N,12727.38146,E,2,12,59.2
2026-05-15 02:43:58,174358.00,3637.74461,N,12727.38039,E,2,12,59.3
2026-05-15 02:43:59,174359.00,3637.74503,N,12727.37988,E,2,12,59.3
2026-05-15 02:44:00,174400.00,3637.74545,N,12727.37937,E,2,12,59.3
2026-05-15 02:44:02,174402.00,3637.74622,N,12727.37813,E,2,12,59.3
2026-05-15 02:44:04,174404.00,3637.74689,N,12727.37703,E,2,12,59.3
2026-05-15 02:44:05,174405.00,3637.74721,N,12727.37643,E,2,12,59.4
2026-05-15 02:44:06,174406.00,3637.74761,N,12727.37579,E,2,12,59.3
2026-05-15 02:44:07,174407.00,3637.74805,N,12727.37514,E,2,12,59.0
2026-05-15 02:44:08,174408.00,3637.74847,N,12727.37447,E,2,12,58.9
2026-05-15 02:44:10,174410.00,3637.74909,N,12727.37315,E,2,12,58.9
2026-05-15 02:44:11,174411.00,3637.74942,N,12727.37262,E,2,12,58.7
2026-05-15 02:44:12,174412.00,3637.74978,N,12727.37208,E,2,12,58.8
2026-05-15 02:44:14,174414.00,3637.75073,N,12727.37088,E,2,12,58.7
2026-05-15 02:44:15,174415.00,3637.75124,N,12727.37031,E,2,12,58.6
2026-05-15 02:44:16,174416.00,3637.75168,N,12727.36966,E,2,12,58.8
2026-05-15 02:44:18,174418.00,3637.75247,N,12727.36844,E,2,12,58.5
2026-05-15 02:44:20,174420.00,3637.75320,N,12727.36735,E,2,12,58.5
2026-05-15 02:44:22,174422.00,3637.75407,N,12727.36612,E,2,12,58.2
2026-05-15 02:44:23,174423.00,3637.75452,N,12727.36553,E,2,12,58.2
2026-05-15 02:44:25,174425.00,3637.75545,N,12727.36423,E,2,12,58.2
2026-05-15 02:44:26,174426.00,3637.75590,N,12727.36360,E,2,12,58.0
2026-05-15 02:44:27,174427.00,3637.75633,N,12727.36305,E,2,12,57.8
2026-05-15 02:44:29,174429.00,3637.75698,N,12727.36185,E,2,12,57.9
2026-05-15 02:44:31,174431.00,3637.75786,N,12727.36057,E,2,12,57.6
2026-05-15 02:44:33,174433.00,3637.75871,N,12727.35921,E,2,12,57.9
2026-05-15 02:44:35,174435.00,3637.75949,N,12727.35781,E,2,12,57.9
2026-05-15 02:44:37,174437.00,3637.76012,N,12727.35654,E,2,12,57.5
2026-05-15 02:44:39,174439.00,3637.76074,N,12727.35521,E,2,12,57.6
2026-05-15 02:44:41,174441.00,3637.76120,N,12727.35363,E,2,12,57.4
2026-05-15 02:44:42,174442.00,3637.76131,N,12727.35284,E,2,12,57.5
2026-05-15 02:44:44,174444.00,3637.76120,N,12727.35139,E,2,12,57.5
2026-05-15 02:44:46,174446.00,3637.76094,N,12727.35009,E,2,12,57.5
2026-05-15 02:44:47,174447.00,3637.76077,N,12727.34931,E,2,12,57.4
2026-05-15 02:44:49,174449.00,3637.76036,N,12727.34779,E,2,12,57.2
2026-05-15 02:44:51,174451.00,3637.75960,N,12727.34641,E,2,12,57.1
2026-05-15 02:44:53,174453.00,3637.75876,N,12727.34528,E,2,12,57.0
2026-05-15 02:44:55,174455.00,3637.75776,N,12727.34426,E,2,12,57.0
2026-05-15 02:44:56,174456.00,3637.75723,N,12727.34372,E,2,12,57.1
2026-05-15 02:44:57,174457.00,3637.75672,N,12727.34322,E,2,12,57.1
2026-05-15 02:44:59,174459.00,3637.75575,N,12727.34236,E,2,12,57.4
2026-05-15 02:45:01,174501.00,3637.75473,N,12727.34139,E,2,12,58.0
2026-05-15 02:45:03,174503.00,3637.75363,N,12727.34042,E,2,12,57.8
2026-05-15 02:45:05,174505.00,3637.75257,N,12727.33944,E,2,12,57.8
2026-05-15 02:45:07,174507.00,3637.75174,N,12727.33860,E,2,12,57.9
2026-05-15 02:45:09,174509.00,3637.75081,N,12727.33778,E,2,12,58.0
2026-05-15 02:45:11,174511.00,3637.74965,N,12727.33687,E,2,12,58.3
2026-05-15 02:45:13,174513.00,3637.74876,N,12727.33594,E,2,12,58.4
2026-05-15 02:45:14,174514.00,3637.74830,N,12727.33542,E,2,12,58.6
2026-05-15 02:45:16,174516.00,3637.74711,N,12727.33442,E,2,12,58.7
2026-05-15 02:45:17,174517.00,3637.74657,N,12727.33394,E,2,12,58.8
2026-05-15 02:45:19,174519.00,3637.74558,N,12727.33311,E,2,12,58.8
2026-05-15 02:45:20,174520.00,3637.74516,N,12727.33268,E,2,12,58.9
2026-05-15 02:45:22,174522.00,3637.74417,N,12727.33161,E,2,12,58.9
2026-05-15 02:45:24,174524.00,3637.74303,N,12727.33055,E,2,12,59.4
2026-05-15 02:45:26,174526.00,3637.74195,N,12727.32976,E,2,12,59.3
2026-05-15 02:45:27,174527.00,3637.74141,N,12727.32943,E,2,12,59.6
2026-05-15 02:45:29,174529.00,3637.74043,N,12727.32844,E,2,12,59.6
2026-05-15 02:45:31,174531.00,3637.73930,N,12727.32751,E,2,12,60.0
2026-05-15 02:45:32,174532.00,3637.73870,N,12727.32713,E,2,12,59.9
2026-05-15 02:45:34,174534.00,3637.73776,N,12727.32629,E,2,12,60.0
2026-05-15 02:45:36,174536.00,3637.73681,N,12727.32532,E,2,12,59.8
2026-05-15 02:45:38,174538.00,3637.73572,N,12727.32445,E,2,12,59.9
2026-05-15 02:45:40,174540.00,3637.73473,N,12727.32380,E,2,12,59.8
2026-05-15 02:45:41,174541.00,3637.73425,N,12727.32342,E,2,12,60.1
2026-05-15 02:45:43,174543.00,3637.73327,N,12727.32236,E,2,12,59.7
2026-05-15 02:45:44,174544.00,3637.73267,N,12727.32179,E,2,12,59.9
2026-05-15 02:45:46,174546.00,3637.73166,N,12727.32066,E,2,12,59.8
2026-05-15 02:45:48,174548.00,3637.73084,N,12727.31959,E,2,12,60.0
2026-05-15 02:45:49,174549.00,3637.73044,N,12727.31900,E,2,12,60.3
2026-05-15 02:45:50,174550.00,3637.73006,N,12727.31842,E,2,12,60.4
2026-05-15 02:45:52,174552.00,3637.72921,N,12727.31739,E,2,12,60.9
2026-05-15 02:45:53,174553.00,3637.72874,N,12727.31709,E,2,12,60.8
2026-05-15 02:45:54,174554.00,3637.72843,N,12727.31716,E,2,12,60.8
2026-05-15 02:45:56,174556.00,3637.72750,N,12727.31787,E,2,12,61.2
2026-05-15 02:45:58,174558.00,3637.72664,N,12727.31906,E,2,12,61.4
2026-05-15 02:46:00,174600.00,3637.72581,N,12727.32001,E,2,12,61.2
2026-05-15 02:46:01,174601.00,3637.72536,N,12727.32047,E,2,12,61.5
2026-05-15 02:46:02,174602.00,3637.72488,N,12727.32090,E,2,12,61.6
2026-05-15 02:46:04,174604.00,3637.72394,N,12727.32189,E,2,12,61.5
2026-05-15 02:46:06,174606.00,3637.72329,N,12727.32309,E,2,12,61.5
2026-05-15 02:46:07,174607.00,3637.72298,N,12727.32356,E,2,12,61.6
2026-05-15 02:46:09,174609.00,3637.72216,N,12727.32435,E,2,12,61.6
2026-05-15 02:46:11,174611.00,3637.72148,N,12727.32559,E,2,12,61.8
2026-05-15 02:46:12,174612.00,3637.72127,N,12727.32621,E,2,12,61.9
2026-05-15 02:46:14,174614.00,3637.72063,N,12727.32721,E,2,12,61.7
2026-05-15 02:46:16,174616.00,3637.71976,N,12727.32824,E,2,12,61.9
2026-05-15 02:46:18,174618.00,3637.71905,N,12727.32913,E,2,12,61.7
2026-05-15 02:46:20,174620.00,3637.71817,N,12727.33007,E,2,12,61.2
2026-05-15 02:46:21,174621.00,3637.71768,N,12727.33059,E,2,12,61.3
2026-05-15 02:46:23,174623.00,3637.71690,N,12727.33178,E,2,12,61.3
2026-05-15 02:46:24,174624.00,3637.71663,N,12727.33226,E,2,12,61.0
2026-05-15 02:46:25,174625.00,3637.71633,N,12727.33275,E,2,12,60.9
2026-05-15 02:46:27,174627.00,3637.71564,N,12727.33352,E,2,12,60.6
2026-05-15 02:46:29,174629.00,3637.71478,N,12727.33458,E,2,12,60.9
2026-05-15 02:46:31,174631.00,3637.71395,N,12727.33553,E,2,12,60.7
2026-05-15 02:46:32,174632.00,3637.71356,N,12727.33601,E,2,12,60.7
2026-05-15 02:46:34,174634.00,3637.71292,N,12727.33727,E,2,12,60.8
2026-05-15 02:46:36,174636.00,3637.71238,N,12727.33832,E,2,12,60.2
2026-05-15 02:46:38,174638.00,3637.71143,N,12727.33929,E,2,12,60.6
2026-05-15 02:46:40,174640.00,3637.71066,N,12727.34054,E,2,12,60.8
2026-05-15 02:46:41,174641.00,3637.71020,N,12727.34111,E,2,12,60.8
2026-05-15 02:46:43,174643.00,3637.70950,N,12727.34230,E,2,12,61.1
2026-05-15 02:46:44,174644.00,3637.70919,N,12727.34281,E,2,12,61.0
2026-05-15 02:46:46,174646.00,3637.70842,N,12727.34389,E,2,12,61.0
2026-05-15 02:46:48,174648.00,3637.70777,N,12727.34523,E,2,12,60.8
2026-05-15 02:46:49,174649.00,3637.70756,N,12727.34574,E,2,12,60.6
2026-05-15 02:46:50,174650.00,3637.70746,N,12727.34595,E,2,12,60.7
2026-05-15 02:46:51,174651.00,3637.70746,N,12727.34599,E,2,12,60.6
2026-05-15 02:46:53,174653.00,3637.70742,N,12727.34614,E,2,12,60.6
2026-05-15 02:46:55,174655.00,3637.70731,N,12727.34678,E,2,12,60.5
2026-05-15 02:46:57,174657.00,3637.70710,N,12727.34779,E,2,12,60.5
2026-05-15 02:46:58,174658.00,3637.70698,N,12727.34800,E,2,12,60.6
2026-05-15 02:46:59,174659.00,3637.70693,N,12727.34805,E,2,12,60.5
2026-05-15 02:47:01,174701.00,3637.70682,N,12727.34807,E,2,12,60.3
2026-05-15 02:47:02,174702.00,3637.70676,N,12727.34812,E,2,12,60.3
2026-05-15 02:47:04,174704.00,3637.70672,N,12727.34828,E,2,12,60.2
2026-05-15 02:47:06,174706.00,3637.70665,N,12727.34857,E,2,12,59.9
2026-05-15 02:47:08,174708.00,3637.70663,N,12727.34879,E,2,12,60.0
2026-05-15 02:47:10,174710.00,3637.70654,N,12727.34879,E,2,12,60.0
2026-05-15 02:47:11,174711.00,3637.70652,N,12727.34879,E,2,12,60.0
2026-05-15 02:47:13,174713.00,3637.70622,N,12727.34899,E,2,12,59.1
2026-05-15 02:47:14,174714.00,3637.70595,N,12727.34938,E,2,12,59.3
2026-05-15 02:47:16,174716.00,3637.70538,N,12727.35049,E,2,12,59.3
2026-05-15 02:47:18,174718.00,3637.70483,N,12727.35122,E,2,12,58.6
2026-05-15 02:47:20,174720.00,3637.70445,N,12727.35195,E,2,12,58.5
2026-05-15 02:47:21,174721.00,3637.70425,N,12727.35249,E,2,12,58.5
2026-05-15 02:47:23,174723.00,3637.70366,N,12727.35352,E,2,12,58.6
2026-05-15 02:47:24,174724.00,3637.70340,N,12727.35406,E,2,12,58.6
2026-05-15 02:47:26,174726.00,3637.70306,N,12727.35522,E,2,12,58.7
2026-05-15 02:47:27,174727.00,3637.70295,N,12727.35584,E,2,12,58.8
2026-05-15 02:47:29,174729.00,3637.70248,N,12727.35719,E,2,12,59.0
2026-05-15 02:47:30,174730.00,3637.70224,N,12727.35790,E,2,12,59.1
2026-05-15 02:47:32,174732.00,3637.70169,N,12727.35911,E,2,12,59.5
2026-05-15 02:47:34,174734.00,3637.70131,N,12727.36008,E,2,12,59.5
2026-05-15 02:47:36,174736.00,3637.70080,N,12727.36119,E,2,12,59.5
2026-05-15 02:47:37,174737.00,3637.70050,N,12727.36177,E,2,12,59.5
2026-05-15 02:47:38,174738.00,3637.70021,N,12727.36229,E,2,12,59.9
2026-05-15 02:47:39,174739.00,3637.70002,N,12727.36293,E,2,12,60.0
2026-05-15 02:47:41,174741.00,3637.69957,N,12727.36411,E,2,12,60.2
2026-05-15 02:47:42,174742.00,3637.69930,N,12727.36469,E,2,12,60.2
2026-05-15 02:47:44,174744.00,3637.69894,N,12727.36603,E,2,12,60.2
2026-05-15 02:47:45,174745.00,3637.69871,N,12727.36662,E,2,12,60.4
2026-05-15 02:47:47,174747.00,3637.69803,N,12727.36776,E,2,12,60.5
2026-05-15 02:47:49,174749.00,3637.69755,N,12727.36938,E,2,12,60.9
2026-05-15 02:47:50,174750.00,3637.69736,N,12727.37008,E,2,12,60.9
2026-05-15 02:47:52,174752.00,3637.69688,N,12727.37129,E,2,12,61.3
2026-05-15 02:47:54,174754.00,3637.69623,N,12727.37254,E,2,12,61.5
2026-05-15 02:47:56,174756.00,3637.69554,N,12727.37370,E,2,12,61.5
2026-05-15 02:47:57,174757.00,3637.69524,N,12727.37428,E,2,12,61.7
2026-05-15 02:47:59,174759.00,3637.69463,N,12727.37549,E,2,12,61.8
2026-05-15 02:48:00,174800.00,3637.69435,N,12727.37614,E,2,12,62.0
2026-05-15 02:48:02,174802.00,3637.69391,N,12727.37741,E,2,12,62.0
2026-05-15 02:48:04,174804.00,3637.69341,N,12727.37872,E,2,12,62.0
2026-05-15 02:48:05,174805.00,3637.69314,N,12727.37951,E,2,12,61.8
2026-05-15 02:48:07,174807.00,3637.69296,N,12727.38111,E,2,12,61.9
2026-05-15 02:48:09,174809.00,3637.69253,N,12727.38260,E,2,12,62.6
2026-05-15 02:48:10,174810.00,3637.69226,N,12727.38328,E,2,12,63.1
2026-05-15 02:48:12,174812.00,3637.69169,N,12727.38462,E,2,12,63.2
2026-05-15 02:48:14,174814.00,3637.69107,N,12727.38577,E,2,12,63.3
2026-05-15 02:48:16,174816.00,3637.69051,N,12727.38704,E,2,12,64.0
2026-05-15 02:48:17,174817.00,3637.69023,N,12727.38754,E,2,12,63.9
2026-05-15 02:48:18,174818.00,3637.69005,N,12727.38778,E,2,12,63.9
2026-05-15 02:48:20,174820.00,3637.68998,N,12727.38782,E,1,12,63.9
2026-05-15 02:48:21,174821.00,3637.68985,N,12727.38806,E,1,12,63.8
2026-05-15 02:48:23,174823.00,3637.68941,N,12727.38902,E,1,12,63.9
2026-05-15 02:48:24,174824.00,3637.68909,N,12727.38965,E,1,12,63.8
2026-05-15 02:48:26,174826.00,3637.68832,N,12727.39076,E,1,12,63.4
2026-05-15 02:48:28,174828.00,3637.68761,N,12727.39212,E,1,12,63.5
2026-05-15 02:48:29,174829.00,3637.68737,N,12727.39273,E,2,12,63.3
2026-05-15 02:48:31,174831.00,3637.68671,N,12727.39390,E,2,12,63.0
2026-05-15 02:48:33,174833.00,3637.68618,N,12727.39521,E,2,12,62.6
2026-05-15 02:48:34,174834.00,3637.68598,N,12727.39576,E,2,12,62.4
2026-05-15 02:48:36,174836.00,3637.68538,N,12727.39675,E,2,12,62.2
2026-05-15 02:48:37,174837.00,3637.68501,N,12727.39730,E,2,12,62.1
2026-05-15 02:48:38,174838.00,3637.68459,N,12727.39790,E,2,12,62.2
2026-05-15 02:48:40,174840.00,3637.68413,N,12727.39916,E,2,12,62.0
2026-05-15 02:48:42,174842.00,3637.68381,N,12727.40041,E,2,12,62.1
2026-05-15 02:48:44,174844.00,3637.68363,N,12727.40175,E,2,12,61.9
2026-05-15 02:48:46,174846.00,3637.68373,N,12727.40300,E,2,12,61.8
2026-05-15 02:48:47,174847.00,3637.68363,N,12727.40375,E,2,12,61.8
2026-05-15 02:48:49,174849.00,3637.68332,N,12727.40504,E,2,12,62.0
2026-05-15 02:48:50,174850.00,3637.68303,N,12727.40562,E,2,12,62.1
2026-05-15 02:48:52,174852.00,3637.68229,N,12727.40675,E,2,12,62.3
2026-05-15 02:48:54,174854.00,3637.68165,N,12727.40788,E,2,12,62.3
2026-05-15 02:48:55,174855.00,3637.68140,N,12727.40851,E,2,12,62.3
2026-05-15 02:48:57,174857.00,3637.68096,N,12727.40983,E,2,12,62.2
2026-05-15 02:48:58,174858.00,3637.68064,N,12727.41049,E,1,12,62.3
2026-05-15 02:49:00,174900.00,3637.68011,N,12727.41184,E,1,12,62.5
2026-05-15 02:49:02,174902.00,3637.67976,N,12727.41330,E,1,12,62.6
2026-05-15 02:49:04,174904.00,3637.67936,N,12727.41463,E,1,12,62.6
2026-05-15 02:49:06,174906.00,3637.67879,N,12727.41599,E,1,12,62.9
2026-05-15 02:49:07,174907.00,3637.67852,N,12727.41673,E,1,12,62.8
2026-05-15 02:49:08,174908.00,3637.67829,N,12727.41752,E,1,12,62.9
2026-05-15 02:49:10,174910.00,3637.67774,N,12727.41895,E,1,12,63.0
2026-05-15 02:49:12,174912.00,3637.67713,N,12727.42024,E,1,12,63.0
2026-05-15 02:49:14,174914.00,3637.67645,N,12727.42157,E,1,12,63.2
2026-05-15 02:49:15,174915.00,3637.67615,N,12727.42227,E,1,12,63.2
2026-05-15 02:49:16,174916.00,3637.67584,N,12727.42289,E,1,12,63.2
2026-05-15 02:49:17,174917.00,3637.67554,N,12727.42348,E,1,12,63.2
2026-05-15 02:49:19,174919.00,3637.67498,N,12727.42478,E,1,12,63.2
2026-05-15 02:49:20,174920.00,3637.67472,N,12727.42546,E,1,12,63.2
2026-05-15 02:49:22,174922.00,3637.67413,N,12727.42690,E,1,12,63.2
2026-05-15 02:49:23,174923.00,3637.67391,N,12727.42761,E,2,12,63.1
2026-05-15 02:49:24,174924.00,3637.67370,N,12727.42825,E,2,12,63.1
2026-05-15 02:49:26,174926.00,3637.67322,N,12727.42960,E,2,12,63.3
2026-05-15 02:49:28,174928.00,3637.67289,N,12727.43108,E,1,12,63.4
2026-05-15 02:49:30,174930.00,3637.67242,N,12727.43235,E,2,12,63.4
2026-05-15 02:49:32,174932.00,3637.67182,N,12727.43361,E,2,12,63.6
2026-05-15 02:49:33,174933.00,3637.67159,N,12727.43436,E,1,12,63.5
2026-05-15 02:49:35,174935.00,3637.67088,N,12727.43567,E,2,12,63.9
2026-05-15 02:49:36,174936.00,3637.67057,N,12727.43634,E,2,12,63.9
2026-05-15 02:49:38,174938.00,3637.66991,N,12727.43764,E,2,12,63.7
2026-05-15 02:49:40,174940.00,3637.66920,N,12727.43888,E,2,12,63.6
2026-05-15 02:49:42,174942.00,3637.66844,N,12727.44008,E,2,12,63.5
2026-05-15 02:49:44,174944.00,3637.66784,N,12727.44141,E,2,12,63.5
2026-05-15 02:49:46,174946.00,3637.66742,N,12727.44285,E,2,12,63.6
2026-05-15 02:49:48,174948.00,3637.66703,N,12727.44421,E,2,12,63.6
2026-05-15 02:49:50,174950.00,3637.66657,N,12727.44551,E,2,12,63.7
2026-05-15 02:49:51,174951.00,3637.66634,N,12727.44624,E,2,12,63.7
2026-05-15 02:49:53,174953.00,3637.66595,N,12727.44770,E,2,12,63.7
2026-05-15 02:49:55,174955.00,3637.66543,N,12727.44896,E,2,12,63.5
2026-05-15 02:49:56,174956.00,3637.66510,N,12727.44958,E,2,12,63.6
2026-05-15 02:49:58,174958.00,3637.66452,N,12727.45103,E,2,12,63.3
2026-05-15 02:50:00,175000.00,3637.66418,N,12727.45244,E,2,12,63.2
2026-05-15 02:50:02,175002.00,3637.66356,N,12727.45364,E,2,12,63.1
2026-05-15 02:50:04,175004.00,3637.66292,N,12727.45500,E,2,12,63.2
2026-05-15 02:50:06,175006.00,3637.66245,N,12727.45643,E,2,12,63.3
2026-05-15 02:50:08,175008.00,3637.66192,N,12727.45759,E,2,12,63.2
2026-05-15 02:50:09,175009.00,3637.66161,N,12727.45819,E,2,12,63.3
2026-05-15 02:50:11,175011.00,3637.66110,N,12727.45950,E,2,12,63.2
2026-05-15 02:50:12,175012.00,3637.66088,N,12727.46021,E,2,12,63.4
2026-05-15 02:50:14,175014.00,3637.66039,N,12727.46153,E,2,12,63.3
2026-05-15 02:50:15,175015.00,3637.66013,N,12727.46217,E,2,12,63.3
2026-05-15 02:50:17,175017.00,3637.65966,N,12727.46361,E,1,12,63.2
2026-05-15 02:50:19,175019.00,3637.65936,N,12727.46515,E,1,12,62.9
2026-05-15 02:50:20,175020.00,3637.65921,N,12727.46587,E,1,12,62.9
2026-05-15 02:50:22,175022.00,3637.65908,N,12727.46732,E,1,12,63.0
2026-05-15 02:50:24,175024.00,3637.65924,N,12727.46905,E,1,12,62.4
2026-05-15 02:50:25,175025.00,3637.65942,N,12727.46983,E,1,12,62.4
2026-05-15 02:50:27,175027.00,3637.66001,N,12727.47121,E,1,12,62.2
2026-05-15 02:50:28,175028.00,3637.66027,N,12727.47180,E,1,12,62.3
2026-05-15 02:50:30,175030.00,3637.66092,N,12727.47310,E,1,12,62.4
2026-05-15 02:50:32,175032.00,3637.66175,N,12727.47436,E,1,12,62.5
2026-05-15 02:50:34,175034.00,3637.66273,N,12727.47536,E,2,12,62.3
2026-05-15 02:50:35,175035.00,3637.66322,N,12727.47577,E,1,12,62.5
2026-05-15 02:50:37,175037.00,3637.66406,N,12727.47689,E,1,12,62.5
2026-05-15 02:50:38,175038.00,3637.66443,N,12727.47758,E,1,12,62.6
2026-05-15 02:50:40,175040.00,3637.66516,N,12727.47864,E,1,12,62.6
2026-05-15 02:50:41,175041.00,3637.66553,N,12727.47918,E,2,12,62.8
2026-05-15 02:50:43,175043.00,3637.66629,N,12727.48051,E,2,12,62.9
2026-05-15 02:50:44,175044.00,3637.66676,N,12727.48112,E,2,12,63.0
2026-05-15 02:50:46,175046.00,3637.66764,N,12727.48199,E,2,12,63.0
2026-05-15 02:50:48,175048.00,3637.66853,N,12727.48306,E,1,12,63.2
2026-05-15 02:50:50,175050.00,3637.66929,N,12727.48456,E,2,12,63.5
2026-05-15 02:50:52,175052.00,3637.67030,N,12727.48531,E,2,12,63.4
2026-05-15 02:50:53,175053.00,3637.67071,N,12727.48564,E,2,12,63.6
2026-05-15 02:50:55,175055.00,3637.67161,N,12727.48670,E,1,12,63.4
2026-05-15 02:50:57,175057.00,3637.67249,N,12727.48789,E,2,12,63.6
2026-05-15 02:50:59,175059.00,3637.67338,N,12727.48872,E,1,12,63.6
2026-05-15 02:51:00,175100.00,3637.67381,N,12727.48919,E,1,12,63.8
2026-05-15 02:51:02,175102.00,3637.67459,N,12727.49045,E,1,12,63.7
2026-05-15 02:51:04,175104.00,3637.67562,N,12727.49135,E,1,12,63.7
2026-05-15 02:51:05,175105.00,3637.67602,N,12727.49175,E,1,12,63.5
2026-05-15 02:51:07,175107.00,3637.67683,N,12727.49254,E,1,12,63.6
2026-05-15 02:51:08,175108.00,3637.67708,N,12727.49275,E,1,12,63.5
2026-05-15 02:51:09,175109.00,3637.67709,N,12727.49266,E,1,12,63.5
2026-05-15 02:51:11,175111.00,3637.67715,N,12727.49260,E,1,12,63.6
2026-05-15 02:51:12,175112.00,3637.67719,N,12727.49256,E,1,12,63.7
2026-05-15 02:51:14,175114.00,3637.67715,N,12727.49256,E,1,12,63.6
2026-05-15 02:51:16,175116.00,3637.67713,N,12727.49257,E,1,12,63.5
2026-05-15 02:51:17,175117.00,3637.67713,N,12727.49256,E,1,12,63.5
2026-05-15 02:51:19,175119.00,3637.67715,N,12727.49254,E,1,12,63.5
2026-05-15 02:51:20,175120.00,3637.67715,N,12727.49254,E,1,12,63.5
2026-05-15 02:51:22,175122.00,3637.67715,N,12727.49254,E,1,12,63.5
2026-05-15 02:51:23,175123.00,3637.67714,N,12727.49254,E,1,12,63.5
2026-05-15 02:51:24,175124.00,3637.67714,N,12727.49254,E,1,12,63.5
2026-05-15 02:51:26,175126.00,3637.67714,N,12727.49254,E,1,12,63.5
2026-05-15 02:51:27,175127.00,3637.67713,N,12727.49255,E,1,12,63.3
2026-05-15 02:51:29,175129.00,3637.67719,N,12727.49256,E,1,12,62.9
2026-05-15 02:51:30,175130.00,3637.67726,N,12727.49261,E,1,12,63.0
2026-05-15 02:51:32,175132.00,3637.67727,N,12727.49266,E,1,12,63.0
2026-05-15 02:51:34,175134.00,3637.67733,N,12727.49273,E,1,12,63.1
2026-05-15 02:51:35,175135.00,3637.67735,N,12727.49275,E,1,12,63.1
2026-05-15 02:51:37,175137.00,3637.67736,N,12727.49281,E,1,12,63.0
2026-05-15 02:51:38,175138.00,3637.67736,N,12727.49284,E,1,12,63.0
2026-05-15 02:51:39,175139.00,3637.67737,N,12727.49292,E,1,12,63.4
2026-05-15 02:51:41,175141.00,3637.67832,N,12727.49338,E,1,12,62.6
2026-05-15 02:51:42,175142.00,3637.67879,N,12727.49370,E,1,12,62.6
2026-05-15 02:51:44,175144.00,3637.67993,N,12727.49424,E,1,12,62.5
2026-05-15 02:51:45,175145.00,3637.68053,N,12727.49458,E,1,12,62.4
2026-05-15 02:51:47,175147.00,3637.68185,N,12727.49526,E,1,12,62.6
2026-05-15 02:51:48,175148.00,3637.68245,N,12727.49555,E,1,12,62.5
2026-05-15 02:51:50,175150.00,3637.68353,N,12727.49627,E,1,12,62.3
2026-05-15 02:51:51,175151.00,3637.68411,N,12727.49667,E,1,12,62.2
2026-05-15 02:51:53,175153.00,3637.68523,N,12727.49756,E,1,12,61.9
2026-05-15 02:51:55,175155.00,3637.68661,N,12727.49867,E,1,12,62.0
2026-05-15 02:51:56,175156.00,3637.68727,N,12727.49901,E,1,12,62.0
2026-05-15 02:51:58,175158.00,3637.68849,N,12727.49941,E,1,12,62.0
2026-05-15 02:51:59,175159.00,3637.68900,N,12727.49958,E,1,12,62.0
2026-05-15 02:52:01,175201.00,3637.68997,N,12727.50026,E,1,12,61.8
2026-05-15 02:52:02,175202.00,3637.69008,N,12727.50052,E,1,12,61.8
2026-05-15 02:52:04,175204.00,3637.69009,N,12727.50086,E,1,12,61.3
2026-05-15 02:52:06,175206.00,3637.69010,N,12727.50092,E,1,12,61.2
2026-05-15 02:52:08,175208.00,3637.69012,N,12727.50091,E,1,12,61.2
2026-05-15 02:52:10,175210.00,3637.69013,N,12727.50088,E,1,12,61.2
2026-05-15 02:52:12,175212.00,3637.69015,N,12727.50079,E,1,12,61.3
2026-05-15 02:52:14,175214.00,3637.69016,N,12727.50074,E,1,12,61.3
2026-05-15 02:52:16,175216.00,3637.69031,N,12727.50060,E,1,12,61.6
2026-05-15 02:52:17,175217.00,3637.69031,N,12727.50064,E,2,12,61.6
2026-05-15 02:52:19,175219.00,3637.69034,N,12727.50026,E,2,12,61.1
