PC_Time,UTC_Time,Latitude_NMEA,Lat_Direction,Longitude_NMEA,Lon_Direction,Fix,Satellites,Altitude_m
2026-05-22 23:54:01,145401.00,,,,,0,09,
2026-05-22 23:54:03,145403.00,3637.86675,N,12727.27661,E,1,10,43.5
2026-05-22 23:54:05,145405.00,3637.86681,N,12727.27680,E,1,10,43.1
2026-05-22 23:54:06,145406.00,3637.86692,N,12727.27701,E,1,11,42.5
2026-05-22 23:54:08,145408.00,3637.86681,N,12727.27686,E,1,11,43.0
2026-05-22 23:54:09,145409.00,3637.86673,N,12727.27673,E,1,12,43.4
2026-05-22 23:54:10,145410.00,3637.86662,N,12727.27652,E,1,12,44.0
2026-05-22 23:54:12,145412.00,3637.86634,N,12727.27602,E,1,12,45.5
2026-05-22 23:54:14,145414.00,3637.86615,N,12727.27577,E,1,12,46.2
2026-05-22 23:54:15,145415.00,3637.86613,N,12727.27569,E,1,12,46.4
2026-05-22 23:54:16,145416.00,3637.86608,N,12727.27565,E,1,12,46.7
2026-05-22 23:54:18,145418.00,3637.86580,N,12727.27505,E,1,12,48.4
2026-05-22 23:54:20,145420.00,3637.86534,N,12727.27428,E,1,12,50.8
2026-05-22 23:54:22,145422.00,3637.86552,N,12727.27473,E,1,12,49.7
2026-05-22 23:54:24,145424.00,3637.86543,N,12727.27468,E,1,12,49.9
2026-05-22 23:54:26,145426.00,3637.86528,N,12727.27451,E,1,12,50.6
2026-05-22 23:54:28,145428.00,3637.86518,N,12727.27462,E,1,12,50.4
2026-05-22 23:54:30,145430.00,3637.86513,N,12727.27466,E,1,12,50.4
2026-05-22 23:54:32,145432.00,3637.86510,N,12727.27473,E,1,12,50.2
2026-05-22 23:54:33,145433.00,3637.86508,N,12727.27472,E,1,12,50.3
2026-05-22 23:54:34,145434.00,3637.86489,N,12727.27429,E,1,12,51.5
2026-05-22 23:54:36,145436.00,3637.86474,N,12727.27388,E,1,12,52.6
2026-05-22 23:54:38,145438.00,3637.86465,N,12727.27374,E,1,12,53.0
2026-05-22 23:54:39,145439.00,3637.86465,N,12727.27375,E,1,12,53.0
2026-05-22 23:54:41,145441.00,3637.86461,N,12727.27365,E,1,12,53.4
2026-05-22 23:54:42,145442.00,3637.86458,N,12727.27362,E,1,12,53.5
2026-05-22 23:54:44,145444.00,3637.86455,N,12727.27356,E,1,12,53.6
2026-05-22 23:54:46,145446.00,3637.86455,N,12727.27353,E,1,12,53.7
2026-05-22 23:54:48,145448.00,3637.86453,N,12727.27351,E,1,12,53.7
2026-05-22 23:54:49,145449.00,3637.86453,N,12727.27349,E,1,12,53.7
2026-05-22 23:54:50,145450.00,3637.86452,N,12727.27347,E,1,12,53.8
2026-05-22 23:54:52,145452.00,3637.86449,N,12727.27343,E,1,12,53.9
2026-05-22 23:54:53,145453.00,3637.86448,N,12727.27341,E,1,12,54.0
2026-05-22 23:54:54,145454.00,3637.86449,N,12727.27341,E,1,12,54.0
2026-05-22 23:54:56,145456.00,3637.86449,N,12727.27339,E,1,12,54.1
2026-05-22 23:54:58,145458.00,3637.86449,N,12727.27326,E,1,12,54.6
2026-05-22 23:55:00,145500.00,3637.86435,N,12727.27304,E,1,12,55.7
2026-05-22 23:55:01,145501.00,3637.86438,N,12727.27307,E,1,12,55.5
2026-05-22 23:55:02,145502.00,3637.86436,N,12727.27319,E,1,12,55.6
2026-05-22 23:55:03,145503.00,3637.86429,N,12727.27317,E,1,12,55.7
2026-05-22 23:55:05,145505.00,3637.86397,N,12727.27250,E,1,12,55.9
2026-05-22 23:55:06,145506.00,3637.86408,N,12727.27188,E,1,12,56.0
2026-05-22 23:55:08,145508.00,3637.86459,N,12727.27044,E,1,12,55.9
2026-05-22 23:55:10,145510.00,3637.86496,N,12727.26927,E,1,12,55.5
2026-05-22 23:55:12,145512.00,3637.86562,N,12727.26810,E,1,12,55.0
2026-05-22 23:55:14,145514.00,3637.86649,N,12727.26679,E,1,12,54.9
2026-05-22 23:55:16,145516.00,3637.86713,N,12727.26580,E,1,12,54.5
2026-05-22 23:55:17,145517.00,3637.86736,N,12727.26515,E,1,12,54.8
2026-05-22 23:55:18,145518.00,3637.86772,N,12727.26453,E,1,12,54.7
2026-05-22 23:55:20,145520.00,3637.86850,N,12727.26311,E,1,12,55.3
2026-05-22 23:55:22,145522.00,3637.86903,N,12727.26197,E,1,12,55.1
2026-05-22 23:55:23,145523.00,3637.86932,N,12727.26154,E,1,12,55.1
2026-05-22 23:55:24,145524.00,3637.86986,N,12727.26104,E,1,12,54.9
2026-05-22 23:55:25,145525.00,3637.87039,N,12727.26038,E,1,12,55.0
2026-05-22 23:55:27,145527.00,3637.87116,N,12727.25914,E,1,12,54.9
2026-05-22 23:55:29,145529.00,3637.87172,N,12727.25806,E,1,12,54.8
2026-05-22 23:55:30,145530.00,3637.87222,N,12727.25760,E,1,12,54.7
2026-05-22 23:55:31,145531.00,3637.87277,N,12727.25707,E,1,12,54.9
2026-05-22 23:55:33,145533.00,3637.87355,N,12727.25571,E,1,12,54.8
2026-05-22 23:55:35,145535.00,3637.87409,N,12727.25461,E,1,12,54.7
2026-05-22 23:55:36,145536.00,3637.87447,N,12727.25406,E,1,12,54.6
2026-05-22 23:55:38,145538.00,3637.87505,N,12727.25293,E,1,12,54.7
2026-05-22 23:55:39,145539.00,3637.87505,N,12727.25246,E,1,12,54.7
2026-05-22 23:55:41,145541.00,3637.87482,N,12727.25147,E,1,12,54.9
2026-05-22 23:55:43,145543.00,3637.87515,N,12727.25103,E,1,12,54.7
2026-05-22 23:55:44,145544.00,3637.87531,N,12727.25089,E,1,12,54.4
2026-05-22 23:55:46,145546.00,3637.87550,N,12727.25072,E,1,12,53.9
2026-05-22 23:55:47,145547.00,3637.87551,N,12727.25069,E,1,12,54.0
2026-05-22 23:55:49,145549.00,3637.87569,N,12727.25051,E,1,12,53.7
2026-05-22 23:55:51,145551.00,3637.87579,N,12727.25051,E,1,12,53.6
2026-05-22 23:55:53,145553.00,3637.87614,N,12727.24974,E,1,12,54.1
2026-05-22 23:55:55,145555.00,3637.87639,N,12727.24890,E,1,12,54.2
2026-05-22 23:55:57,145557.00,3637.87685,N,12727.24796,E,1,12,54.6
2026-05-22 23:55:59,145559.00,3637.87720,N,12727.24682,E,1,12,54.5
2026-05-22 23:56:00,145600.00,3637.87735,N,12727.24644,E,1,12,54.0
2026-05-22 23:56:02,145602.00,3637.87741,N,12727.24639,E,1,12,53.6
2026-05-22 23:56:03,145603.00,3637.87744,N,12727.24635,E,1,12,54.0
2026-05-22 23:56:05,145605.00,3637.87788,N,12727.24561,E,1,12,54.4
2026-05-22 23:56:06,145606.00,3637.87833,N,12727.24488,E,1,12,54.6
2026-05-22 23:56:07,145607.00,3637.87898,N,12727.24432,E,1,12,54.8
2026-05-22 23:56:08,145608.00,3637.87948,N,12727.24375,E,1,12,54.7
2026-05-22 23:56:10,145610.00,3637.87983,N,12727.24262,E,1,12,54.2
2026-05-22 23:56:11,145611.00,3637.88014,N,12727.24210,E,1,12,54.1
2026-05-22 23:56:12,145612.00,3637.88058,N,12727.24156,E,1,12,54.1
2026-05-22 23:56:14,145614.00,3637.88157,N,12727.24016,E,1,12,54.3
2026-05-22 23:56:15,145615.00,3637.88198,N,12727.23951,E,1,12,54.5
2026-05-22 23:56:17,145617.00,3637.88237,N,12727.23838,E,1,12,54.9
2026-05-22 23:56:18,145618.00,3637.88272,N,12727.23789,E,1,12,55.0
2026-05-22 23:56:20,145620.00,3637.88377,N,12727.23671,E,1,12,55.3
2026-05-22 23:56:22,145622.00,3637.88438,N,12727.23535,E,1,12,55.7
2026-05-22 23:56:23,145623.00,3637.88458,N,12727.23480,E,1,12,55.6
2026-05-22 23:56:24,145624.00,3637.88491,N,12727.23424,E,1,12,55.8
2026-05-22 23:56:26,145626.00,3637.88587,N,12727.23310,E,1,12,56.2
2026-05-22 23:56:28,145628.00,3637.88685,N,12727.23178,E,1,12,56.8
2026-05-22 23:56:30,145630.00,3637.88742,N,12727.23063,E,1,12,56.5
2026-05-22 23:56:31,145631.00,3637.88771,N,12727.23006,E,1,12,56.4
2026-05-22 23:56:33,145633.00,3637.88841,N,12727.22893,E,1,12,56.2
2026-05-22 23:56:35,145635.00,3637.88929,N,12727.22783,E,1,12,55.7
2026-05-22 23:56:37,145637.00,3637.89011,N,12727.22656,E,1,12,55.7
2026-05-22 23:56:38,145638.00,3637.89047,N,12727.22601,E,1,12,55.3
2026-05-22 23:56:39,145639.00,3637.89077,N,12727.22555,E,1,12,55.0
2026-05-22 23:56:40,145640.00,3637.89102,N,12727.22504,E,1,12,55.1
2026-05-22 23:56:41,145641.00,3637.89134,N,12727.22446,E,1,12,55.1
2026-05-22 23:56:43,145643.00,3637.89214,N,12727.22305,E,1,12,55.1
2026-05-22 23:56:44,145644.00,3637.89251,N,12727.22239,E,1,12,55.3
2026-05-22 23:56:46,145646.00,3637.89329,N,12727.22123,E,1,12,55.3
2026-05-22 23:56:47,145647.00,3637.89363,N,12727.22069,E,1,12,55.4
2026-05-22 23:56:48,145648.00,3637.89399,N,12727.22014,E,1,12,55.4
2026-05-22 23:56:49,145649.00,3637.89439,N,12727.21955,E,1,12,55.4
2026-05-22 23:56:51,145651.00,3637.89524,N,12727.21830,E,1,12,55.4
2026-05-22 23:56:52,145652.00,3637.89559,N,12727.21769,E,1,12,55.3
2026-05-22 23:56:53,145653.00,3637.89580,N,12727.21711,E,1,12,55.4
2026-05-22 23:56:55,145655.00,3637.89659,N,12727.21595,E,1,12,55.7
2026-05-22 23:56:56,145656.00,3637.89705,N,12727.21533,E,1,12,55.7
2026-05-22 23:56:58,145658.00,3637.89789,N,12727.21392,E,1,12,56.1
2026-05-22 23:57:00,145700.00,3637.89850,N,12727.21273,E,1,12,56.1
2026-05-22 23:57:02,145702.00,3637.89930,N,12727.21169,E,1,12,56.0
2026-05-22 23:57:03,145703.00,3637.89979,N,12727.21112,E,1,12,56.0
2026-05-22 23:57:04,145704.00,3637.90030,N,12727.21046,E,1,12,56.3
2026-05-22 23:57:06,145706.00,3637.90095,N,12727.20925,E,1,12,56.2
2026-05-22 23:57:08,145708.00,3637.90153,N,12727.20812,E,1,12,56.2
2026-05-22 23:57:10,145710.00,3637.90239,N,12727.20676,E,1,12,56.2
2026-05-22 23:57:12,145712.00,3637.90313,N,12727.20532,E,1,12,56.6
2026-05-22 23:57:13,145713.00,3637.90339,N,12727.20469,E,1,12,56.4
2026-05-22 23:57:15,145715.00,3637.90398,N,12727.20358,E,1,12,56.4
2026-05-22 23:57:17,145717.00,3637.90475,N,12727.20228,E,1,12,56.4
2026-05-22 23:57:18,145718.00,3637.90512,N,12727.20160,E,1,12,56.5
2026-05-22 23:57:20,145720.00,3637.90581,N,12727.20042,E,1,12,56.4
2026-05-22 23:57:21,145721.00,3637.90617,N,12727.19991,E,1,12,56.5
2026-05-22 23:57:22,145722.00,3637.90655,N,12727.19939,E,1,12,56.4
2026-05-22 23:57:24,145724.00,3637.90762,N,12727.19826,E,1,12,56.6
2026-05-22 23:57:26,145726.00,3637.90833,N,12727.19708,E,1,12,56.5
2026-05-22 23:57:28,145728.00,3637.90895,N,12727.19603,E,1,12,56.6
2026-05-22 23:57:30,145730.00,3637.91005,N,12727.19511,E,1,12,56.5
2026-05-22 23:57:31,145731.00,3637.91067,N,12727.19469,E,1,12,56.6
2026-05-22 23:57:33,145733.00,3637.91170,N,12727.19388,E,1,12,56.1
2026-05-22 23:57:34,145734.00,3637.91212,N,12727.19352,E,1,12,56.0
2026-05-22 23:57:36,145736.00,3637.91315,N,12727.19292,E,1,12,55.9
2026-05-22 23:57:38,145738.00,3637.91455,N,12727.19241,E,1,12,56.2
2026-05-22 23:57:40,145740.00,3637.91580,N,12727.19196,E,1,12,55.9
2026-05-22 23:57:41,145741.00,3637.91628,N,12727.19175,E,1,12,55.8
2026-05-22 23:57:42,145742.00,3637.91682,N,12727.19160,E,1,12,55.7
2026-05-22 23:57:44,145744.00,3637.91824,N,12727.19137,E,1,12,55.3
2026-05-22 23:57:45,145745.00,3637.91895,N,12727.19131,E,1,12,55.3
2026-05-22 23:57:47,145747.00,3637.92028,N,12727.19124,E,1,12,55.3
2026-05-22 23:57:48,145748.00,3637.92088,N,12727.19114,E,1,12,55.0
2026-05-22 23:57:50,145750.00,3637.92209,N,12727.19095,E,1,12,55.2
2026-05-22 23:57:51,145751.00,3637.92276,N,12727.19088,E,1,12,55.0
2026-05-22 23:57:52,145752.00,3637.92344,N,12727.19090,E,1,12,54.9
2026-05-22 23:57:54,145754.00,3637.92474,N,12727.19082,E,1,12,54.9
2026-05-22 23:57:56,145756.00,3637.92574,N,12727.19070,E,1,12,54.6
2026-05-22 23:57:57,145757.00,3637.92635,N,12727.19073,E,1,12,54.6
2026-05-22 23:57:59,145759.00,3637.92777,N,12727.19087,E,1,12,54.1
2026-05-22 23:58:00,145800.00,3637.92842,N,12727.19081,E,1,12,54.3
2026-05-22 23:58:01,145801.00,3637.92911,N,12727.19073,E,1,12,54.3
2026-05-22 23:58:02,145802.00,3637.92971,N,12727.19063,E,1,12,54.2
2026-05-22 23:58:04,145804.00,3637.93086,N,12727.19067,E,1,12,54.2
2026-05-22 23:58:06,145806.00,3637.93228,N,12727.19084,E,1,12,54.0
2026-05-22 23:58:08,145808.00,3637.93365,N,12727.19078,E,1,12,54.2
2026-05-22 23:58:10,145810.00,3637.93472,N,12727.19064,E,1,12,54.1
2026-05-22 23:58:11,145811.00,3637.93524,N,12727.19068,E,1,12,54.1
2026-05-22 23:58:12,145812.00,3637.93584,N,12727.19083,E,1,12,54.1
2026-05-22 23:58:14,145814.00,3637.93712,N,12727.19083,E,1,12,54.3
2026-05-22 23:58:16,145816.00,3637.93832,N,12727.19044,E,1,12,54.3
2026-05-22 23:58:17,145817.00,3637.93886,N,12727.19034,E,1,12,54.4
2026-05-22 23:58:18,145818.00,3637.93941,N,12727.19028,E,1,12,54.5
2026-05-22 23:58:20,145820.00,3637.94074,N,12727.19022,E,1,12,54.7
2026-05-22 23:58:22,145822.00,3637.94180,N,12727.18984,E,1,12,54.9
2026-05-22 23:58:23,145823.00,3637.94214,N,12727.18960,E,1,12,54.9
2026-05-22 23:58:24,145824.00,3637.94244,N,12727.18922,E,1,12,54.8
2026-05-22 23:58:25,145825.00,3637.94265,N,12727.18880,E,1,12,54.9
2026-05-22 23:58:27,145827.00,3637.94277,N,12727.18866,E,1,12,55.0
2026-05-22 23:58:29,145829.00,3637.94279,N,12727.18866,E,1,12,54.9
2026-05-22 23:58:30,145830.00,3637.94277,N,12727.18861,E,1,12,54.9
2026-05-22 23:58:31,145831.00,3637.94281,N,12727.18863,E,1,12,54.8
2026-05-22 23:58:33,145833.00,3637.94284,N,12727.18861,E,1,12,54.9
2026-05-22 23:58:34,145834.00,3637.94285,N,12727.18860,E,1,12,54.9
2026-05-22 23:58:36,145836.00,3637.94289,N,12727.18864,E,1,12,54.8
2026-05-22 23:58:37,145837.00,3637.94290,N,12727.18863,E,1,12,54.8
2026-05-22 23:58:38,145838.00,3637.94291,N,12727.18863,E,1,12,54.7
2026-05-22 23:58:40,145840.00,3637.94289,N,12727.18867,E,1,12,54.7
2026-05-22 23:58:41,145841.00,3637.94290,N,12727.18866,E,1,12,54.7
2026-05-22 23:58:43,145843.00,3637.94291,N,12727.18861,E,1,12,54.7
2026-05-22 23:58:44,145844.00,3637.94293,N,12727.18861,E,1,12,54.7
2026-05-22 23:58:46,145846.00,3637.94286,N,12727.18860,E,1,12,54.8
2026-05-22 23:58:48,145848.00,3637.94284,N,12727.18860,E,1,12,54.9
2026-05-22 23:58:49,145849.00,3637.94283,N,12727.18859,E,1,12,54.9
2026-05-22 23:58:51,145851.00,3637.94282,N,12727.18856,E,1,12,55.0
2026-05-22 23:58:52,145852.00,3637.94281,N,12727.18855,E,1,12,55.0
2026-05-22 23:58:54,145854.00,3637.94281,N,12727.18855,E,1,12,55.1
2026-05-22 23:58:56,145856.00,3637.94282,N,12727.18845,E,1,12,55.3
2026-05-22 23:58:57,145857.00,3637.94283,N,12727.18844,E,1,12,55.3
2026-05-22 23:58:59,145859.00,3637.94282,N,12727.18844,E,1,12,55.3
2026-05-22 23:59:00,145900.00,3637.94284,N,12727.18845,E,2,12,55.3
2026-05-22 23:59:01,145901.00,3637.94291,N,12727.18846,E,2,12,55.3
2026-05-22 23:59:02,145902.00,3637.94297,N,12727.18838,E,2,12,55.3
2026-05-22 23:59:03,145903.00,3637.94305,N,12727.18832,E,2,12,55.3
2026-05-22 23:59:05,145905.00,3637.94315,N,12727.18833,E,2,12,55.2
2026-05-22 23:59:07,145907.00,3637.94317,N,12727.18827,E,2,12,55.3
2026-05-22 23:59:08,145908.00,3637.94315,N,12727.18822,E,2,12,55.5
2026-05-22 23:59:09,145909.00,3637.94310,N,12727.18820,E,2,12,55.5
2026-05-22 23:59:11,145911.00,3637.94307,N,12727.18822,E,2,12,55.5
2026-05-22 23:59:13,145913.00,3637.94299,N,12727.18821,E,2,12,55.5
2026-05-22 23:59:15,145915.00,3637.94294,N,12727.18824,E,2,12,55.4
2026-05-22 23:59:16,145916.00,3637.94296,N,12727.18822,E,2,12,55.5
2026-05-22 23:59:18,145918.00,3637.94294,N,12727.18823,E,2,12,55.4
2026-05-22 23:59:20,145920.00,3637.94296,N,12727.18833,E,2,12,55.3
2026-05-22 23:59:21,145921.00,3637.94297,N,12727.18837,E,2,12,55.1
2026-05-22 23:59:22,145922.00,3637.94301,N,12727.18830,E,2,12,55.1
2026-05-22 23:59:24,145924.00,3637.94300,N,12727.18832,E,2,12,55.3
2026-05-22 23:59:25,145925.00,3637.94303,N,12727.18831,E,2,12,55.3
2026-05-22 23:59:27,145927.00,3637.94304,N,12727.18831,E,2,12,55.4
2026-05-22 23:59:28,145928.00,3637.94303,N,12727.18833,E,2,12,55.4
2026-05-22 23:59:30,145930.00,3637.94301,N,12727.18836,E,2,12,55.4
2026-05-22 23:59:31,145931.00,3637.94308,N,12727.18837,E,2,12,55.4
2026-05-22 23:59:32,145932.00,3637.94315,N,12727.18832,E,2,12,55.4
2026-05-22 23:59:33,145933.00,3637.94315,N,12727.18838,E,2,12,55.3
2026-05-22 23:59:35,145935.00,3637.94307,N,12727.18850,E,2,12,55.3
2026-05-22 23:59:37,145937.00,3637.94300,N,12727.18848,E,2,12,54.9
2026-05-22 23:59:38,145938.00,3637.94297,N,12727.18849,E,2,12,54.9
2026-05-22 23:59:40,145940.00,3637.94295,N,12727.18849,E,2,12,54.9
2026-05-22 23:59:42,145942.00,3637.94282,N,12727.18847,E,2,12,54.4
2026-05-22 23:59:44,145944.00,3637.94283,N,12727.18854,E,2,12,54.2
2026-05-22 23:59:45,145945.00,3637.94287,N,12727.18852,E,2,12,54.2
2026-05-22 23:59:46,145946.00,3637.94286,N,12727.18851,E,2,12,54.2
2026-05-22 23:59:48,145948.00,3637.94285,N,12727.18851,E,2,12,54.2
2026-05-22 23:59:50,145950.00,3637.94281,N,12727.18852,E,2,12,54.0
2026-05-22 23:59:51,145951.00,3637.94282,N,12727.18852,E,2,12,54.0
2026-05-22 23:59:53,145953.00,3637.94280,N,12727.18848,E,2,12,54.1
2026-05-22 23:59:55,145955.00,3637.94278,N,12727.18844,E,2,12,54.1
2026-05-22 23:59:56,145956.00,3637.94279,N,12727.18846,E,2,12,54.1
2026-05-22 23:59:57,145957.00,3637.94282,N,12727.18848,E,2,12,54.1
2026-05-22 23:59:58,145958.00,3637.94271,N,12727.18837,E,2,12,54.3
2026-05-23 00:00:00,150000.00,3637.94241,N,12727.18861,E,2,12,54.2
2026-05-23 00:00:02,150002.00,3637.94242,N,12727.18826,E,2,12,54.4
2026-05-23 00:00:04,150004.00,3637.94234,N,12727.18692,E,2,12,54.2
2026-05-23 00:00:05,150005.00,3637.94235,N,12727.18614,E,2,12,54.2
2026-05-23 00:00:06,150006.00,3637.94234,N,12727.18529,E,2,12,54.3
2026-05-23 00:00:08,150008.00,3637.94229,N,12727.18394,E,2,12,54.2
2026-05-23 00:00:09,150009.00,3637.94239,N,12727.18314,E,2,12,54.3
2026-05-23 00:00:11,150011.00,3637.94263,N,12727.18150,E,2,12,54.4
2026-05-23 00:00:13,150013.00,3637.94254,N,12727.17998,E,2,12,54.0
2026-05-23 00:00:15,150015.00,3637.94240,N,12727.17860,E,2,12,54.0
2026-05-23 00:00:17,150017.00,3637.94230,N,12727.17690,E,2,12,54.0
2026-05-23 00:00:18,150018.00,3637.94208,N,12727.17605,E,2,12,54.2
2026-05-23 00:00:19,150019.00,3637.94181,N,12727.17528,E,2,12,54.2
2026-05-23 00:00:21,150021.00,3637.94121,N,12727.17407,E,2,12,53.8
2026-05-23 00:00:22,150022.00,3637.94087,N,12727.17352,E,2,12,53.8
2026-05-23 00:00:24,150024.00,3637.94021,N,12727.17219,E,2,12,53.7
2026-05-23 00:00:25,150025.00,3637.93985,N,12727.17153,E,2,12,53.8
2026-05-23 00:00:26,150026.00,3637.93939,N,12727.17107,E,2,12,53.9
2026-05-23 00:00:28,150028.00,3637.93847,N,12727.17036,E,2,12,53.6
2026-05-23 00:00:30,150030.00,3637.93748,N,12727.16937,E,2,12,53.6
2026-05-23 00:00:32,150032.00,3637.93639,N,12727.16827,E,2,12,53.5
2026-05-23 00:00:34,150034.00,3637.93544,N,12727.16797,E,2,12,53.3
2026-05-23 00:00:36,150036.00,3637.93509,N,12727.16773,E,2,12,53.4
2026-05-23 00:00:38,150038.00,3637.93508,N,12727.16773,E,2,12,53.4
2026-05-23 00:00:40,150040.00,3637.93508,N,12727.16774,E,2,12,53.3
2026-05-23 00:00:41,150041.00,3637.93509,N,12727.16777,E,2,12,53.3
2026-05-23 00:00:42,150042.00,3637.93510,N,12727.16779,E,2,12,53.3
2026-05-23 00:00:43,150043.00,3637.93511,N,12727.16780,E,2,12,53.2
2026-05-23 00:00:44,150044.00,3637.93508,N,12727.16777,E,2,12,53.2
2026-05-23 00:00:46,150046.00,3637.93506,N,12727.16774,E,2,12,53.2
2026-05-23 00:00:48,150048.00,3637.93497,N,12727.16767,E,2,12,53.2
2026-05-23 00:00:50,150050.00,3637.93444,N,12727.16733,E,2,12,53.2
2026-05-23 00:00:51,150051.00,3637.93409,N,12727.16683,E,2,12,53.2
2026-05-23 00:00:53,150053.00,3637.93333,N,12727.16586,E,2,12,53.0
2026-05-23 00:00:54,150054.00,3637.93302,N,12727.16535,E,2,12,52.9
2026-05-23 00:00:55,150055.00,3637.93281,N,12727.16477,E,2,12,52.9
2026-05-23 00:00:56,150056.00,3637.93262,N,12727.16403,E,2,12,52.9
2026-05-23 00:00:58,150058.00,3637.93205,N,12727.16272,E,2,12,53.1
2026-05-23 00:00:59,150059.00,3637.93182,N,12727.16225,E,2,12,53.0
2026-05-23 00:01:00,150100.00,3637.93150,N,12727.16169,E,2,12,53.1
2026-05-23 00:01:01,150101.00,3637.93122,N,12727.16115,E,2,12,53.0
2026-05-23 00:01:03,150103.00,3637.93052,N,12727.16009,E,2,12,53.1
2026-05-23 00:01:04,150104.00,3637.93020,N,12727.15960,E,2,12,53.2
2026-05-23 00:01:06,150106.00,3637.92940,N,12727.15865,E,2,12,53.1
2026-05-23 00:01:08,150108.00,3637.92855,N,12727.15783,E,2,12,52.8
2026-05-23 00:01:09,150109.00,3637.92823,N,12727.15726,E,2,12,53.1
2026-05-23 00:01:10,150110.00,3637.92790,N,12727.15666,E,2,12,53.2
2026-05-23 00:01:12,150112.00,3637.92701,N,12727.15559,E,2,12,53.5
2026-05-23 00:01:14,150114.00,3637.92622,N,12727.15466,E,2,12,53.4
2026-05-23 00:01:16,150116.00,3637.92538,N,12727.15363,E,2,12,53.6
2026-05-23 00:01:17,150117.00,3637.92499,N,12727.15298,E,2,12,53.4
2026-05-23 00:01:19,150119.00,3637.92408,N,12727.15212,E,2,12,53.4
2026-05-23 00:01:21,150121.00,3637.92308,N,12727.15134,E,2,12,53.2
2026-05-23 00:01:23,150123.00,3637.92214,N,12727.15033,E,2,12,53.2
2026-05-23 00:01:25,150125.00,3637.92146,N,12727.14923,E,2,12,53.2
2026-05-23 00:01:27,150127.00,3637.92068,N,12727.14788,E,2,12,53.2
2026-05-23 00:01:28,150128.00,3637.92023,N,12727.14722,E,2,12,53.3
2026-05-23 00:01:29,150129.00,3637.91982,N,12727.14674,E,2,12,53.2
2026-05-23 00:01:31,150131.00,3637.91930,N,12727.14559,E,2,12,53.2
2026-05-23 00:01:33,150133.00,3637.91880,N,12727.14402,E,2,12,53.3
2026-05-23 00:01:34,150134.00,3637.91849,N,12727.14342,E,2,12,53.4
2026-05-23 00:01:36,150136.00,3637.91784,N,12727.14219,E,2,12,53.7
2026-05-23 00:01:37,150137.00,3637.91745,N,12727.14152,E,2,12,53.6
2026-05-23 00:01:39,150139.00,3637.91653,N,12727.14044,E,2,12,53.7
2026-05-23 00:01:40,150140.00,3637.91618,N,12727.14003,E,2,12,53.5
2026-05-23 00:01:42,150142.00,3637.91544,N,12727.13913,E,2,12,53.5
2026-05-23 00:01:43,150143.00,3637.91500,N,12727.13850,E,2,12,53.4
2026-05-23 00:01:44,150144.00,3637.91455,N,12727.13795,E,2,12,53.5
2026-05-23 00:01:46,150146.00,3637.91382,N,12727.13693,E,2,12,53.5
2026-05-23 00:01:47,150147.00,3637.91347,N,12727.13636,E,2,12,53.7
2026-05-23 00:01:49,150149.00,3637.91259,N,12727.13523,E,2,12,53.7
2026-05-23 00:01:50,150150.00,3637.91219,N,12727.13464,E,2,12,53.6
2026-05-23 00:01:52,150152.00,3637.91141,N,12727.13367,E,2,12,53.6
2026-05-23 00:01:53,150153.00,3637.91098,N,12727.13320,E,2,12,53.8
2026-05-23 00:01:55,150155.00,3637.91009,N,12727.13180,E,2,12,53.9
2026-05-23 00:01:56,150156.00,3637.90957,N,12727.13129,E,2,12,54.0
2026-05-23 00:01:58,150158.00,3637.90868,N,12727.13047,E,2,12,54.3
2026-05-23 00:01:59,150159.00,3637.90824,N,12727.12978,E,2,12,54.5
2026-05-23 00:02:01,150201.00,3637.90736,N,12727.12839,E,2,12,54.7
2026-05-23 00:02:02,150202.00,3637.90691,N,12727.12791,E,2,12,54.5
2026-05-23 00:02:03,150203.00,3637.90650,N,12727.12760,E,2,12,54.3
2026-05-23 00:02:05,150205.00,3637.90554,N,12727.12667,E,2,12,54.2
2026-05-23 00:02:07,150207.00,3637.90458,N,12727.12536,E,2,12,54.5
2026-05-23 00:02:09,150209.00,3637.90376,N,12727.12444,E,2,12,54.6
2026-05-23 00:02:11,150211.00,3637.90280,N,12727.12325,E,2,12,54.7
2026-05-23 00:02:13,150213.00,3637.90185,N,12727.12217,E,2,12,54.8
2026-05-23 00:02:14,150214.00,3637.90149,N,12727.12173,E,2,12,54.8
2026-05-23 00:02:16,150216.00,3637.90073,N,12727.12067,E,2,12,55.0
2026-05-23 00:02:17,150217.00,3637.90027,N,12727.11999,E,2,12,54.9
2026-05-23 00:02:18,150218.00,3637.89973,N,12727.11938,E,2,12,55.1
2026-05-23 00:02:20,150220.00,3637.89878,N,12727.11869,E,2,12,55.2
2026-05-23 00:02:22,150222.00,3637.89794,N,12727.11773,E,2,12,55.3
2026-05-23 00:02:23,150223.00,3637.89743,N,12727.11703,E,2,12,55.2
2026-05-23 00:02:25,150225.00,3637.89634,N,12727.11572,E,2,12,55.8
2026-05-23 00:02:27,150227.00,3637.89537,N,12727.11485,E,2,12,55.7
2026-05-23 00:02:28,150228.00,3637.89501,N,12727.11438,E,2,12,55.7
2026-05-23 00:02:30,150230.00,3637.89422,N,12727.11332,E,2,12,55.4
2026-05-23 00:02:31,150231.00,3637.89378,N,12727.11273,E,2,12,55.3
2026-05-23 00:02:33,150233.00,3637.89293,N,12727.11181,E,2,12,55.2
2026-05-23 00:02:34,150234.00,3637.89255,N,12727.11142,E,2,12,55.2
2026-05-23 00:02:35,150235.00,3637.89211,N,12727.11098,E,2,12,55.0
2026-05-23 00:02:36,150236.00,3637.89163,N,12727.11045,E,2,12,54.9
2026-05-23 00:02:38,150238.00,3637.89076,N,12727.10940,E,2,12,54.9
2026-05-23 00:02:40,150240.00,3637.88996,N,12727.10851,E,2,12,55.3
2026-05-23 00:02:42,150242.00,3637.88905,N,12727.10735,E,2,12,55.2
2026-05-23 00:02:44,150244.00,3637.88808,N,12727.10635,E,2,12,55.3
2026-05-23 00:02:45,150245.00,3637.88776,N,12727.10592,E,2,12,55.3
2026-05-23 00:02:47,150247.00,3637.88681,N,12727.10499,E,2,12,55.5
2026-05-23 00:02:48,150248.00,3637.88633,N,12727.10449,E,2,12,55.6
2026-05-23 00:02:49,150249.00,3637.88589,N,12727.10395,E,2,12,55.5
2026-05-23 00:02:51,150251.00,3637.88515,N,12727.10301,E,2,12,55.5
2026-05-23 00:02:52,150252.00,3637.88470,N,12727.10238,E,2,12,55.5
2026-05-23 00:02:54,150254.00,3637.88376,N,12727.10134,E,2,12,55.8
2026-05-23 00:02:56,150256.00,3637.88293,N,12727.10054,E,2,12,56.0
2026-05-23 00:02:58,150258.00,3637.88211,N,12727.09904,E,2,12,56.2
2026-05-23 00:03:00,150300.00,3637.88105,N,12727.09791,E,2,12,56.2
2026-05-23 00:03:02,150302.00,3637.88021,N,12727.09733,E,2,12,56.5
2026-05-23 00:03:04,150304.00,3637.87938,N,12727.09639,E,2,12,56.2
2026-05-23 00:03:05,150305.00,3637.87899,N,12727.09585,E,2,12,55.9
2026-05-23 00:03:06,150306.00,3637.87852,N,12727.09525,E,2,12,56.1
2026-05-23 00:03:07,150307.00,3637.87804,N,12727.09500,E,2,12,55.8
2026-05-23 00:03:09,150309.00,3637.87706,N,12727.09431,E,2,12,55.3
2026-05-23 00:03:11,150311.00,3637.87614,N,12727.09307,E,2,12,54.9
2026-05-23 00:03:13,150313.00,3637.87529,N,12727.09194,E,2,12,55.1
2026-05-23 00:03:14,150314.00,3637.87488,N,12727.09148,E,2,12,55.0
2026-05-23 00:03:16,150316.00,3637.87406,N,12727.09042,E,2,12,55.3
2026-05-23 00:03:18,150318.00,3637.87324,N,12727.08905,E,2,12,55.5
2026-05-23 00:03:20,150320.00,3637.87237,N,12727.08803,E,2,12,55.9
2026-05-23 00:03:22,150322.00,3637.87165,N,12727.08715,E,2,12,56.1
2026-05-23 00:03:24,150324.00,3637.87072,N,12727.08565,E,2,12,56.6
2026-05-23 00:03:25,150325.00,3637.87019,N,12727.08501,E,2,12,57.0
2026-05-23 00:03:26,150326.00,3637.86967,N,12727.08447,E,2,12,57.1
2026-05-23 00:03:28,150328.00,3637.86876,N,12727.08372,E,2,12,57.3
2026-05-23 00:03:30,150330.00,3637.86783,N,12727.08259,E,2,12,57.5
2026-05-23 00:03:32,150332.00,3637.86699,N,12727.08166,E,2,12,57.5
2026-05-23 00:03:33,150333.00,3637.86654,N,12727.08131,E,2,12,57.6
2026-05-23 00:03:34,150334.00,3637.86607,N,12727.08082,E,2,12,57.7
2026-05-23 00:03:36,150336.00,3637.86507,N,12727.07999,E,2,12,57.6
2026-05-23 00:03:37,150337.00,3637.86467,N,12727.07952,E,2,12,57.6
2026-05-23 00:03:38,150338.00,3637.86437,N,12727.07893,E,2,12,58.0
2026-05-23 00:03:40,150340.00,3637.86357,N,12727.07773,E,2,12,58.1
2026-05-23 00:03:42,150342.00,3637.86264,N,12727.07687,E,2,12,58.1
2026-05-23 00:03:44,150344.00,3637.86188,N,12727.07581,E,2,12,58.3
2026-05-23 00:03:45,150345.00,3637.86158,N,12727.07522,E,2,12,58.3
2026-05-23 00:03:47,150347.00,3637.86076,N,12727.07458,E,2,12,58.3
2026-05-23 00:03:48,150348.00,3637.86050,N,12727.07436,E,2,12,58.3
2026-05-23 00:03:50,150350.00,3637.86041,N,12727.07426,E,2,12,58.2
2026-05-23 00:03:52,150352.00,3637.86026,N,12727.07392,E,2,12,58.2
2026-05-23 00:03:54,150354.00,3637.85931,N,12727.07270,E,2,12,58.8
2026-05-23 00:03:55,150355.00,3637.85888,N,12727.07220,E,2,12,58.7
2026-05-23 00:03:56,150356.00,3637.85847,N,12727.07173,E,2,12,58.7
2026-05-23 00:03:58,150358.00,3637.85761,N,12727.07077,E,2,12,58.8
2026-05-23 00:03:59,150359.00,3637.85716,N,12727.07017,E,2,12,58.8
2026-05-23 00:04:01,150401.00,3637.85613,N,12727.06915,E,2,12,58.9
2026-05-23 00:04:03,150403.00,3637.85532,N,12727.06822,E,2,12,59.1
2026-05-23 00:04:05,150405.00,3637.85436,N,12727.06675,E,2,12,59.3
2026-05-23 00:04:06,150406.00,3637.85387,N,12727.06610,E,2,12,59.4
2026-05-23 00:04:08,150408.00,3637.85293,N,12727.06533,E,2,12,59.0
2026-05-23 00:04:10,150410.00,3637.85210,N,12727.06435,E,2,12,59.0
2026-05-23 00:04:11,150411.00,3637.85163,N,12727.06363,E,2,12,59.1
2026-05-23 00:04:13,150413.00,3637.85061,N,12727.06252,E,2,12,59.2
2026-05-23 00:04:14,150414.00,3637.85016,N,12727.06221,E,2,12,59.0
2026-05-23 00:04:16,150416.00,3637.84930,N,12727.06135,E,2,12,59.0
2026-05-23 00:04:18,150418.00,3637.84834,N,12727.06002,E,2,12,59.0
2026-05-23 00:04:20,150420.00,3637.84734,N,12727.05896,E,2,12,59.1
2026-05-23 00:04:21,150421.00,3637.84696,N,12727.05850,E,2,12,59.3
2026-05-23 00:04:23,150423.00,3637.84614,N,12727.05745,E,2,12,59.3
2026-05-23 00:04:24,150424.00,3637.84567,N,12727.05695,E,2,12,59.1
2026-05-23 00:04:25,150425.00,3637.84517,N,12727.05646,E,2,12,59.2
2026-05-23 00:04:27,150427.00,3637.84474,N,12727.05606,E,2,12,59.0
2026-05-23 00:04:29,150429.00,3637.84449,N,12727.05584,E,2,12,59.1
2026-05-23 00:04:31,150431.00,3637.84365,N,12727.05518,E,2,12,59.2
2026-05-23 00:04:33,150433.00,3637.84278,N,12727.05404,E,2,12,59.4
2026-05-23 00:04:34,150434.00,3637.84239,N,12727.05349,E,2,12,59.4
2026-05-23 00:04:36,150436.00,3637.84156,N,12727.05267,E,2,12,59.3
2026-05-23 00:04:38,150438.00,3637.84066,N,12727.05164,E,2,12,59.1
2026-05-23 00:04:39,150439.00,3637.84022,N,12727.05108,E,2,12,59.2
2026-05-23 00:04:41,150441.00,3637.83933,N,12727.05045,E,2,12,58.9
2026-05-23 00:04:42,150442.00,3637.83894,N,12727.05018,E,2,12,58.8
2026-05-23 00:04:43,150443.00,3637.83848,N,12727.04967,E,2,12,58.8
2026-05-23 00:04:45,150445.00,3637.83767,N,12727.04867,E,2,12,59.1
2026-05-23 00:04:46,150446.00,3637.83724,N,12727.04829,E,2,12,59.0
2026-05-23 00:04:47,150447.00,3637.83682,N,12727.04783,E,2,12,59.1
2026-05-23 00:04:48,150448.00,3637.83631,N,12727.04728,E,2,12,59.2
2026-05-23 00:04:50,150450.00,3637.83534,N,12727.04593,E,2,12,59.3
2026-05-23 00:04:51,150451.00,3637.83482,N,12727.04544,E,2,12,59.5
2026-05-23 00:04:53,150453.00,3637.83386,N,12727.04463,E,2,12,59.5
2026-05-23 00:04:54,150454.00,3637.83345,N,12727.04401,E,2,12,59.5
2026-05-23 00:04:55,150455.00,3637.83303,N,12727.04345,E,2,12,59.5
2026-05-23 00:04:56,150456.00,3637.83254,N,12727.04297,E,2,12,59.5
2026-05-23 00:04:57,150457.00,3637.83202,N,12727.04260,E,2,12,59.2
2026-05-23 00:04:58,150458.00,3637.83155,N,12727.04242,E,2,12,58.9
2026-05-23 00:05:00,150500.00,3637.83064,N,12727.04165,E,2,12,58.7
2026-05-23 00:05:01,150501.00,3637.83013,N,12727.04110,E,2,12,58.5
2026-05-23 00:05:02,150502.00,3637.82958,N,12727.04063,E,2,12,58.9
2026-05-23 00:05:04,150504.00,3637.82852,N,12727.04002,E,2,12,58.8
2026-05-23 00:05:05,150505.00,3637.82806,N,12727.03964,E,2,12,58.7
2026-05-23 00:05:07,150507.00,3637.82712,N,12727.03855,E,2,12,58.6
2026-05-23 00:05:09,150509.00,3637.82608,N,12727.03788,E,2,12,58.5
2026-05-23 00:05:10,150510.00,3637.82564,N,12727.03750,E,2,12,58.4
2026-05-23 00:05:12,150512.00,3637.82473,N,12727.03635,E,2,12,58.3
2026-05-23 00:05:14,150514.00,3637.82362,N,12727.03554,E,2,12,58.1
2026-05-23 00:05:16,150516.00,3637.82285,N,12727.03503,E,2,12,57.6
2026-05-23 00:05:17,150517.00,3637.82235,N,12727.03467,E,2,12,57.6
2026-05-23 00:05:19,150519.00,3637.82126,N,12727.03373,E,2,12,57.8
2026-05-23 00:05:20,150520.00,3637.82077,N,12727.03334,E,2,12,57.6
2026-05-23 00:05:22,150522.00,3637.81983,N,12727.03272,E,2,12,57.7
2026-05-23 00:05:24,150524.00,3637.81873,N,12727.03177,E,2,12,57.9
2026-05-23 00:05:26,150526.00,3637.81760,N,12727.03118,E,2,12,57.9
2026-05-23 00:05:28,150528.00,3637.81657,N,12727.03055,E,2,12,58.1
2026-05-23 00:05:29,150529.00,3637.81598,N,12727.03025,E,2,12,58.0
2026-05-23 00:05:31,150531.00,3637.81488,N,12727.02961,E,2,12,58.2
2026-05-23 00:05:33,150533.00,3637.81392,N,12727.02905,E,2,12,58.3
2026-05-23 00:05:35,150535.00,3637.81279,N,12727.02819,E,2,12,58.4
2026-05-23 00:05:36,150536.00,3637.81229,N,12727.02776,E,2,12,58.5
2026-05-23 00:05:38,150538.00,3637.81125,N,12727.02735,E,2,12,58.3
2026-05-23 00:05:39,150539.00,3637.81073,N,12727.02699,E,2,12,58.5
2026-05-23 00:05:41,150541.00,3637.80958,N,12727.02629,E,2,12,58.5
2026-05-23 00:05:42,150542.00,3637.80910,N,12727.02607,E,2,12,58.2
2026-05-23 00:05:44,150544.00,3637.80818,N,12727.02546,E,2,12,58.3
2026-05-23 00:05:45,150545.00,3637.80767,N,12727.02500,E,2,12,58.3
2026-05-23 00:05:47,150547.00,3637.80661,N,12727.02433,E,2,12,58.1
2026-05-23 00:05:49,150549.00,3637.80559,N,12727.02369,E,2,12,58.7
2026-05-23 00:05:50,150550.00,3637.80503,N,12727.02306,E,2,12,59.3
2026-05-23 00:05:52,150552.00,3637.80397,N,12727.02243,E,2,12,59.5
2026-05-23 00:05:54,150554.00,3637.80293,N,12727.02196,E,2,12,59.7
2026-05-23 00:05:56,150556.00,3637.80182,N,12727.02135,E,2,12,59.5
2026-05-23 00:05:58,150558.00,3637.80085,N,12727.02101,E,2,12,59.3
2026-05-23 00:06:00,150600.00,3637.79988,N,12727.02037,E,2,12,59.2
2026-05-23 00:06:02,150602.00,3637.79865,N,12727.01945,E,2,12,59.7
2026-05-23 00:06:04,150604.00,3637.79755,N,12727.01904,E,2,12,59.5
2026-05-23 00:06:06,150606.00,3637.79646,N,12727.01876,E,2,12,59.3
2026-05-23 00:06:08,150608.00,3637.79524,N,12727.01805,E,2,12,59.6
2026-05-23 00:06:09,150609.00,3637.79462,N,12727.01790,E,2,12,59.5
2026-05-23 00:06:11,150611.00,3637.79368,N,12727.01762,E,2,12,59.4
2026-05-23 00:06:12,150612.00,3637.79318,N,12727.01726,E,2,12,59.3
2026-05-23 00:06:14,150614.00,3637.79200,N,12727.01643,E,2,12,59.5
2026-05-23 00:06:16,150616.00,3637.79093,N,12727.01596,E,2,12,59.4
2026-05-23 00:06:17,150617.00,3637.79038,N,12727.01570,E,2,12,59.6
2026-05-23 00:06:19,150619.00,3637.78916,N,12727.01519,E,2,12,59.4
2026-05-23 00:06:21,150621.00,3637.78795,N,12727.01476,E,2,12,59.2
2026-05-23 00:06:22,150622.00,3637.78741,N,12727.01465,E,2,12,59.1
2026-05-23 00:06:24,150624.00,3637.78625,N,12727.01416,E,2,12,59.4
2026-05-23 00:06:26,150626.00,3637.78513,N,12727.01371,E,2,12,59.1
2026-05-23 00:06:28,150628.00,3637.78398,N,12727.01346,E,2,12,58.7
2026-05-23 00:06:30,150630.00,3637.78297,N,12727.01312,E,2,12,58.6
2026-05-23 00:06:31,150631.00,3637.78243,N,12727.01288,E,2,12,58.4
2026-05-23 00:06:33,150633.00,3637.78122,N,12727.01232,E,2,12,58.7
2026-05-23 00:06:35,150635.00,3637.78022,N,12727.01208,E,2,12,58.3
2026-05-23 00:06:37,150637.00,3637.77900,N,12727.01162,E,2,12,58.6
2026-05-23 00:06:38,150638.00,3637.77833,N,12727.01140,E,2,12,59.1
2026-05-23 00:06:40,150640.00,3637.77713,N,12727.01114,E,2,12,59.1
2026-05-23 00:06:42,150642.00,3637.77610,N,12727.01081,E,2,12,59.2
2026-05-23 00:06:43,150643.00,3637.77559,N,12727.01057,E,2,12,59.0
2026-05-23 00:06:45,150645.00,3637.77443,N,12727.01027,E,2,12,59.0
2026-05-23 00:06:46,150646.00,3637.77389,N,12727.01015,E,2,12,59.0
2026-05-23 00:06:47,150647.00,3637.77346,N,12727.01002,E,2,12,59.2
2026-05-23 00:06:49,150649.00,3637.77240,N,12727.00946,E,2,12,59.0
2026-05-23 00:06:51,150651.00,3637.77186,N,12727.00940,E,2,12,59.3
2026-05-23 00:06:53,150653.00,3637.77145,N,12727.00928,E,2,12,59.1
2026-05-23 00:06:55,150655.00,3637.77028,N,12727.00865,E,2,12,59.2
2026-05-23 00:06:57,150657.00,3637.76912,N,12727.00818,E,2,12,59.1
2026-05-23 00:06:58,150658.00,3637.76853,N,12727.00797,E,2,12,59.4
2026-05-23 00:07:00,150700.00,3637.76734,N,12727.00759,E,2,12,59.8
2026-05-23 00:07:02,150702.00,3637.76603,N,12727.00731,E,2,12,59.7
2026-05-23 00:07:03,150703.00,3637.76545,N,12727.00720,E,2,12,59.4
2026-05-23 00:07:05,150705.00,3637.76427,N,12727.00718,E,2,12,58.9
2026-05-23 00:07:07,150707.00,3637.76320,N,12727.00713,E,2,12,58.8
2026-05-23 00:07:08,150708.00,3637.76262,N,12727.00690,E,2,12,58.9
2026-05-23 00:07:10,150710.00,3637.76152,N,12727.00659,E,2,12,58.5
2026-05-23 00:07:12,150712.00,3637.76037,N,12727.00630,E,2,12,58.6
2026-05-23 00:07:13,150713.00,3637.75982,N,12727.00615,E,2,12,58.5
2026-05-23 00:07:15,150715.00,3637.75854,N,12727.00570,E,2,12,58.2
2026-05-23 00:07:17,150717.00,3637.75704,N,12727.00527,E,2,12,59.0
2026-05-23 00:07:19,150719.00,3637.75592,N,12727.00538,E,2,12,58.9
2026-05-23 00:07:20,150720.00,3637.75544,N,12727.00536,E,2,12,58.7
2026-05-23 00:07:21,150721.00,3637.75470,N,12727.00510,E,2,12,59.2
2026-05-23 00:07:22,150722.00,3637.75397,N,12727.00490,E,2,12,59.4
2026-05-23 00:07:23,150723.00,3637.75332,N,12727.00465,E,2,12,59.7
2026-05-23 00:07:25,150725.00,3637.75213,N,12727.00445,E,2,12,59.5
2026-05-23 00:07:27,150727.00,3637.75108,N,12727.00440,E,2,12,59.3
2026-05-23 00:07:28,150728.00,3637.75043,N,12727.00441,E,2,12,59.5
2026-05-23 00:07:29,150729.00,3637.74975,N,12727.00441,E,2,12,59.4
2026-05-23 00:07:31,150731.00,3637.74835,N,12727.00436,E,2,12,59.5
2026-05-23 00:07:32,150732.00,3637.74779,N,12727.00442,E,2,12,59.0
2026-05-23 00:07:34,150734.00,3637.74676,N,12727.00446,E,2,12,58.6
2026-05-23 00:07:35,150735.00,3637.74614,N,12727.00438,E,2,12,59.0
2026-05-23 00:07:37,150737.00,3637.74473,N,12727.00420,E,2,12,59.2
2026-05-23 00:07:38,150738.00,3637.74396,N,12727.00416,E,2,12,59.5
2026-05-23 00:07:40,150740.00,3637.74275,N,12727.00431,E,2,12,59.1
2026-05-23 00:07:41,150741.00,3637.74228,N,12727.00440,E,2,12,58.8
2026-05-23 00:07:43,150743.00,3637.74159,N,12727.00430,E,2,12,58.9
2026-05-23 00:07:44,150744.00,3637.74155,N,12727.00426,E,2,12,59.0
2026-05-23 00:07:45,150745.00,3637.74155,N,12727.00444,E,2,12,58.9
2026-05-23 00:07:47,150747.00,3637.74156,N,12727.00452,E,2,12,58.7
2026-05-23 00:07:48,150748.00,3637.74160,N,12727.00456,E,2,12,58.5
2026-05-23 00:07:50,150750.00,3637.74161,N,12727.00457,E,2,12,58.5
2026-05-23 00:07:51,150751.00,3637.74127,N,12727.00446,E,2,12,58.4
2026-05-23 00:07:52,150752.00,3637.74062,N,12727.00442,E,2,12,58.9
2026-05-23 00:07:54,150754.00,3637.73930,N,12727.00419,E,2,12,59.1
2026-05-23 00:07:55,150755.00,3637.73862,N,12727.00417,E,2,12,59.1
2026-05-23 00:07:56,150756.00,3637.73805,N,12727.00429,E,2,12,58.9
2026-05-23 00:07:58,150758.00,3637.73695,N,12727.00431,E,2,12,58.8
2026-05-23 00:08:00,150800.00,3637.73556,N,12727.00380,E,2,12,59.1
2026-05-23 00:08:02,150802.00,3637.73423,N,12727.00352,E,2,12,59.2
2026-05-23 00:08:03,150803.00,3637.73368,N,12727.00355,E,2,12,59.4
2026-05-23 00:08:05,150805.00,3637.73266,N,12727.00359,E,2,12,59.2
2026-05-23 00:08:06,150806.00,3637.73203,N,12727.00359,E,2,12,59.1
2026-05-23 00:08:07,150807.00,3637.73136,N,12727.00350,E,2,12,59.3
2026-05-23 00:08:09,150809.00,3637.73032,N,12727.00366,E,2,12,58.2
2026-05-23 00:08:11,150811.00,3637.72922,N,12727.00364,E,2,12,58.1
2026-05-23 00:08:13,150813.00,3637.72801,N,12727.00347,E,2,12,57.7
2026-05-23 00:08:15,150815.00,3637.72666,N,12727.00344,E,2,12,57.6
2026-05-23 00:08:17,150817.00,3637.72550,N,12727.00371,E,2,12,56.9
2026-05-23 00:08:19,150819.00,3637.72429,N,12727.00379,E,2,12,56.8
2026-05-23 00:08:20,150820.00,3637.72376,N,12727.00371,E,2,12,56.8
2026-05-23 00:08:21,150821.00,3637.72327,N,12727.00362,E,2,12,56.1
2026-05-23 00:08:23,150823.00,3637.72200,N,12727.00357,E,2,12,56.1
2026-05-23 00:08:25,150825.00,3637.72076,N,12727.00358,E,2,12,55.9
2026-05-23 00:08:27,150827.00,3637.71970,N,12727.00366,E,2,12,55.6
2026-05-23 00:08:28,150828.00,3637.71896,N,12727.00356,E,2,12,56.3
2026-05-23 00:08:30,150830.00,3637.71758,N,12727.00351,E,2,12,56.1
2026-05-23 00:08:31,150831.00,3637.71693,N,12727.00351,E,2,12,56.1
2026-05-23 00:08:32,150832.00,3637.71633,N,12727.00350,E,2,12,55.9
2026-05-23 00:08:33,150833.00,3637.71575,N,12727.00352,E,2,12,55.9
2026-05-23 00:08:35,150835.00,3637.71455,N,12727.00328,E,2,12,56.2
2026-05-23 00:08:37,150837.00,3637.71312,N,12727.00275,E,2,12,57.1
2026-05-23 00:08:39,150839.00,3637.71178,N,12727.00267,E,2,12,57.6
2026-05-23 00:08:41,150841.00,3637.71071,N,12727.00267,E,2,12,57.4
2026-05-23 00:08:42,150842.00,3637.71012,N,12727.00261,E,2,12,57.2
2026-05-23 00:08:44,150844.00,3637.70874,N,12727.00228,E,2,12,57.2
2026-05-23 00:08:46,150846.00,3637.70733,N,12727.00221,E,2,12,57.3
2026-05-23 00:08:48,150848.00,3637.70608,N,12727.00229,E,2,12,56.8
2026-05-23 00:08:49,150849.00,3637.70550,N,12727.00226,E,2,12,56.9
2026-05-23 00:08:51,150851.00,3637.70426,N,12727.00210,E,2,12,56.8
2026-05-23 00:08:52,150852.00,3637.70363,N,12727.00211,E,2,12,56.8
2026-05-23 00:08:54,150854.00,3637.70238,N,12727.00223,E,2,12,56.4
2026-05-23 00:08:55,150855.00,3637.70182,N,12727.00222,E,2,12,56.3
2026-05-23 00:08:56,150856.00,3637.70125,N,12727.00219,E,2,12,56.5
2026-05-23 00:08:58,150858.00,3637.70009,N,12727.00216,E,2,12,56.2
2026-05-23 00:08:59,150859.00,3637.69946,N,12727.00222,E,2,12,56.1
2026-05-23 00:09:01,150901.00,3637.69832,N,12727.00240,E,2,12,55.4
2026-05-23 00:09:03,150903.00,3637.69734,N,12727.00249,E,2,12,55.2
2026-05-23 00:09:04,150904.00,3637.69677,N,12727.00243,E,2,12,55.0
2026-05-23 00:09:06,150906.00,3637.69546,N,12727.00214,E,2,12,54.9
2026-05-23 00:09:07,150907.00,3637.69493,N,12727.00225,E,2,12,54.6
2026-05-23 00:09:08,150908.00,3637.69457,N,12727.00242,E,2,12,53.9
2026-05-23 00:09:10,150910.00,3637.69348,N,12727.00223,E,2,12,54.0
2026-05-23 00:09:11,150911.00,3637.69277,N,12727.00207,E,2,12,53.9
2026-05-23 00:09:12,150912.00,3637.69192,N,12727.00186,E,2,12,54.3
2026-05-23 00:09:14,150914.00,3637.69055,N,12727.00178,E,2,12,54.2
2026-05-23 00:09:15,150915.00,3637.68997,N,12727.00187,E,2,12,54.1
2026-05-23 00:09:17,150917.00,3637.68899,N,12727.00205,E,2,12,53.7
2026-05-23 00:09:18,150918.00,3637.68831,N,12727.00196,E,2,12,53.6
2026-05-23 00:09:20,150920.00,3637.68680,N,12727.00183,E,2,12,53.7
2026-05-23 00:09:21,150921.00,3637.68621,N,12727.00194,E,2,12,53.3
2026-05-23 00:09:23,150923.00,3637.68529,N,12727.00213,E,2,12,53.0
2026-05-23 00:09:24,150924.00,3637.68468,N,12727.00200,E,2,12,53.3
2026-05-23 00:09:26,150926.00,3637.68323,N,12727.00168,E,2,12,53.7
2026-05-23 00:09:28,150928.00,3637.68184,N,12727.00164,E,2,12,54.0
2026-05-23 00:09:29,150929.00,3637.68125,N,12727.00170,E,2,12,53.7
2026-05-23 00:09:30,150930.00,3637.68069,N,12727.00168,E,2,12,53.7
2026-05-23 00:09:31,150931.00,3637.68011,N,12727.00152,E,2,12,54.0
2026-05-23 00:09:33,150933.00,3637.67874,N,12727.00127,E,2,12,54.0
2026-05-23 00:09:35,150935.00,3637.67733,N,12727.00112,E,2,12,54.4
2026-05-23 00:09:36,150936.00,3637.67674,N,12727.00115,E,2,12,54.6
2026-05-23 00:09:38,150938.00,3637.67567,N,12727.00128,E,2,12,54.9
2026-05-23 00:09:40,150940.00,3637.67440,N,12727.00107,E,2,12,54.7
2026-05-23 00:09:42,150942.00,3637.67286,N,12727.00071,E,2,12,55.1
2026-05-23 00:09:44,150944.00,3637.67162,N,12727.00087,E,2,12,55.2
2026-05-23 00:09:45,150945.00,3637.67106,N,12727.00082,E,2,12,55.4
2026-05-23 00:09:47,150947.00,3637.66989,N,12727.00078,E,2,12,55.8
2026-05-23 00:09:49,150949.00,3637.66865,N,12727.00058,E,2,12,55.5
2026-05-23 00:09:50,150950.00,3637.66796,N,12727.00048,E,2,12,55.6
2026-05-23 00:09:52,150952.00,3637.66664,N,12727.00040,E,2,12,56.3
2026-05-23 00:09:54,150954.00,3637.66547,N,12727.00031,E,2,12,56.5
2026-05-23 00:09:56,150956.00,3637.66417,N,12727.00002,E,2,12,56.3
2026-05-23 00:09:58,150958.00,3637.66281,N,12726.99995,E,2,12,56.4
2026-05-23 00:10:00,151000.00,3637.66171,N,12727.00006,E,2,12,56.3
2026-05-23 00:10:02,151002.00,3637.66044,N,12726.99991,E,2,12,56.2
2026-05-23 00:10:04,151004.00,3637.65902,N,12726.99973,E,2,12,56.5
2026-05-23 00:10:05,151005.00,3637.65842,N,12726.99977,E,2,12,56.5
2026-05-23 00:10:06,151006.00,3637.65781,N,12726.99977,E,2,12,56.4
2026-05-23 00:10:08,151008.00,3637.65658,N,12726.99971,E,2,12,56.4
2026-05-23 00:10:10,151010.00,3637.65544,N,12726.99968,E,2,12,56.6
2026-05-23 00:10:11,151011.00,3637.65483,N,12726.99961,E,2,12,56.5
2026-05-23 00:10:12,151012.00,3637.65413,N,12726.99950,E,2,12,56.5
2026-05-23 00:10:14,151014.00,3637.65285,N,12726.99955,E,2,12,56.6
2026-05-23 00:10:16,151016.00,3637.65180,N,12726.99948,E,2,12,56.4
2026-05-23 00:10:17,151017.00,3637.65116,N,12726.99945,E,2,12,56.4
2026-05-23 00:10:18,151018.00,3637.65051,N,12726.99943,E,2,12,56.3
2026-05-23 00:10:19,151019.00,3637.64989,N,12726.99935,E,2,12,56.3
2026-05-23 00:10:21,151021.00,3637.64867,N,12726.99930,E,2,12,56.2
2026-05-23 00:10:22,151022.00,3637.64813,N,12726.99927,E,2,12,56.1
2026-05-23 00:10:24,151024.00,3637.64708,N,12726.99911,E,2,12,55.6
2026-05-23 00:10:25,151025.00,3637.64646,N,12726.99893,E,2,12,55.6
2026-05-23 00:10:26,151026.00,3637.64592,N,12726.99898,E,2,12,55.5
2026-05-23 00:10:27,151027.00,3637.64552,N,12726.99907,E,2,12,55.5
2026-05-23 00:10:29,151029.00,3637.64462,N,12726.99905,E,2,12,55.3
2026-05-23 00:10:30,151030.00,3637.64403,N,12726.99899,E,2,12,55.3
2026-05-23 00:10:32,151032.00,3637.64298,N,12726.99910,E,2,12,54.7
2026-05-23 00:10:34,151034.00,3637.64195,N,12726.99900,E,2,12,54.7
2026-05-23 00:10:35,151035.00,3637.64134,N,12726.99900,E,2,12,54.5
2026-05-23 00:10:37,151037.00,3637.63993,N,12726.99891,E,2,12,54.7
2026-05-23 00:10:39,151039.00,3637.63879,N,12726.99903,E,2,12,54.7
2026-05-23 00:10:41,151041.00,3637.63791,N,12726.99915,E,2,12,54.0
2026-05-23 00:10:43,151043.00,3637.63669,N,12726.99913,E,2,12,53.5
2026-05-23 00:10:44,151044.00,3637.63601,N,12726.99905,E,2,12,53.5
2026-05-23 00:10:45,151045.00,3637.63544,N,12726.99899,E,2,12,53.5
2026-05-23 00:10:46,151046.00,3637.63485,N,12726.99905,E,2,12,53.4
2026-05-23 00:10:48,151048.00,3637.63359,N,12726.99913,E,2,12,53.9
2026-05-23 00:10:49,151049.00,3637.63304,N,12726.99920,E,2,12,53.8
2026-05-23 00:10:51,151051.00,3637.63199,N,12726.99939,E,2,12,53.6
2026-05-23 00:10:53,151053.00,3637.63093,N,12726.99950,E,2,12,53.2
2026-05-23 00:10:55,151055.00,3637.62964,N,12726.99958,E,2,12,52.9
2026-05-23 00:10:57,151057.00,3637.62844,N,12726.99962,E,2,12,52.7
2026-05-23 00:10:58,151058.00,3637.62782,N,12726.99960,E,2,12,52.9
2026-05-23 00:11:00,151100.00,3637.62651,N,12726.99952,E,2,12,52.9
2026-05-23 00:11:02,151102.00,3637.62528,N,12726.99963,E,2,12,52.7
2026-05-23 00:11:04,151104.00,3637.62401,N,12726.99977,E,2,12,52.4
2026-05-23 00:11:05,151105.00,3637.62342,N,12726.99985,E,2,12,52.4
2026-05-23 00:11:06,151106.00,3637.62285,N,12726.99994,E,2,12,52.0
2026-05-23 00:11:08,151108.00,3637.62159,N,12726.99992,E,2,12,52.0
2026-05-23 00:11:09,151109.00,3637.62087,N,12727.00005,E,2,12,52.1
2026-05-23 00:11:10,151110.00,3637.62038,N,12727.00022,E,2,12,51.5
2026-05-23 00:11:12,151112.00,3637.61931,N,12727.00014,E,2,12,51.6
2026-05-23 00:11:13,151113.00,3637.61873,N,12727.00013,E,2,12,51.6
2026-05-23 00:11:14,151114.00,3637.61812,N,12727.00015,E,2,12,51.9
2026-05-23 00:11:16,151116.00,3637.61689,N,12727.00019,E,2,12,51.4
2026-05-23 00:11:17,151117.00,3637.61633,N,12727.00027,E,2,12,51.2
2026-05-23 00:11:19,151119.00,3637.61518,N,12727.00023,E,2,12,51.3
2026-05-23 00:11:21,151121.00,3637.61401,N,12726.99996,E,2,12,50.8
2026-05-23 00:11:23,151123.00,3637.61269,N,12726.99961,E,2,12,50.5
2026-05-23 00:11:25,151125.00,3637.61127,N,12726.99934,E,2,12,51.4
2026-05-23 00:11:26,151126.00,3637.61056,N,12726.99916,E,2,12,52.2
2026-05-23 00:11:28,151128.00,3637.60918,N,12726.99912,E,2,12,52.7
2026-05-23 00:11:29,151129.00,3637.60840,N,12726.99901,E,2,12,52.9
2026-05-23 00:11:30,151130.00,3637.60755,N,12726.99884,E,2,12,53.1
2026-05-23 00:11:32,151132.00,3637.60585,N,12726.99861,E,2,12,53.8
2026-05-23 00:11:34,151134.00,3637.60434,N,12726.99855,E,2,12,54.1
2026-05-23 00:11:36,151136.00,3637.60299,N,12726.99844,E,2,12,54.7
2026-05-23 00:11:37,151137.00,3637.60241,N,12726.99838,E,2,12,54.6
2026-05-23 00:11:39,151139.00,3637.60122,N,12726.99808,E,2,12,54.3
2026-05-23 00:11:41,151141.00,3637.59973,N,12726.99756,E,2,12,54.4
2026-05-23 00:11:42,151142.00,3637.59901,N,12726.99741,E,2,12,54.6
2026-05-23 00:11:44,151144.00,3637.59786,N,12726.99735,E,2,12,54.4
2026-05-23 00:11:46,151146.00,3637.59680,N,12726.99751,E,2,12,54.3
2026-05-23 00:11:47,151147.00,3637.59616,N,12726.99748,E,2,12,54.3
2026-05-23 00:11:48,151148.00,3637.59546,N,12726.99747,E,2,12,54.3
2026-05-23 00:11:50,151150.00,3637.59412,N,12726.99740,E,2,12,54.4
2026-05-23 00:11:51,151151.00,3637.59354,N,12726.99736,E,2,12,54.4
2026-05-23 00:11:52,151152.00,3637.59300,N,12726.99730,E,2,12,54.3
2026-05-23 00:11:53,151153.00,3637.59245,N,12726.99727,E,2,12,54.0
2026-05-23 00:11:54,151154.00,3637.59180,N,12726.99729,E,2,12,53.8
2026-05-23 00:11:56,151156.00,3637.59030,N,12726.99719,E,2,12,53.9
2026-05-23 00:11:57,151157.00,3637.58966,N,12726.99721,E,2,12,54.0
2026-05-23 00:11:59,151159.00,3637.58824,N,12726.99712,E,2,12,54.2
2026-05-23 00:12:00,151200.00,3637.58757,N,12726.99717,E,2,12,54.1
2026-05-23 00:12:02,151202.00,3637.58641,N,12726.99722,E,2,12,54.1
2026-05-23 00:12:03,151203.00,3637.58577,N,12726.99725,E,2,12,54.2
2026-05-23 00:12:04,151204.00,3637.58510,N,12726.99722,E,2,12,54.0
2026-05-23 00:12:06,151206.00,3637.58365,N,12726.99721,E,2,12,54.3
2026-05-23 00:12:08,151208.00,3637.58251,N,12726.99728,E,2,12,54.1
2026-05-23 00:12:09,151209.00,3637.58194,N,12726.99720,E,2,12,54.2
2026-05-23 00:12:10,151210.00,3637.58132,N,12726.99710,E,2,12,54.3
2026-05-23 00:12:12,151212.00,3637.57992,N,12726.99680,E,2,12,54.3
2026-05-23 00:12:14,151214.00,3637.57863,N,12726.99657,E,2,12,54.0
2026-05-23 00:12:15,151215.00,3637.57807,N,12726.99661,E,2,12,53.7
2026-05-23 00:12:17,151217.00,3637.57698,N,12726.99681,E,2,12,53.3
2026-05-23 00:12:18,151218.00,3637.57630,N,12726.99680,E,2,12,53.3
2026-05-23 00:12:20,151220.00,3637.57500,N,12726.99668,E,2,12,53.0
2026-05-23 00:12:22,151222.00,3637.57384,N,12726.99660,E,2,12,52.2
2026-05-23 00:12:23,151223.00,3637.57322,N,12726.99648,E,2,12,52.4
2026-05-23 00:12:24,151224.00,3637.57269,N,12726.99642,E,2,12,52.3
2026-05-23 00:12:26,151226.00,3637.57127,N,12726.99622,E,2,12,53.0
2026-05-23 00:12:27,151227.00,3637.57057,N,12726.99613,E,2,12,53.4
2026-05-23 00:12:29,151229.00,3637.56922,N,12726.99607,E,2,12,53.1
2026-05-23 00:12:30,151230.00,3637.56862,N,12726.99609,E,2,12,53.3
2026-05-23 00:12:31,151231.00,3637.56813,N,12726.99618,E,2,12,53.1
2026-05-23 00:12:33,151233.00,3637.56687,N,12726.99628,E,2,12,52.5
2026-05-23 00:12:34,151234.00,3637.56622,N,12726.99633,E,2,12,52.4
2026-05-23 00:12:36,151236.00,3637.56502,N,12726.99646,E,2,12,52.4
2026-05-23 00:12:38,151238.00,3637.56382,N,12726.99648,E,2,12,52.6
2026-05-23 00:12:40,151240.00,3637.56230,N,12726.99626,E,2,12,53.3
2026-05-23 00:12:41,151241.00,3637.56164,N,12726.99619,E,2,12,53.2
2026-05-23 00:12:42,151242.00,3637.56103,N,12726.99619,E,2,12,52.9
2026-05-23 00:12:44,151244.00,3637.55975,N,12726.99611,E,2,12,53.2
2026-05-23 00:12:45,151245.00,3637.55903,N,12726.99597,E,2,12,53.6
2026-05-23 00:12:47,151247.00,3637.55758,N,12726.99568,E,2,12,53.9
2026-05-23 00:12:49,151249.00,3637.55620,N,12726.99542,E,2,12,54.2
2026-05-23 00:12:51,151251.00,3637.55501,N,12726.99547,E,2,12,54.0
2026-05-23 00:12:53,151253.00,3637.55368,N,12726.99534,E,2,12,54.3
2026-05-23 00:12:55,151255.00,3637.55226,N,12726.99524,E,2,12,54.9
2026-05-23 00:12:56,151256.00,3637.55164,N,12726.99526,E,2,12,54.9
2026-05-23 00:12:58,151258.00,3637.55049,N,12726.99520,E,2,12,55.5
2026-05-23 00:12:59,151259.00,3637.54988,N,12726.99506,E,2,12,55.3
2026-05-23 00:13:00,151300.00,3637.54909,N,12726.99492,E,2,12,56.1
2026-05-23 00:13:02,151302.00,3637.54784,N,12726.99499,E,2,12,55.8
2026-05-23 00:13:04,151304.00,3637.54659,N,12726.99488,E,2,12,55.7
2026-05-23 00:13:06,151306.00,3637.54526,N,12726.99489,E,2,12,55.3
2026-05-23 00:13:08,151308.00,3637.54383,N,12726.99467,E,2,12,55.3
2026-05-23 00:13:10,151310.00,3637.54239,N,12726.99460,E,2,12,55.5
2026-05-23 00:13:12,151312.00,3637.54112,N,12726.99471,E,2,12,55.6
2026-05-23 00:13:14,151314.00,3637.53983,N,12726.99465,E,2,12,55.4
2026-05-23 00:13:16,151316.00,3637.53862,N,12726.99461,E,2,12,55.3
2026-05-23 00:13:17,151317.00,3637.53796,N,12726.99468,E,2,12,55.1
2026-05-23 00:13:18,151318.00,3637.53730,N,12726.99481,E,2,12,55.1
2026-05-23 00:13:20,151320.00,3637.53599,N,12726.99481,E,2,12,55.4
2026-05-23 00:13:22,151322.00,3637.53465,N,12726.99481,E,2,12,55.0
2026-05-23 00:13:23,151323.00,3637.53390,N,12726.99471,E,2,12,55.1
2026-05-23 00:13:24,151324.00,3637.53317,N,12726.99444,E,2,12,55.4
2026-05-23 00:13:26,151326.00,3637.53213,N,12726.99460,E,2,12,55.2
2026-05-23 00:13:28,151328.00,3637.53115,N,12726.99472,E,2,12,55.6
2026-05-23 00:13:29,151329.00,3637.53054,N,12726.99467,E,2,12,55.5
2026-05-23 00:13:31,151331.00,3637.52914,N,12726.99471,E,2,12,55.7
2026-05-23 00:13:32,151332.00,3637.52860,N,12726.99491,E,2,12,55.3
2026-05-23 00:13:34,151334.00,3637.52751,N,12726.99500,E,2,12,54.9
2026-05-23 00:13:35,151335.00,3637.52699,N,12726.99508,E,2,12,54.0
2026-05-23 00:13:36,151336.00,3637.52641,N,12726.99515,E,2,12,53.6
2026-05-23 00:13:38,151338.00,3637.52533,N,12726.99521,E,2,12,53.6
2026-05-23 00:13:39,151339.00,3637.52479,N,12726.99516,E,2,12,53.2
2026-05-23 00:13:40,151340.00,3637.52425,N,12726.99508,E,2,12,53.0
2026-05-23 00:13:42,151342.00,3637.52303,N,12726.99515,E,2,12,52.4
2026-05-23 00:13:43,151343.00,3637.52247,N,12726.99532,E,2,12,51.7
2026-05-23 00:13:45,151345.00,3637.52120,N,12726.99546,E,2,12,51.5
2026-05-23 00:13:47,151347.00,3637.52000,N,12726.99554,E,2,12,51.6
2026-05-23 00:13:49,151349.00,3637.51865,N,12726.99536,E,2,12,52.0
2026-05-23 00:13:51,151351.00,3637.51720,N,12726.99488,E,2,12,53.1
2026-05-23 00:13:53,151353.00,3637.51634,N,12726.99500,E,2,12,53.1
2026-05-23 00:13:55,151355.00,3637.51514,N,12726.99501,E,2,12,53.3
2026-05-23 00:13:57,151357.00,3637.51404,N,12726.99487,E,2,12,52.6
2026-05-23 00:13:59,151359.00,3637.51316,N,12726.99502,E,2,12,51.5
2026-05-23 00:14:00,151400.00,3637.51258,N,12726.99500,E,2,12,51.3
2026-05-23 00:14:01,151401.00,3637.51190,N,12726.99507,E,2,12,50.7
2026-05-23 00:14:03,151403.00,3637.51054,N,12726.99510,E,2,12,51.1
2026-05-23 00:14:04,151404.00,3637.51001,N,12726.99515,E,2,12,51.2
2026-05-23 00:14:06,151406.00,3637.50899,N,12726.99473,E,2,12,50.5
2026-05-23 00:14:07,151407.00,3637.50851,N,12726.99465,E,2,12,50.3
2026-05-23 00:14:09,151409.00,3637.50746,N,12726.99468,E,2,12,50.0
2026-05-23 00:14:11,151411.00,3637.50597,N,12726.99454,E,2,12,51.1
2026-05-23 00:14:13,151413.00,3637.50425,N,12726.99434,E,2,12,51.9
2026-05-23 00:14:15,151415.00,3637.50291,N,12726.99432,E,2,12,51.9
2026-05-23 00:14:16,151416.00,3637.50238,N,12726.99445,E,2,12,51.9
2026-05-23 00:14:18,151418.00,3637.50123,N,12726.99448,E,2,12,51.6
2026-05-23 00:14:19,151419.00,3637.50047,N,12726.99431,E,2,12,52.1
2026-05-23 00:14:20,151420.00,3637.49964,N,12726.99407,E,2,12,52.7
2026-05-23 00:14:21,151421.00,3637.49897,N,12726.99417,E,2,12,52.5
2026-05-23 00:14:23,151423.00,3637.49793,N,12726.99440,E,2,12,52.2
2026-05-23 00:14:24,151424.00,3637.49768,N,12726.99437,E,2,12,52.2
2026-05-23 00:14:25,151425.00,3637.49731,N,12726.99430,E,2,12,53.0
2026-05-23 00:14:27,151427.00,3637.49716,N,12726.99423,E,2,12,54.0
2026-05-23 00:14:28,151428.00,3637.49704,N,12726.99423,E,2,12,54.2
2026-05-23 00:14:30,151430.00,3637.49605,N,12726.99416,E,2,12,54.4
2026-05-23 00:14:31,151431.00,3637.49555,N,12726.99419,E,2,12,54.2
2026-05-23 00:14:33,151433.00,3637.49461,N,12726.99432,E,2,12,54.0
2026-05-23 00:14:35,151435.00,3637.49384,N,12726.99428,E,2,12,53.5
2026-05-23 00:14:36,151436.00,3637.49328,N,12726.99434,E,2,12,53.7
2026-05-23 00:14:37,151437.00,3637.49260,N,12726.99439,E,2,12,54.1
2026-05-23 00:14:39,151439.00,3637.49183,N,12726.99444,E,2,12,53.9
2026-05-23 00:14:40,151440.00,3637.49150,N,12726.99391,E,2,12,55.7
2026-05-23 00:14:42,151442.00,3637.49094,N,12726.99402,E,2,12,55.9
2026-05-23 00:14:44,151444.00,3637.48960,N,12726.99403,E,2,12,56.2
2026-05-23 00:14:45,151445.00,3637.48903,N,12726.99410,E,2,12,56.4
2026-05-23 00:14:47,151447.00,3637.48801,N,12726.99435,E,2,12,56.1
2026-05-23 00:14:49,151449.00,3637.48686,N,12726.99483,E,2,12,56.0
2026-05-23 00:14:50,151450.00,3637.48624,N,12726.99515,E,2,12,56.4
2026-05-23 00:14:52,151452.00,3637.48543,N,12726.99615,E,2,12,56.5
2026-05-23 00:14:54,151454.00,3637.48432,N,12726.99695,E,2,12,57.2
2026-05-23 00:14:56,151456.00,3637.48334,N,12726.99790,E,2,12,57.8
2026-05-23 00:14:58,151458.00,3637.48248,N,12726.99889,E,2,12,58.2
2026-05-23 00:15:00,151500.00,3637.48149,N,12726.99999,E,2,12,58.6
2026-05-23 00:15:02,151502.00,3637.48078,N,12727.00088,E,2,12,58.7
2026-05-23 00:15:04,151504.00,3637.48035,N,12727.00166,E,2,12,58.6
2026-05-23 00:15:06,151506.00,3637.47979,N,12727.00235,E,2,12,58.6
2026-05-23 00:15:08,151508.00,3637.47930,N,12727.00325,E,2,12,58.8
2026-05-23 00:15:10,151510.00,3637.47890,N,12727.00423,E,2,12,59.0
2026-05-23 00:15:12,151512.00,3637.47835,N,12727.00546,E,2,12,59.0
2026-05-23 00:15:13,151513.00,3637.47803,N,12727.00610,E,2,12,59.0
2026-05-23 00:15:14,151514.00,3637.47759,N,12727.00668,E,2,12,59.0
2026-05-23 00:15:15,151515.00,3637.47714,N,12727.00738,E,2,12,59.1
2026-05-23 00:15:17,151517.00,3637.47646,N,12727.00868,E,2,12,58.6
2026-05-23 00:15:19,151519.00,3637.47573,N,12727.00979,E,2,12,58.9
2026-05-23 00:15:21,151521.00,3637.47506,N,12727.01100,E,2,12,58.9
2026-05-23 00:15:22,151522.00,3637.47468,N,12727.01156,E,2,12,58.9
2026-05-23 00:15:24,151524.00,3637.47401,N,12727.01268,E,2,12,58.8
2026-05-23 00:15:26,151526.00,3637.47330,N,12727.01387,E,2,12,58.8
2026-05-23 00:15:27,151527.00,3637.47304,N,12727.01454,E,2,12,58.6
2026-05-23 00:15:29,151529.00,3637.47239,N,12727.01577,E,2,12,58.7
2026-05-23 00:15:31,151531.00,3637.47167,N,12727.01686,E,2,12,58.6
2026-05-23 00:15:33,151533.00,3637.47104,N,12727.01799,E,2,12,58.4
2026-05-23 00:15:34,151534.00,3637.47075,N,12727.01860,E,2,12,58.1
2026-05-23 00:15:35,151535.00,3637.47017,N,12727.01910,E,2,12,58.4
2026-05-23 00:15:37,151537.00,3637.46934,N,12727.02021,E,2,12,58.9
2026-05-23 00:15:38,151538.00,3637.46911,N,12727.02075,E,2,12,58.9
2026-05-23 00:15:40,151540.00,3637.46846,N,12727.02205,E,2,12,58.9
2026-05-23 00:15:41,151541.00,3637.46793,N,12727.02278,E,2,12,59.1
2026-05-23 00:15:43,151543.00,3637.46709,N,12727.02398,E,2,12,59.2
2026-05-23 00:15:44,151544.00,3637.46690,N,12727.02459,E,2,12,59.2
2026-05-23 00:15:46,151546.00,3637.46633,N,12727.02573,E,2,12,59.3
2026-05-23 00:15:48,151548.00,3637.46562,N,12727.02712,E,2,12,59.2
2026-05-23 00:15:50,151550.00,3637.46494,N,12727.02858,E,2,12,59.6
2026-05-23 00:15:52,151552.00,3637.46437,N,12727.03015,E,2,12,59.4
2026-05-23 00:15:53,151553.00,3637.46402,N,12727.03080,E,2,12,59.5
2026-05-23 00:15:55,151555.00,3637.46326,N,12727.03221,E,2,12,59.2
2026-05-23 00:15:57,151557.00,3637.46256,N,12727.03381,E,2,12,59.4
2026-05-23 00:15:59,151559.00,3637.46205,N,12727.03506,E,2,12,59.4
2026-05-23 00:16:01,151601.00,3637.46148,N,12727.03635,E,2,12,59.4
2026-05-23 00:16:02,151602.00,3637.46119,N,12727.03706,E,2,12,59.4
2026-05-23 00:16:04,151604.00,3637.46083,N,12727.03861,E,2,12,59.4
2026-05-23 00:16:06,151606.00,3637.46069,N,12727.03984,E,2,12,58.9
2026-05-23 00:16:08,151608.00,3637.46049,N,12727.04141,E,2,12,58.5
2026-05-23 00:16:09,151609.00,3637.46035,N,12727.04225,E,2,12,58.5
2026-05-23 00:16:11,151611.00,3637.46013,N,12727.04392,E,2,12,58.5
2026-05-23 00:16:12,151612.00,3637.46009,N,12727.04462,E,2,12,58.4
2026-05-23 00:16:14,151614.00,3637.45989,N,12727.04603,E,2,12,58.5
2026-05-23 00:16:15,151615.00,3637.45981,N,12727.04687,E,2,12,58.3
2026-05-23 00:16:17,151617.00,3637.45978,N,12727.04856,E,2,12,58.5
2026-05-23 00:16:18,151618.00,3637.45978,N,12727.04930,E,2,12,58.5
2026-05-23 00:16:20,151620.00,3637.45984,N,12727.05072,E,2,12,58.8
2026-05-23 00:16:22,151622.00,3637.45971,N,12727.05219,E,2,12,58.6
2026-05-23 00:16:24,151624.00,3637.45948,N,12727.05395,E,2,12,58.7
2026-05-23 00:16:26,151626.00,3637.45953,N,12727.05548,E,2,12,58.5
2026-05-23 00:16:28,151628.00,3637.45913,N,12727.05699,E,2,12,58.4
2026-05-23 00:16:29,151629.00,3637.45891,N,12727.05789,E,2,12,58.4
2026-05-23 00:16:30,151630.00,3637.45882,N,12727.05875,E,2,12,58.6
2026-05-23 00:16:31,151631.00,3637.45886,N,12727.05958,E,2,12,58.7
2026-05-23 00:16:33,151633.00,3637.45920,N,12727.06079,E,2,12,58.5
2026-05-23 00:16:35,151635.00,3637.45923,N,12727.06220,E,2,12,58.8
2026-05-23 00:16:37,151637.00,3637.45900,N,12727.06408,E,2,12,59.0
2026-05-23 00:16:39,151639.00,3637.45905,N,12727.06565,E,2,12,58.9
2026-05-23 00:16:40,151640.00,3637.45914,N,12727.06633,E,2,12,58.9
2026-05-23 00:16:42,151642.00,3637.45923,N,12727.06777,E,2,12,58.8
2026-05-23 00:16:43,151643.00,3637.45936,N,12727.06867,E,2,12,58.7
2026-05-23 00:16:45,151645.00,3637.45986,N,12727.07041,E,2,12,57.2
2026-05-23 00:16:47,151647.00,3637.46039,N,12727.07190,E,2,12,56.5
2026-05-23 00:16:49,151649.00,3637.46076,N,12727.07311,E,2,12,55.8
2026-05-23 00:16:50,151650.00,3637.46069,N,12727.07392,E,2,12,55.7
2026-05-23 00:16:52,151652.00,3637.46028,N,12727.07592,E,2,12,56.2
2026-05-23 00:16:53,151653.00,3637.46013,N,12727.07694,E,2,12,56.5
2026-05-23 00:16:55,151655.00,3637.46023,N,12727.07860,E,2,12,56.3
2026-05-23 00:16:57,151657.00,3637.46018,N,12727.08007,E,2,12,57.2
2026-05-23 00:16:58,151658.00,3637.45998,N,12727.08100,E,2,12,57.3
2026-05-23 00:17:00,151700.00,3637.45985,N,12727.08304,E,2,12,58.6
2026-05-23 00:17:01,151701.00,3637.45996,N,12727.08381,E,2,12,58.6
2026-05-23 00:17:03,151703.00,3637.45995,N,12727.08510,E,2,12,58.8
2026-05-23 00:17:04,151704.00,3637.45992,N,12727.08589,E,2,12,58.9
2026-05-23 00:17:06,151706.00,3637.46002,N,12727.08759,E,2,12,59.3
2026-05-23 00:17:08,151708.00,3637.46034,N,12727.08910,E,2,12,59.0
2026-05-23 00:17:10,151710.00,3637.46041,N,12727.09046,E,2,12,59.1
2026-05-23 00:17:11,151711.00,3637.46047,N,12727.09123,E,2,12,58.9
2026-05-23 00:17:12,151712.00,3637.46043,N,12727.09198,E,2,12,59.0
2026-05-23 00:17:13,151713.00,3637.46033,N,12727.09280,E,2,12,58.9
2026-05-23 00:17:15,151715.00,3637.46050,N,12727.09416,E,2,12,58.6
2026-05-23 00:17:17,151717.00,3637.46039,N,12727.09555,E,2,12,58.8
2026-05-23 00:17:18,151718.00,3637.46036,N,12727.09636,E,2,12,58.8
2026-05-23 00:17:20,151720.00,3637.46056,N,12727.09781,E,2,12,58.5
2026-05-23 00:17:21,151721.00,3637.46067,N,12727.09860,E,2,12,58.3
2026-05-23 00:17:23,151723.00,3637.46084,N,12727.09992,E,2,12,58.2
2026-05-23 00:17:25,151725.00,3637.46084,N,12727.10144,E,2,12,57.9
2026-05-23 00:17:26,151726.00,3637.46069,N,12727.10245,E,2,12,58.3
2026-05-23 00:17:27,151727.00,3637.46078,N,12727.10337,E,2,12,58.4
2026-05-23 00:17:29,151729.00,3637.46082,N,12727.10486,E,2,12,58.4
2026-05-23 00:17:30,151730.00,3637.46086,N,12727.10560,E,2,12,58.5
2026-05-23 00:17:31,151731.00,3637.46083,N,12727.10644,E,2,12,58.3
2026-05-23 00:17:33,151733.00,3637.46093,N,12727.10829,E,2,12,58.6
2026-05-23 00:17:34,151734.00,3637.46102,N,12727.10898,E,2,12,58.2
2026-05-23 00:17:36,151736.00,3637.46115,N,12727.11029,E,2,12,58.3
2026-05-23 00:17:38,151738.00,3637.46103,N,12727.11192,E,2,12,58.2
2026-05-23 00:17:39,151739.00,3637.46101,N,12727.11276,E,2,12,58.5
2026-05-23 00:17:41,151741.00,3637.46119,N,12727.11434,E,2,12,58.6
2026-05-23 00:17:43,151743.00,3637.46137,N,12727.11565,E,2,12,58.5
2026-05-23 00:17:45,151745.00,3637.46111,N,12727.11734,E,2,12,58.4
2026-05-23 00:17:46,151746.00,3637.46118,N,12727.11826,E,2,12,58.6
2026-05-23 00:17:48,151748.00,3637.46130,N,12727.11980,E,2,12,58.5
2026-05-23 00:17:50,151750.00,3637.46104,N,12727.12128,E,2,12,58.8
2026-05-23 00:17:51,151751.00,3637.46101,N,12727.12218,E,2,12,58.5
2026-05-23 00:17:53,151753.00,3637.46110,N,12727.12399,E,2,12,58.9
2026-05-23 00:17:54,151754.00,3637.46119,N,12727.12472,E,2,12,58.8
2026-05-23 00:17:56,151756.00,3637.46130,N,12727.12613,E,2,12,58.7
2026-05-23 00:17:58,151758.00,3637.46129,N,12727.12782,E,2,12,58.6
2026-05-23 00:17:59,151759.00,3637.46133,N,12727.12863,E,2,12,58.8
2026-05-23 00:18:01,151801.00,3637.46147,N,12727.13003,E,2,12,58.7
2026-05-23 00:18:02,151802.00,3637.46155,N,12727.13063,E,2,12,58.8
2026-05-23 00:18:04,151804.00,3637.46151,N,12727.13233,E,2,12,58.9
2026-05-23 00:18:06,151806.00,3637.46145,N,12727.13402,E,2,12,58.9
2026-05-23 00:18:08,151808.00,3637.46152,N,12727.13546,E,2,12,58.8
2026-05-23 00:18:09,151809.00,3637.46147,N,12727.13619,E,2,12,58.9
2026-05-23 00:18:11,151811.00,3637.46132,N,12727.13776,E,2,12,59.2
2026-05-23 00:18:13,151813.00,3637.46123,N,12727.13934,E,2,12,59.0
2026-05-23 00:18:14,151814.00,3637.46117,N,12727.14010,E,2,12,58.8
2026-05-23 00:18:15,151815.00,3637.46109,N,12727.14100,E,2,12,58.9
2026-05-23 00:18:17,151817.00,3637.46080,N,12727.14256,E,2,12,59.1
2026-05-23 00:18:18,151818.00,3637.46062,N,12727.14351,E,2,12,59.2
2026-05-23 00:18:20,151820.00,3637.46033,N,12727.14516,E,2,12,59.1
2026-05-23 00:18:22,151822.00,3637.46011,N,12727.14641,E,2,12,59.1
2026-05-23 00:18:24,151824.00,3637.45968,N,12727.14788,E,2,12,58.9
2026-05-23 00:18:26,151826.00,3637.45923,N,12727.14927,E,2,12,58.9
2026-05-23 00:18:27,151827.00,3637.45918,N,12727.15000,E,2,12,58.8
2026-05-23 00:18:29,151829.00,3637.45905,N,12727.15172,E,2,12,59.2
2026-05-23 00:18:31,151831.00,3637.45860,N,12727.15308,E,2,12,59.5
2026-05-23 00:18:32,151832.00,3637.45822,N,12727.15374,E,2,12,59.3
2026-05-23 00:18:34,151834.00,3637.45770,N,12727.15489,E,2,12,59.0
2026-05-23 00:18:36,151836.00,3637.45696,N,12727.15596,E,2,12,59.0
2026-05-23 00:18:38,151838.00,3637.45598,N,12727.15713,E,2,12,58.9
2026-05-23 00:18:39,151839.00,3637.45563,N,12727.15784,E,2,12,58.8
2026-05-23 00:18:41,151841.00,3637.45506,N,12727.15929,E,2,12,58.6
2026-05-23 00:18:42,151842.00,3637.45468,N,12727.15990,E,2,12,58.9
2026-05-23 00:18:43,151843.00,3637.45422,N,12727.16057,E,2,12,58.9
2026-05-23 00:18:44,151844.00,3637.45368,N,12727.16133,E,2,12,59.0
2026-05-23 00:18:46,151846.00,3637.45309,N,12727.16274,E,2,12,59.0
2026-05-23 00:18:48,151848.00,3637.45243,N,12727.16407,E,2,12,59.0
2026-05-23 00:18:50,151850.00,3637.45162,N,12727.16526,E,2,12,59.0
2026-05-23 00:18:52,151852.00,3637.45091,N,12727.16668,E,2,12,59.1
2026-05-23 00:18:54,151854.00,3637.45033,N,12727.16791,E,2,12,58.5
2026-05-23 00:18:56,151856.00,3637.44958,N,12727.16914,E,2,12,58.8
2026-05-23 00:18:58,151858.00,3637.44910,N,12727.17026,E,2,12,58.8
2026-05-23 00:19:00,151900.00,3637.44839,N,12727.17146,E,2,12,58.5
2026-05-23 00:19:02,151902.00,3637.44767,N,12727.17256,E,2,12,58.6
2026-05-23 00:19:03,151903.00,3637.44725,N,12727.17309,E,2,12,58.3
2026-05-23 00:19:05,151905.00,3637.44632,N,12727.17444,E,2,12,58.4
2026-05-23 00:19:06,151906.00,3637.44591,N,12727.17507,E,2,12,58.4
2026-05-23 00:19:08,151908.00,3637.44550,N,12727.17626,E,2,12,58.5
2026-05-23 00:19:10,151910.00,3637.44473,N,12727.17758,E,2,12,58.5
2026-05-23 00:19:11,151911.00,3637.44422,N,12727.17827,E,2,12,58.7
2026-05-23 00:19:12,151912.00,3637.44380,N,12727.17894,E,2,12,58.8
2026-05-23 00:19:14,151914.00,3637.44313,N,12727.18017,E,2,12,58.7
2026-05-23 00:19:15,151915.00,3637.44285,N,12727.18075,E,2,12,58.9
2026-05-23 00:19:17,151917.00,3637.44196,N,12727.18196,E,2,12,59.0
2026-05-23 00:19:19,151919.00,3637.44129,N,12727.18334,E,2,12,59.3
2026-05-23 00:19:20,151920.00,3637.44101,N,12727.18394,E,2,12,59.2
2026-05-23 00:19:21,151921.00,3637.44073,N,12727.18445,E,2,12,59.2
2026-05-23 00:19:23,151923.00,3637.44000,N,12727.18562,E,2,12,59.1
2026-05-23 00:19:25,151925.00,3637.43907,N,12727.18680,E,2,12,59.4
2026-05-23 00:19:27,151927.00,3637.43821,N,12727.18749,E,2,12,59.2
2026-05-23 00:19:29,151929.00,3637.43712,N,12727.18765,E,2,12,59.4
2026-05-23 00:19:30,151930.00,3637.43646,N,12727.18772,E,2,12,59.2
2026-05-23 00:19:32,151932.00,3637.43513,N,12727.18809,E,2,12,59.4
2026-05-23 00:19:34,151934.00,3637.43406,N,12727.18846,E,2,12,59.2
2026-05-23 00:19:36,151936.00,3637.43293,N,12727.18886,E,2,12,59.3
2026-05-23 00:19:37,151937.00,3637.43242,N,12727.18908,E,2,12,59.2
2026-05-23 00:19:39,151939.00,3637.43132,N,12727.18975,E,2,12,59.1
2026-05-23 00:19:41,151941.00,3637.43038,N,12727.19046,E,2,12,58.8
2026-05-23 00:19:43,151943.00,3637.42908,N,12727.19112,E,2,12,58.7
2026-05-23 00:19:44,151944.00,3637.42837,N,12727.19140,E,2,12,59.1
2026-05-23 00:19:46,151946.00,3637.42741,N,12727.19243,E,2,12,58.8
2026-05-23 00:19:48,151948.00,3637.42659,N,12727.19339,E,2,12,58.7
2026-05-23 00:19:50,151950.00,3637.42555,N,12727.19425,E,2,12,58.5
2026-05-23 00:19:51,151951.00,3637.42499,N,12727.19477,E,2,12,58.6
2026-05-23 00:19:52,151952.00,3637.42452,N,12727.19531,E,2,12,58.8
2026-05-23 00:19:54,151954.00,3637.42364,N,12727.19637,E,2,12,58.8
2026-05-23 00:19:56,151956.00,3637.42261,N,12727.19720,E,2,12,58.6
2026-05-23 00:19:57,151957.00,3637.42204,N,12727.19771,E,2,12,58.7
2026-05-23 00:19:59,151959.00,3637.42124,N,12727.19874,E,2,12,58.4
2026-05-23 00:20:01,152001.00,3637.42041,N,12727.19963,E,2,12,58.5
2026-05-23 00:20:03,152003.00,3637.41934,N,12727.20058,E,2,12,58.5
2026-05-23 00:20:04,152004.00,3637.41896,N,12727.20114,E,2,12,58.5
2026-05-23 00:20:05,152005.00,3637.41858,N,12727.20167,E,2,12,58.7
2026-05-23 00:20:07,152007.00,3637.41762,N,12727.20260,E,2,12,58.6
2026-05-23 00:20:08,152008.00,3637.41714,N,12727.20321,E,2,12,58.6
2026-05-23 00:20:10,152010.00,3637.41610,N,12727.20418,E,2,12,58.5
2026-05-23 00:20:11,152011.00,3637.41566,N,12727.20454,E,2,12,58.4
2026-05-23 00:20:12,152012.00,3637.41521,N,12727.20503,E,2,12,58.5
2026-05-23 00:20:14,152014.00,3637.41436,N,12727.20592,E,2,12,58.6
2026-05-23 00:20:15,152015.00,3637.41398,N,12727.20641,E,2,12,58.4
2026-05-23 00:20:16,152016.00,3637.41372,N,12727.20687,E,2,12,58.4
2026-05-23 00:20:17,152017.00,3637.41340,N,12727.20734,E,2,12,58.4
2026-05-23 00:20:19,152019.00,3637.41277,N,12727.20822,E,2,12,58.3
2026-05-23 00:20:21,152021.00,3637.41190,N,12727.20888,E,2,12,58.2
2026-05-23 00:20:23,152023.00,3637.41110,N,12727.20973,E,2,12,58.3
2026-05-23 00:20:25,152025.00,3637.41029,N,12727.21053,E,2,12,58.3
2026-05-23 00:20:27,152027.00,3637.40941,N,12727.21134,E,2,12,58.3
2026-05-23 00:20:28,152028.00,3637.40900,N,12727.21178,E,2,12,58.3
2026-05-23 00:20:29,152029.00,3637.40872,N,12727.21203,E,2,12,58.4
2026-05-23 00:20:31,152031.00,3637.40870,N,12727.21239,E,2,12,58.5
2026-05-23 00:20:33,152033.00,3637.40836,N,12727.21322,E,2,12,58.6
2026-05-23 00:20:35,152035.00,3637.40785,N,12727.21418,E,2,12,58.5
2026-05-23 00:20:37,152037.00,3637.40715,N,12727.21500,E,2,12,58.5
2026-05-23 00:20:39,152039.00,3637.40629,N,12727.21561,E,2,12,58.5
2026-05-23 00:20:40,152040.00,3637.40617,N,12727.21576,E,2,12,58.2
2026-05-23 00:20:42,152042.00,3637.40585,N,12727.21666,E,2,12,58.3
2026-05-23 00:20:44,152044.00,3637.40513,N,12727.21696,E,2,12,58.5
2026-05-23 00:20:46,152046.00,3637.40420,N,12727.21727,E,2,12,58.8
2026-05-23 00:20:48,152048.00,3637.40312,N,12727.21769,E,2,12,58.6
2026-05-23 00:20:50,152050.00,3637.40196,N,12727.21838,E,2,12,58.8
2026-05-23 00:20:52,152052.00,3637.40120,N,12727.21940,E,2,12,59.3
2026-05-23 00:20:53,152053.00,3637.40097,N,12727.22006,E,2,12,59.3
2026-05-23 00:20:55,152055.00,3637.40062,N,12727.22144,E,2,12,59.2
2026-05-23 00:20:56,152056.00,3637.40045,N,12727.22216,E,2,12,59.3
2026-05-23 00:20:58,152058.00,3637.40019,N,12727.22355,E,2,12,59.5
2026-05-23 00:21:00,152100.00,3637.40006,N,12727.22494,E,2,12,59.7
2026-05-23 00:21:02,152102.00,3637.40012,N,12727.22635,E,2,12,59.6
2026-05-23 00:21:04,152104.00,3637.39994,N,12727.22756,E,2,12,59.6
2026-05-23 00:21:06,152106.00,3637.39974,N,12727.22892,E,2,12,59.7
2026-05-23 00:21:07,152107.00,3637.39972,N,12727.22961,E,2,12,59.8
2026-05-23 00:21:09,152109.00,3637.39964,N,12727.23103,E,2,12,60.0
2026-05-23 00:21:10,152110.00,3637.39968,N,12727.23177,E,2,12,60.1
2026-05-23 00:21:12,152112.00,3637.39961,N,12727.23308,E,2,12,60.1
2026-05-23 00:21:14,152114.00,3637.39947,N,12727.23443,E,2,12,60.1
2026-05-23 00:21:15,152115.00,3637.39946,N,12727.23513,E,2,12,60.0
2026-05-23 00:21:17,152117.00,3637.39935,N,12727.23639,E,2,12,60.2
2026-05-23 00:21:19,152119.00,3637.39941,N,12727.23767,E,2,12,60.1
2026-05-23 00:21:20,152120.00,3637.39933,N,12727.23826,E,2,12,60.2
2026-05-23 00:21:22,152122.00,3637.39912,N,12727.23947,E,2,12,60.2
2026-05-23 00:21:24,152124.00,3637.39913,N,12727.24068,E,2,12,60.2
2026-05-23 00:21:25,152125.00,3637.39905,N,12727.24127,E,2,12,60.2
2026-05-23 00:21:26,152126.00,3637.39894,N,12727.24186,E,2,12,60.2
2026-05-23 00:21:28,152128.00,3637.39887,N,12727.24294,E,2,12,60.3
2026-05-23 00:21:29,152129.00,3637.39882,N,12727.24324,E,2,12,60.3
2026-05-23 00:21:31,152131.00,3637.39889,N,12727.24343,E,2,12,60.4
2026-05-23 00:21:33,152133.00,3637.39893,N,12727.24442,E,2,12,60.1
2026-05-23 00:21:35,152135.00,3637.39866,N,12727.24551,E,2,12,59.9
2026-05-23 00:21:36,152136.00,3637.39858,N,12727.24614,E,2,12,59.9
2026-05-23 00:21:38,152138.00,3637.39846,N,12727.24728,E,1,12,59.9
2026-05-23 00:21:40,152140.00,3637.39834,N,12727.24791,E,1,12,59.6
2026-05-23 00:21:42,152142.00,3637.39840,N,12727.24891,E,1,12,59.5
2026-05-23 00:21:44,152144.00,3637.39829,N,12727.25001,E,1,12,59.4
2026-05-23 00:21:45,152145.00,3637.39819,N,12727.25055,E,1,12,59.1
2026-05-23 00:21:47,152147.00,3637.39824,N,12727.25182,E,1,12,58.9
2026-05-23 00:21:49,152149.00,3637.39807,N,12727.25290,E,1,12,58.9
2026-05-23 00:21:51,152151.00,3637.39794,N,12727.25394,E,1,12,58.5
2026-05-23 00:21:53,152153.00,3637.39782,N,12727.25508,E,1,12,58.1
2026-05-23 00:21:54,152154.00,3637.39773,N,12727.25554,E,1,12,57.9
2026-05-23 00:21:56,152156.00,3637.39780,N,12727.25643,E,1,12,57.3
2026-05-23 00:21:57,152157.00,3637.39771,N,12727.25685,E,1,12,56.8
2026-05-23 00:21:59,152159.00,3637.39773,N,12727.25793,E,1,12,56.3
2026-05-23 00:22:01,152201.00,3637.39768,N,12727.25896,E,1,12,55.9
2026-05-23 00:22:03,152203.00,3637.39766,N,12727.25992,E,1,12,55.1
2026-05-23 00:22:05,152205.00,3637.39769,N,12727.26108,E,1,12,55.3
2026-05-23 00:22:06,152206.00,3637.39751,N,12727.26157,E,1,12,55.0
2026-05-23 00:22:08,152208.00,3637.39742,N,12727.26295,E,1,12,55.2
2026-05-23 00:22:09,152209.00,3637.39737,N,12727.26360,E,1,12,55.3
2026-05-23 00:22:10,152210.00,3637.39733,N,12727.26416,E,1,12,55.2
2026-05-23 00:22:11,152211.00,3637.39735,N,12727.26464,E,1,12,55.0
2026-05-23 00:22:13,152213.00,3637.39744,N,12727.26528,E,1,12,55.1
2026-05-23 00:22:14,152214.00,3637.39782,N,12727.26576,E,1,12,55.8
2026-05-23 00:22:16,152216.00,3637.39779,N,12727.26649,E,1,12,55.6
2026-05-23 00:22:18,152218.00,3637.39784,N,12727.26773,E,1,12,55.7
2026-05-23 00:22:20,152220.00,3637.39795,N,12727.26900,E,1,12,55.7
2026-05-23 00:22:22,152222.00,3637.39825,N,12727.27070,E,1,12,56.2
2026-05-23 00:22:24,152224.00,3637.39820,N,12727.27202,E,1,12,56.7
2026-05-23 00:22:26,152226.00,3637.39807,N,12727.27236,E,1,12,56.5
2026-05-23 00:22:28,152228.00,3637.39790,N,12727.27364,E,1,12,56.9
2026-05-23 00:22:29,152229.00,3637.39793,N,12727.27415,E,1,12,56.7
2026-05-23 00:22:31,152231.00,3637.39796,N,12727.27525,E,1,12,56.5
2026-05-23 00:22:33,152233.00,3637.39808,N,12727.27636,E,1,12,56.2
2026-05-23 00:22:35,152235.00,3637.39801,N,12727.27781,E,1,12,56.3
2026-05-23 00:22:36,152236.00,3637.39805,N,12727.27839,E,1,12,56.2
2026-05-23 00:22:38,152238.00,3637.39816,N,12727.27978,E,1,12,56.6
2026-05-23 00:22:40,152240.00,3637.39823,N,12727.28105,E,1,12,56.6
2026-05-23 00:22:41,152241.00,3637.39824,N,12727.28173,E,1,12,56.9
2026-05-23 00:22:43,152243.00,3637.39834,N,12727.28311,E,1,12,56.7
2026-05-23 00:22:45,152245.00,3637.39867,N,12727.28442,E,1,12,57.1
2026-05-23 00:22:46,152246.00,3637.39867,N,12727.28506,E,1,12,57.1
2026-05-23 00:22:48,152248.00,3637.39877,N,12727.28637,E,1,12,57.0
2026-05-23 00:22:49,152249.00,3637.39882,N,12727.28715,E,1,12,57.4
2026-05-23 00:22:50,152250.00,3637.39888,N,12727.28791,E,1,12,57.7
2026-05-23 00:22:51,152251.00,3637.39893,N,12727.28869,E,1,12,57.7
2026-05-23 00:22:52,152252.00,3637.39906,N,12727.28949,E,1,12,57.9
2026-05-23 00:22:54,152254.00,3637.39913,N,12727.29095,E,1,12,58.0
2026-05-23 00:22:56,152256.00,3637.39917,N,12727.29239,E,1,12,58.1
2026-05-23 00:22:57,152257.00,3637.39918,N,12727.29306,E,1,12,58.0
2026-05-23 00:22:58,152258.00,3637.39913,N,12727.29356,E,1,12,57.8
2026-05-23 00:23:00,152300.00,3637.39896,N,12727.29491,E,1,12,57.9
2026-05-23 00:23:02,152302.00,3637.39910,N,12727.29614,E,1,12,57.7
2026-05-23 00:23:03,152303.00,3637.39918,N,12727.29675,E,1,12,57.9
2026-05-23 00:23:04,152304.00,3637.39919,N,12727.29764,E,1,12,58.3
2026-05-23 00:23:06,152306.00,3637.39949,N,12727.29965,E,1,12,59.9
2026-05-23 00:23:07,152307.00,3637.39956,N,12727.30042,E,1,12,60.3
2026-05-23 00:23:09,152309.00,3637.39987,N,12727.30191,E,1,12,60.5
2026-05-23 00:23:10,152310.00,3637.40029,N,12727.30324,E,1,12,61.7
2026-05-23 00:23:12,152312.00,3637.40081,N,12727.30453,E,1,12,61.8
2026-05-23 00:23:13,152313.00,3637.40108,N,12727.30512,E,1,12,61.7
2026-05-23 00:23:15,152315.00,3637.40167,N,12727.30624,E,1,12,61.4
2026-05-23 00:23:16,152316.00,3637.40184,N,12727.30711,E,1,12,61.9
2026-05-23 00:23:17,152317.00,3637.40214,N,12727.30788,E,1,12,62.0
2026-05-23 00:23:19,152319.00,3637.40284,N,12727.30900,E,1,12,61.9
2026-05-23 00:23:20,152320.00,3637.40314,N,12727.30951,E,1,12,61.8
2026-05-23 00:23:22,152322.00,3637.40390,N,12727.31075,E,1,12,62.0
2026-05-23 00:23:23,152323.00,3637.40449,N,12727.31143,E,1,12,62.1
2026-05-23 00:23:24,152324.00,3637.40507,N,12727.31252,E,1,12,63.4
2026-05-23 00:23:26,152326.00,3637.40616,N,12727.31348,E,1,12,63.6
2026-05-23 00:23:28,152328.00,3637.40658,N,12727.31374,E,1,12,63.8
2026-05-23 00:23:30,152330.00,3637.40709,N,12727.31441,E,2,12,63.7
2026-05-23 00:23:32,152332.00,3637.40734,N,12727.31472,E,2,12,63.6
2026-05-23 00:23:34,152334.00,3637.40744,N,12727.31504,E,2,12,63.9
2026-05-23 00:23:35,152335.00,3637.40775,N,12727.31565,E,2,12,64.3
2026-05-23 00:23:37,152337.00,3637.40879,N,12727.31654,E,2,12,64.8
2026-05-23 00:23:38,152338.00,3637.40927,N,12727.31714,E,2,12,65.0
2026-05-23 00:23:40,152340.00,3637.41018,N,12727.31824,E,2,12,65.2
2026-05-23 00:23:42,152342.00,3637.41116,N,12727.31898,E,2,12,65.1
2026-05-23 00:23:44,152344.00,3637.41196,N,12727.31983,E,2,12,65.2
2026-05-23 00:23:46,152346.00,3637.41282,N,12727.32081,E,2,12,65.2
2026-05-23 00:23:48,152348.00,3637.41377,N,12727.32165,E,2,12,65.6
2026-05-23 00:23:50,152350.00,3637.41483,N,12727.32245,E,2,12,66.1
2026-05-23 00:23:52,152352.00,3637.41590,N,12727.32323,E,2,12,66.5
2026-05-23 00:23:54,152354.00,3637.41685,N,12727.32392,E,2,12,66.8
2026-05-23 00:23:55,152355.00,3637.41740,N,12727.32433,E,2,12,66.9
2026-05-23 00:23:57,152357.00,3637.41851,N,12727.32496,E,2,12,66.9
2026-05-23 00:23:59,152359.00,3637.41939,N,12727.32566,E,2,12,66.9
2026-05-23 00:24:00,152400.00,3637.41986,N,12727.32615,E,2,12,67.0
2026-05-23 00:24:02,152402.00,3637.42078,N,12727.32689,E,2,12,67.1
2026-05-23 00:24:03,152403.00,3637.42119,N,12727.32716,E,2,12,67.2
2026-05-23 00:24:05,152405.00,3637.42180,N,12727.32795,E,2,12,67.0
2026-05-23 00:24:07,152407.00,3637.42266,N,12727.32880,E,2,12,67.1
2026-05-23 00:24:08,152408.00,3637.42311,N,12727.32925,E,2,12,67.3
2026-05-23 00:24:10,152410.00,3637.42418,N,12727.32989,E,2,12,67.2
2026-05-23 00:24:12,152412.00,3637.42547,N,12727.33055,E,2,12,67.3
2026-05-23 00:24:14,152414.00,3637.42650,N,12727.33145,E,2,12,67.3
2026-05-23 00:24:16,152416.00,3637.42746,N,12727.33228,E,2,12,67.5
2026-05-23 00:24:18,152418.00,3637.42839,N,12727.33324,E,2,12,67.5
2026-05-23 00:24:19,152419.00,3637.42890,N,12727.33360,E,2,12,67.5
2026-05-23 00:24:20,152420.00,3637.42938,N,12727.33399,E,2,12,67.8
2026-05-23 00:24:22,152422.00,3637.43028,N,12727.33472,E,2,12,67.7
2026-05-23 00:24:24,152424.00,3637.43112,N,12727.33554,E,2,12,67.6
2026-05-23 00:24:26,152426.00,3637.43194,N,12727.33653,E,2,12,67.4
2026-05-23 00:24:28,152428.00,3637.43310,N,12727.33728,E,2,12,67.6
2026-05-23 00:24:29,152429.00,3637.43369,N,12727.33764,E,2,12,67.6
2026-05-23 00:24:30,152430.00,3637.43396,N,12727.33805,E,2,12,67.7
2026-05-23 00:24:32,152432.00,3637.43417,N,12727.33780,E,2,12,67.4
2026-05-23 00:24:34,152434.00,3637.43394,N,12727.33752,E,2,12,67.5
2026-05-23 00:24:35,152435.00,3637.43382,N,12727.33745,E,2,12,67.5
2026-05-23 00:24:37,152437.00,3637.43402,N,12727.33783,E,2,12,66.4
2026-05-23 00:24:39,152439.00,3637.43490,N,12727.33824,E,2,12,66.2
2026-05-23 00:24:41,152441.00,3637.43565,N,12727.33911,E,2,12,66.0
2026-05-23 00:24:42,152442.00,3637.43612,N,12727.33961,E,2,12,66.4
2026-05-23 00:24:43,152443.00,3637.43654,N,12727.34015,E,2,12,66.5
2026-05-23 00:24:44,152444.00,3637.43696,N,12727.34064,E,2,12,66.4
2026-05-23 00:24:46,152446.00,3637.43796,N,12727.34166,E,2,12,66.2
2026-05-23 00:24:47,152447.00,3637.43862,N,12727.34186,E,2,12,66.2
2026-05-23 00:24:48,152448.00,3637.43935,N,12727.34201,E,2,12,66.8
2026-05-23 00:24:50,152450.00,3637.44046,N,12727.34271,E,2,12,66.8
2026-05-23 00:24:51,152451.00,3637.44093,N,12727.34308,E,2,12,66.7
2026-05-23 00:24:53,152453.00,3637.44185,N,12727.34427,E,2,12,67.0
2026-05-23 00:24:54,152454.00,3637.44220,N,12727.34476,E,2,12,67.0
2026-05-23 00:24:56,152456.00,3637.44309,N,12727.34574,E,2,12,66.8
2026-05-23 00:24:57,152457.00,3637.44363,N,12727.34627,E,2,12,66.9
2026-05-23 00:24:59,152459.00,3637.44459,N,12727.34712,E,2,12,66.7
2026-05-23 00:25:00,152500.00,3637.44503,N,12727.34746,E,2,12,66.7
2026-05-23 00:25:02,152502.00,3637.44604,N,12727.34837,E,2,12,66.7
2026-05-23 00:25:04,152504.00,3637.44713,N,12727.34893,E,2,12,66.3
2026-05-23 00:25:05,152505.00,3637.44774,N,12727.34923,E,2,12,66.4
2026-05-23 00:25:07,152507.00,3637.44858,N,12727.35016,E,2,12,66.3
2026-05-23 00:25:09,152509.00,3637.44964,N,12727.35111,E,2,12,66.4
2026-05-23 00:25:11,152511.00,3637.45050,N,12727.35194,E,2,12,66.5
2026-05-23 00:25:13,152513.00,3637.45134,N,12727.35270,E,2,12,66.6
2026-05-23 00:25:14,152514.00,3637.45181,N,12727.35311,E,2,12,66.5
2026-05-23 00:25:15,152515.00,3637.45232,N,12727.35349,E,2,12,66.6
2026-05-23 00:25:17,152517.00,3637.45325,N,12727.35416,E,2,12,66.5
2026-05-23 00:25:18,152518.00,3637.45372,N,12727.35448,E,2,12,66.7
2026-05-23 00:25:20,152520.00,3637.45465,N,12727.35524,E,2,12,66.5
2026-05-23 00:25:22,152522.00,3637.45556,N,12727.35611,E,2,12,66.7
2026-05-23 00:25:24,152524.00,3637.45646,N,12727.35701,E,2,12,67.0
2026-05-23 00:25:25,152525.00,3637.45697,N,12727.35740,E,2,12,66.8
2026-05-23 00:25:27,152527.00,3637.45797,N,12727.35816,E,2,12,66.8
2026-05-23 00:25:29,152529.00,3637.45879,N,12727.35896,E,2,12,66.8
2026-05-23 00:25:31,152531.00,3637.45973,N,12727.35975,E,2,12,66.8
2026-05-23 00:25:32,152532.00,3637.46031,N,12727.36003,E,2,12,66.8
2026-05-23 00:25:34,152534.00,3637.46135,N,12727.36059,E,2,12,66.4
2026-05-23 00:25:36,152536.00,3637.46232,N,12727.36145,E,2,12,66.7
2026-05-23 00:25:37,152537.00,3637.46292,N,12727.36188,E,2,12,66.7
2026-05-23 00:25:39,152539.00,3637.46400,N,12727.36259,E,2,12,66.8
2026-05-23 00:25:40,152540.00,3637.46445,N,12727.36303,E,2,12,66.9
2026-05-23 00:25:42,152542.00,3637.46539,N,12727.36392,E,2,12,67.1
2026-05-23 00:25:43,152543.00,3637.46589,N,12727.36428,E,2,12,67.1
2026-05-23 00:25:45,152545.00,3637.46693,N,12727.36504,E,2,12,67.1
2026-05-23 00:25:47,152547.00,3637.46789,N,12727.36597,E,2,12,67.3
2026-05-23 00:25:49,152549.00,3637.46880,N,12727.36685,E,2,12,67.2
2026-05-23 00:25:51,152551.00,3637.46978,N,12727.36751,E,2,12,67.2
2026-05-23 00:25:53,152553.00,3637.47072,N,12727.36824,E,2,12,67.1
2026-05-23 00:25:54,152554.00,3637.47125,N,12727.36843,E,2,12,67.1
2026-05-23 00:25:55,152555.00,3637.47162,N,12727.36873,E,2,12,67.1
2026-05-23 00:25:57,152557.00,3637.47231,N,12727.36932,E,2,12,67.0
2026-05-23 00:25:59,152559.00,3637.47330,N,12727.36994,E,2,12,67.3
2026-05-23 00:26:00,152600.00,3637.47374,N,12727.37025,E,2,12,67.4
2026-05-23 00:26:02,152602.00,3637.47456,N,12727.37068,E,2,12,67.6
2026-05-23 00:26:04,152604.00,3637.47538,N,12727.37142,E,2,12,67.8
2026-05-23 00:26:06,152606.00,3637.47622,N,12727.37199,E,2,12,67.9
2026-05-23 00:26:08,152608.00,3637.47700,N,12727.37270,E,1,12,68.2
2026-05-23 00:26:10,152610.00,3637.47800,N,12727.37322,E,2,12,68.2
2026-05-23 00:26:12,152612.00,3637.47872,N,12727.37408,E,2,12,68.4
2026-05-23 00:26:13,152613.00,3637.47918,N,12727.37440,E,2,12,68.7
2026-05-23 00:26:15,152615.00,3637.48008,N,12727.37496,E,2,12,68.3
2026-05-23 00:26:17,152617.00,3637.48087,N,12727.37579,E,2,12,68.4
2026-05-23 00:26:18,152618.00,3637.48124,N,12727.37619,E,2,12,68.4
2026-05-23 00:26:19,152619.00,3637.48170,N,12727.37656,E,2,12,68.4
2026-05-23 00:26:21,152621.00,3637.48256,N,12727.37722,E,2,12,68.4
2026-05-23 00:26:22,152622.00,3637.48302,N,12727.37744,E,1,12,68.4
2026-05-23 00:26:24,152624.00,3637.48387,N,12727.37809,E,1,12,68.2
2026-05-23 00:26:25,152625.00,3637.48424,N,12727.37840,E,1,12,68.2
2026-05-23 00:26:27,152627.00,3637.48506,N,12727.37896,E,2,12,68.4
2026-05-23 00:26:28,152628.00,3637.48544,N,12727.37910,E,1,12,68.2
2026-05-23 00:26:30,152630.00,3637.48631,N,12727.38000,E,2,12,68.6
2026-05-23 00:26:32,152632.00,3637.48715,N,12727.38067,E,1,12,68.7
2026-05-23 00:26:33,152633.00,3637.48761,N,12727.38110,E,2,12,68.6
2026-05-23 00:26:35,152635.00,3637.48849,N,12727.38186,E,1,12,68.6
2026-05-23 00:26:37,152637.00,3637.48922,N,12727.38265,E,1,12,68.8
2026-05-23 00:26:38,152638.00,3637.48968,N,12727.38301,E,2,12,68.8
2026-05-23 00:26:40,152640.00,3637.49046,N,12727.38393,E,2,12,68.8
2026-05-23 00:26:41,152641.00,3637.49086,N,12727.38446,E,2,12,68.8
2026-05-23 00:26:43,152643.00,3637.49170,N,12727.38514,E,2,12,68.9
2026-05-23 00:26:44,152644.00,3637.49209,N,12727.38563,E,2,12,68.8
2026-05-23 00:26:46,152646.00,3637.49289,N,12727.38660,E,1,12,68.8
2026-05-23 00:26:47,152647.00,3637.49328,N,12727.38699,E,2,12,68.8
2026-05-23 00:26:49,152649.00,3637.49411,N,12727.38796,E,2,12,68.9
2026-05-23 00:26:51,152651.00,3637.49499,N,12727.38889,E,1,12,68.8
2026-05-23 00:26:52,152652.00,3637.49543,N,12727.38926,E,2,12,68.8
2026-05-23 00:26:54,152654.00,3637.49634,N,12727.39001,E,1,12,68.8
2026-05-23 00:26:55,152655.00,3637.49670,N,12727.39035,E,1,12,68.8
2026-05-23 00:26:56,152656.00,3637.49720,N,12727.39065,E,1,12,68.6
2026-05-23 00:26:57,152657.00,3637.49767,N,12727.39086,E,1,12,68.4
2026-05-23 00:26:58,152658.00,3637.49805,N,12727.39107,E,2,12,68.2
2026-05-23 00:27:00,152700.00,3637.49896,N,12727.39165,E,2,12,68.2
2026-05-23 00:27:02,152702.00,3637.49975,N,12727.39230,E,2,12,68.1
2026-05-23 00:27:04,152704.00,3637.50041,N,12727.39297,E,2,12,68.2
2026-05-23 00:27:06,152706.00,3637.50144,N,12727.39360,E,1,12,68.3
2026-05-23 00:27:07,152707.00,3637.50191,N,12727.39384,E,2,12,68.6
2026-05-23 00:27:08,152708.00,3637.50231,N,12727.39414,E,2,12,68.9
2026-05-23 00:27:10,152710.00,3637.50332,N,12727.39493,E,2,12,68.8
2026-05-23 00:27:12,152712.00,3637.50419,N,12727.39560,E,2,12,69.1
2026-05-23 00:27:14,152714.00,3637.50508,N,12727.39636,E,2,12,69.4
2026-05-23 00:27:16,152716.00,3637.50609,N,12727.39693,E,2,12,69.5
2026-05-23 00:27:18,152718.00,3637.50693,N,12727.39768,E,2,12,69.7
2026-05-23 00:27:20,152720.00,3637.50765,N,12727.39835,E,2,12,69.9
2026-05-23 00:27:21,152721.00,3637.50796,N,12727.39863,E,2,12,69.5
2026-05-23 00:27:23,152723.00,3637.50883,N,12727.39916,E,2,12,69.1
2026-05-23 00:27:24,152724.00,3637.50929,N,12727.39944,E,2,12,69.3
2026-05-23 00:27:26,152726.00,3637.51032,N,12727.40012,E,2,12,69.3
2026-05-23 00:27:27,152727.00,3637.51084,N,12727.40042,E,2,12,69.2
2026-05-23 00:27:29,152729.00,3637.51169,N,12727.40113,E,1,12,68.9
2026-05-23 00:27:30,152730.00,3637.51214,N,12727.40170,E,2,12,69.4
2026-05-23 00:27:32,152732.00,3637.51305,N,12727.40219,E,1,12,69.4
2026-05-23 00:27:34,152734.00,3637.51382,N,12727.40286,E,2,12,69.3
2026-05-23 00:27:36,152736.00,3637.51446,N,12727.40339,E,1,12,69.3
2026-05-23 00:27:38,152738.00,3637.51469,N,12727.40346,E,1,12,69.4
2026-05-23 00:27:39,152739.00,3637.51470,N,12727.40345,E,1,12,69.5
2026-05-23 00:27:41,152741.00,3637.51482,N,12727.40371,E,1,12,69.5
2026-05-23 00:27:42,152742.00,3637.51484,N,12727.40364,E,1,12,69.4
2026-05-23 00:27:44,152744.00,3637.51482,N,12727.40355,E,1,12,69.8
2026-05-23 00:27:45,152745.00,3637.51486,N,12727.40354,E,1,12,69.9
2026-05-23 00:27:47,152747.00,3637.51483,N,12727.40361,E,1,12,69.9
2026-05-23 00:27:48,152748.00,3637.51482,N,12727.40366,E,1,12,69.9
2026-05-23 00:27:50,152750.00,3637.51479,N,12727.40364,E,1,12,70.0
2026-05-23 00:27:52,152752.00,3637.51480,N,12727.40365,E,1,12,69.9
2026-05-23 00:27:53,152753.00,3637.51484,N,12727.40362,E,1,12,69.9
2026-05-23 00:27:54,152754.00,3637.51484,N,12727.40363,E,1,12,69.9
2026-05-23 00:27:56,152756.00,3637.51488,N,12727.40353,E,1,12,69.8
2026-05-23 00:27:58,152758.00,3637.51489,N,12727.40352,E,1,12,69.7
2026-05-23 00:27:59,152759.00,3637.51490,N,12727.40371,E,1,12,69.8
2026-05-23 00:28:01,152801.00,3637.51531,N,12727.40417,E,1,12,69.9
2026-05-23 00:28:03,152803.00,3637.51582,N,12727.40459,E,1,12,70.0
2026-05-23 00:28:05,152805.00,3637.51578,N,12727.40482,E,1,12,70.4
2026-05-23 00:28:07,152807.00,3637.51570,N,12727.40486,E,2,12,70.4
2026-05-23 00:28:08,152808.00,3637.51569,N,12727.40490,E,2,12,70.5
2026-05-23 00:28:10,152810.00,3637.51568,N,12727.40497,E,2,12,70.5
2026-05-23 00:28:12,152812.00,3637.51569,N,12727.40503,E,2,12,70.4
2026-05-23 00:28:13,152813.00,3637.51569,N,12727.40505,E,2,12,70.4
2026-05-23 00:28:15,152815.00,3637.51570,N,12727.40510,E,2,12,70.2
2026-05-23 00:28:17,152817.00,3637.51573,N,12727.40511,E,2,12,70.1
2026-05-23 00:28:19,152819.00,3637.51578,N,12727.40513,E,2,12,70.1
2026-05-23 00:28:21,152821.00,3637.51582,N,12727.40515,E,2,12,70.1
2026-05-23 00:28:23,152823.00,3637.51586,N,12727.40516,E,2,12,70.1
2026-05-23 00:28:25,152825.00,3637.51587,N,12727.40530,E,2,12,70.0
2026-05-23 00:28:26,152826.00,3637.51586,N,12727.40547,E,2,12,70.1
2026-05-23 00:28:28,152828.00,3637.51603,N,12727.40589,E,1,12,70.4
2026-05-23 00:28:30,152830.00,3637.51617,N,12727.40597,E,1,12,70.4
2026-05-23 00:28:32,152832.00,3637.51620,N,12727.40599,E,1,12,70.6
2026-05-23 00:28:33,152833.00,3637.51623,N,12727.40600,E,1,12,70.6
2026-05-23 00:28:35,152835.00,3637.51654,N,12727.40646,E,1,12,70.4
2026-05-23 00:28:37,152837.00,3637.51758,N,12727.40681,E,1,12,70.9
2026-05-23 00:28:39,152839.00,3637.51853,N,12727.40774,E,1,12,70.9
2026-05-23 00:28:41,152841.00,3637.51946,N,12727.40861,E,2,12,70.8
2026-05-23 00:28:43,152843.00,3637.52029,N,12727.40933,E,2,12,70.6
2026-05-23 00:28:45,152845.00,3637.52123,N,12727.41031,E,2,12,70.6
2026-05-23 00:28:46,152846.00,3637.52173,N,12727.41061,E,2,12,70.7
2026-05-23 00:28:47,152847.00,3637.52221,N,12727.41104,E,2,12,70.8
2026-05-23 00:28:48,152848.00,3637.52269,N,12727.41152,E,2,12,70.7
2026-05-23 00:28:50,152850.00,3637.52352,N,12727.41258,E,2,12,70.7
2026-05-23 00:28:52,152852.00,3637.52465,N,12727.41322,E,2,12,71.1
2026-05-23 00:28:53,152853.00,3637.52517,N,12727.41361,E,2,12,71.4
2026-05-23 00:28:54,152854.00,3637.52561,N,12727.41406,E,2,12,71.2
2026-05-23 00:28:56,152856.00,3637.52645,N,12727.41495,E,2,12,70.9
2026-05-23 00:28:57,152857.00,3637.52680,N,12727.41523,E,2,12,70.9
2026-05-23 00:28:59,152859.00,3637.52767,N,12727.41604,E,2,12,71.2
2026-05-23 00:29:00,152900.00,3637.52816,N,12727.41644,E,2,12,71.4
2026-05-23 00:29:02,152902.00,3637.52904,N,12727.41699,E,2,12,71.7
2026-05-23 00:29:03,152903.00,3637.52945,N,12727.41743,E,1,12,71.7
2026-05-23 00:29:05,152905.00,3637.53040,N,12727.41817,E,2,12,71.9
2026-05-23 00:29:06,152906.00,3637.53073,N,12727.41858,E,1,12,72.0
2026-05-23 00:29:07,152907.00,3637.53119,N,12727.41899,E,1,12,72.3
2026-05-23 00:29:09,152909.00,3637.53213,N,12727.41999,E,1,12,72.5
2026-05-23 00:29:10,152910.00,3637.53271,N,12727.42034,E,1,12,72.6
2026-05-23 00:29:12,152912.00,3637.53367,N,12727.42119,E,2,12,72.8
2026-05-23 00:29:14,152914.00,3637.53467,N,12727.42206,E,1,12,72.9
2026-05-23 00:29:15,152915.00,3637.53526,N,12727.42250,E,1,12,72.8
2026-05-23 00:29:17,152917.00,3637.53627,N,12727.42326,E,1,12,72.7
2026-05-23 00:29:18,152918.00,3637.53677,N,12727.42363,E,2,12,72.9
2026-05-23 00:29:20,152920.00,3637.53776,N,12727.42435,E,2,12,72.9
2026-05-23 00:29:21,152921.00,3637.53819,N,12727.42462,E,2,12,73.0
2026-05-23 00:29:23,152923.00,3637.53931,N,12727.42552,E,2,12,73.0
2026-05-23 00:29:24,152924.00,3637.53983,N,12727.42588,E,2,12,73.0
2026-05-23 00:29:26,152926.00,3637.54072,N,12727.42637,E,2,12,73.0
2026-05-23 00:29:27,152927.00,3637.54121,N,12727.42687,E,2,12,72.9
2026-05-23 00:29:29,152929.00,3637.54224,N,12727.42755,E,2,12,73.1
2026-05-23 00:29:30,152930.00,3637.54270,N,12727.42789,E,2,12,73.1
2026-05-23 00:29:31,152931.00,3637.54316,N,12727.42829,E,2,12,73.1
2026-05-23 00:29:33,152933.00,3637.54415,N,12727.42944,E,2,12,73.2
2026-05-23 00:29:35,152935.00,3637.54532,N,12727.43018,E,2,12,73.2
2026-05-23 00:29:37,152937.00,3637.54639,N,12727.43044,E,2,12,73.2
2026-05-23 00:29:38,152938.00,3637.54694,N,12727.43069,E,2,12,73.1
2026-05-23 00:29:39,152939.00,3637.54749,N,12727.43098,E,2,12,73.0
2026-05-23 00:29:41,152941.00,3637.54864,N,12727.43156,E,2,12,73.0
2026-05-23 00:29:42,152942.00,3637.54925,N,12727.43185,E,2,12,72.9
2026-05-23 00:29:43,152943.00,3637.54978,N,12727.43210,E,2,12,72.8
2026-05-23 00:29:45,152945.00,3637.55079,N,12727.43265,E,2,12,72.7
2026-05-23 00:29:47,152947.00,3637.55203,N,12727.43342,E,2,12,72.8
2026-05-23 00:29:48,152948.00,3637.55255,N,12727.43371,E,2,12,72.7
2026-05-23 00:29:50,152950.00,3637.55377,N,12727.43433,E,2,12,72.2
2026-05-23 00:29:52,152952.00,3637.55497,N,12727.43447,E,2,12,71.9
2026-05-23 00:29:54,152954.00,3637.55614,N,12727.43462,E,2,12,71.6
2026-05-23 00:29:56,152956.00,3637.55736,N,12727.43472,E,2,12,71.2
2026-05-23 00:29:58,152958.00,3637.55856,N,12727.43531,E,1,12,71.1
2026-05-23 00:30:00,153000.00,3637.55995,N,12727.43575,E,2,12,71.1
2026-05-23 00:30:02,153002.00,3637.56125,N,12727.43600,E,2,12,71.1
2026-05-23 00:30:03,153003.00,3637.56192,N,12727.43600,E,2,12,70.8
2026-05-23 00:30:04,153004.00,3637.56249,N,12727.43598,E,2,12,70.9
2026-05-23 00:30:06,153006.00,3637.56346,N,12727.43638,E,2,12,71.2
2026-05-23 00:30:07,153007.00,3637.56396,N,12727.43645,E,1,12,71.3
2026-05-23 00:30:09,153009.00,3637.56511,N,12727.43662,E,2,12,71.4
2026-05-23 00:30:11,153011.00,3637.56625,N,12727.43724,E,2,12,71.4
2026-05-23 00:30:12,153012.00,3637.56685,N,12727.43752,E,2,12,71.2
2026-05-23 00:30:14,153014.00,3637.56815,N,12727.43789,E,2,12,71.2
2026-05-23 00:30:16,153016.00,3637.56923,N,12727.43839,E,2,12,71.2
2026-05-23 00:30:17,153017.00,3637.56983,N,12727.43854,E,2,12,71.3
2026-05-23 00:30:18,153018.00,3637.57042,N,12727.43881,E,2,12,71.3
2026-05-23 00:30:20,153020.00,3637.57157,N,12727.43944,E,1,12,71.2
2026-05-23 00:30:21,153021.00,3637.57227,N,12727.43964,E,1,12,71.1
2026-05-23 00:30:22,153022.00,3637.57301,N,12727.43979,E,1,12,71.1
2026-05-23 00:30:24,153024.00,3637.57416,N,12727.44011,E,2,12,70.6
2026-05-23 00:30:26,153026.00,3637.57543,N,12727.44029,E,2,12,70.9
2026-05-23 00:30:28,153028.00,3637.57667,N,12727.44065,E,1,12,70.7
2026-05-23 00:30:29,153029.00,3637.57728,N,12727.44093,E,2,12,70.7
2026-05-23 00:30:30,153030.00,3637.57791,N,12727.44106,E,1,12,70.4
2026-05-23 00:30:32,153032.00,3637.57904,N,12727.44089,E,1,12,69.9
2026-05-23 00:30:33,153033.00,3637.57960,N,12727.44098,E,1,12,70.0
2026-05-23 00:30:34,153034.00,3637.58020,N,12727.44107,E,1,12,69.7
2026-05-23 00:30:35,153035.00,3637.58088,N,12727.44109,E,1,12,69.6
2026-05-23 00:30:37,153037.00,3637.58252,N,12727.44129,E,2,12,69.7
2026-05-23 00:30:38,153038.00,3637.58325,N,12727.44132,E,1,12,69.7
2026-05-23 00:30:40,153040.00,3637.58462,N,12727.44151,E,1,12,69.5
2026-05-23 00:30:42,153042.00,3637.58566,N,12727.44142,E,2,12,69.4
2026-05-23 00:30:43,153043.00,3637.58635,N,12727.44156,E,2,12,69.2
2026-05-23 00:30:45,153045.00,3637.58780,N,12727.44193,E,2,12,69.0
2026-05-23 00:30:46,153046.00,3637.58850,N,12727.44209,E,2,12,69.1
2026-05-23 00:30:48,153048.00,3637.58980,N,12727.44229,E,1,12,68.9
2026-05-23 00:30:49,153049.00,3637.59037,N,12727.44235,E,2,12,68.8
2026-05-23 00:30:51,153051.00,3637.59157,N,12727.44258,E,1,12,68.7
2026-05-23 00:30:52,153052.00,3637.59234,N,12727.44265,E,1,12,68.4
2026-05-23 00:30:54,153054.00,3637.59387,N,12727.44277,E,1,12,68.2
2026-05-23 00:30:55,153055.00,3637.59462,N,12727.44285,E,1,12,68.4
2026-05-23 00:30:57,153057.00,3637.59607,N,12727.44293,E,1,12,68.5
2026-05-23 00:30:58,153058.00,3637.59673,N,12727.44289,E,1,12,68.2
2026-05-23 00:31:00,153100.00,3637.59784,N,12727.44275,E,2,12,67.9
2026-05-23 00:31:02,153102.00,3637.59915,N,12727.44277,E,2,12,67.8
2026-05-23 00:31:03,153103.00,3637.59994,N,12727.44277,E,2,12,67.6
2026-05-23 00:31:04,153104.00,3637.60068,N,12727.44296,E,1,12,67.6
2026-05-23 00:31:05,153105.00,3637.60142,N,12727.44321,E,1,12,67.7
2026-05-23 00:31:07,153107.00,3637.60285,N,12727.44332,E,1,12,67.5
2026-05-23 00:31:08,153108.00,3637.60347,N,12727.44344,E,1,12,67.3
2026-05-23 00:31:10,153110.00,3637.60459,N,12727.44367,E,1,12,67.3
2026-05-23 00:31:11,153111.00,3637.60521,N,12727.44379,E,1,12,67.1
2026-05-23 00:31:12,153112.00,3637.60589,N,12727.44393,E,1,12,67.1
2026-05-23 00:31:13,153113.00,3637.60669,N,12727.44412,E,1,12,67.1
2026-05-23 00:31:14,153114.00,3637.60748,N,12727.44429,E,1,12,67.2
2026-05-23 00:31:16,153116.00,3637.60887,N,12727.44434,E,1,12,67.1
2026-05-23 00:31:18,153118.00,3637.61008,N,12727.44423,E,1,12,66.8
2026-05-23 00:31:19,153119.00,3637.61064,N,12727.44430,E,1,12,66.8
2026-05-23 00:31:21,153121.00,3637.61189,N,12727.44453,E,1,12,66.6
2026-05-23 00:31:23,153123.00,3637.61326,N,12727.44479,E,1,12,66.4
2026-05-23 00:31:24,153124.00,3637.61396,N,12727.44493,E,1,12,66.3
2026-05-23 00:31:25,153125.00,3637.61467,N,12727.44505,E,1,12,66.2
2026-05-23 00:31:27,153127.00,3637.61585,N,12727.44536,E,1,12,65.8
2026-05-23 00:31:28,153128.00,3637.61639,N,12727.44551,E,1,12,65.8
2026-05-23 00:31:30,153130.00,3637.61754,N,12727.44598,E,1,12,65.7
2026-05-23 00:31:32,153132.00,3637.61873,N,12727.44687,E,1,12,65.4
2026-05-23 00:31:34,153134.00,3637.61986,N,12727.44773,E,1,12,65.4
2026-05-23 00:31:35,153135.00,3637.62045,N,12727.44809,E,1,12,65.4
2026-05-23 00:31:36,153136.00,3637.62104,N,12727.44844,E,1,12,65.4
2026-05-23 00:31:38,153138.00,3637.62201,N,12727.44928,E,1,12,65.0
2026-05-23 00:31:39,153139.00,3637.62256,N,12727.44968,E,1,12,64.8
2026-05-23 00:31:41,153141.00,3637.62364,N,12727.45028,E,1,12,65.5
2026-05-23 00:31:42,153142.00,3637.62417,N,12727.45063,E,1,12,65.7
2026-05-23 00:31:43,153143.00,3637.62468,N,12727.45110,E,1,12,65.5
2026-05-23 00:31:44,153144.00,3637.62523,N,12727.45161,E,1,12,65.5
2026-05-23 00:31:45,153145.00,3637.62576,N,12727.45218,E,1,12,65.6
2026-05-23 00:31:47,153147.00,3637.62677,N,12727.45324,E,1,12,65.2
2026-05-23 00:31:48,153148.00,3637.62732,N,12727.45365,E,1,12,64.9
2026-05-23 00:31:50,153150.00,3637.62834,N,12727.45447,E,1,12,64.7
2026-05-23 00:31:51,153151.00,3637.62884,N,12727.45501,E,1,12,64.3
2026-05-23 00:31:52,153152.00,3637.62938,N,12727.45542,E,1,12,64.3
2026-05-23 00:31:54,153154.00,3637.63043,N,12727.45647,E,1,12,64.0
2026-05-23 00:31:56,153156.00,3637.63151,N,12727.45752,E,1,12,64.2
2026-05-23 00:31:58,153158.00,3637.63268,N,12727.45846,E,1,12,64.2
2026-05-23 00:31:59,153159.00,3637.63317,N,12727.45888,E,1,12,63.5
2026-05-23 00:32:00,153200.00,3637.63364,N,12727.45936,E,1,12,63.4
2026-05-23 00:32:01,153201.00,3637.63414,N,12727.45989,E,1,12,63.8
2026-05-23 00:32:03,153203.00,3637.63526,N,12727.46088,E,1,12,63.0
2026-05-23 00:32:05,153205.00,3637.63632,N,12727.46200,E,1,12,62.5
2026-05-23 00:32:07,153207.00,3637.63743,N,12727.46319,E,1,12,62.3
2026-05-23 00:32:08,153208.00,3637.63804,N,12727.46371,E,1,12,62.2
2026-05-23 00:32:09,153209.00,3637.63867,N,12727.46429,E,1,12,62.5
2026-05-23 00:32:11,153211.00,3637.64008,N,12727.46507,E,1,12,62.2
2026-05-23 00:32:13,153213.00,3637.64112,N,12727.46595,E,1,12,62.5
2026-05-23 00:32:15,153215.00,3637.64219,N,12727.46701,E,1,12,62.5
2026-05-23 00:32:16,153216.00,3637.64267,N,12727.46767,E,1,12,62.3
2026-05-23 00:32:18,153218.00,3637.64331,N,12727.46907,E,1,12,62.1
2026-05-23 00:32:20,153220.00,3637.64352,N,12727.47070,E,1,12,62.0
2026-05-23 00:32:22,153222.00,3637.64364,N,12727.47212,E,1,12,62.3
2026-05-23 00:32:23,153223.00,3637.64351,N,12727.47288,E,1,12,62.1
2026-05-23 00:32:25,153225.00,3637.64322,N,12727.47459,E,1,12,62.4
2026-05-23 00:32:26,153226.00,3637.64299,N,12727.47543,E,1,12,62.7
2026-05-23 00:32:28,153228.00,3637.64263,N,12727.47681,E,1,12,63.0
2026-05-23 00:32:30,153230.00,3637.64182,N,12727.47805,E,1,12,63.0
2026-05-23 00:32:32,153232.00,3637.64087,N,12727.47955,E,1,12,63.2
2026-05-23 00:32:34,153234.00,3637.64035,N,12727.48080,E,1,12,63.0
2026-05-23 00:32:35,153235.00,3637.64019,N,12727.48142,E,1,12,62.9
2026-05-23 00:32:37,153237.00,3637.63945,N,12727.48253,E,1,12,62.8
2026-05-23 00:32:39,153239.00,3637.63862,N,12727.48381,E,1,12,63.0
2026-05-23 00:32:41,153241.00,3637.63792,N,12727.48495,E,1,12,63.0
2026-05-23 00:32:42,153242.00,3637.63766,N,12727.48544,E,1,12,63.1
2026-05-23 00:32:44,153244.00,3637.63685,N,12727.48674,E,1,12,63.2
2026-05-23 00:32:46,153246.00,3637.63611,N,12727.48807,E,1,12,63.3
2026-05-23 00:32:48,153248.00,3637.63554,N,12727.48912,E,1,12,63.3
2026-05-23 00:32:50,153250.00,3637.63463,N,12727.49041,E,1,12,63.4
2026-05-23 00:32:51,153251.00,3637.63425,N,12727.49110,E,1,12,63.4
2026-05-23 00:32:53,153253.00,3637.63369,N,12727.49231,E,1,12,63.5
2026-05-23 00:32:54,153254.00,3637.63338,N,12727.49278,E,1,12,63.5
2026-05-23 00:32:56,153256.00,3637.63277,N,12727.49408,E,1,12,63.3
2026-05-23 00:32:58,153258.00,3637.63213,N,12727.49526,E,1,12,63.1
2026-05-23 00:33:00,153300.00,3637.63144,N,12727.49636,E,1,12,63.3
2026-05-23 00:33:01,153301.00,3637.63100,N,12727.49693,E,1,12,63.6
2026-05-23 00:33:03,153303.00,3637.63036,N,12727.49817,E,1,12,63.5
2026-05-23 00:33:04,153304.00,3637.62999,N,12727.49877,E,1,12,63.8
2026-05-23 00:33:06,153306.00,3637.62922,N,12727.50023,E,1,12,64.1
2026-05-23 00:33:08,153308.00,3637.62870,N,12727.50145,E,1,12,64.2
2026-05-23 00:33:09,153309.00,3637.62833,N,12727.50184,E,1,12,64.3
2026-05-23 00:33:11,153311.00,3637.62768,N,12727.50280,E,1,12,64.4
2026-05-23 00:33:12,153312.00,3637.62740,N,12727.50326,E,1,12,64.3
2026-05-23 00:33:14,153314.00,3637.62677,N,12727.50400,E,1,12,64.3
2026-05-23 00:33:15,153315.00,3637.62650,N,12727.50444,E,2,12,64.3
2026-05-23 00:33:16,153316.00,3637.62628,N,12727.50481,E,2,12,64.1
2026-05-23 00:33:17,153317.00,3637.62595,N,12727.50529,E,2,12,64.2
2026-05-23 00:33:19,153319.00,3637.62516,N,12727.50635,E,2,12,64.1
2026-05-23 00:33:20,153320.00,3637.62493,N,12727.50697,E,2,12,64.0
2026-05-23 00:33:21,153321.00,3637.62470,N,12727.50755,E,2,12,64.0
2026-05-23 00:33:22,153322.00,3637.62442,N,12727.50814,E,2,12,64.0
2026-05-23 00:33:24,153324.00,3637.62358,N,12727.50922,E,2,12,64.1
2026-05-23 00:33:26,153326.00,3637.62304,N,12727.51037,E,2,12,64.2
2026-05-23 00:33:28,153328.00,3637.62238,N,12727.51153,E,2,12,64.0
2026-05-23 00:33:29,153329.00,3637.62204,N,12727.51206,E,2,12,64.1
2026-05-23 00:33:31,153331.00,3637.62156,N,12727.51301,E,1,12,64.5
2026-05-23 00:33:33,153333.00,3637.62077,N,12727.51413,E,1,12,64.4
2026-05-23 00:33:35,153335.00,3637.62006,N,12727.51531,E,1,12,64.5
2026-05-23 00:33:36,153336.00,3637.61985,N,12727.51585,E,1,12,64.5
2026-05-23 00:33:37,153337.00,3637.61951,N,12727.51633,E,1,12,64.5
2026-05-23 00:33:39,153339.00,3637.61871,N,12727.51738,E,1,12,64.6
2026-05-23 00:33:40,153340.00,3637.61845,N,12727.51787,E,1,12,64.6
2026-05-23 00:33:42,153342.00,3637.61782,N,12727.51898,E,1,12,64.9
2026-05-23 00:33:44,153344.00,3637.61706,N,12727.52025,E,1,12,65.1
2026-05-23 00:33:46,153346.00,3637.61654,N,12727.52119,E,1,12,65.1
2026-05-23 00:33:47,153347.00,3637.61615,N,12727.52161,E,1,12,65.1
2026-05-23 00:33:49,153349.00,3637.61532,N,12727.52279,E,1,12,65.2
2026-05-23 00:33:51,153351.00,3637.61481,N,12727.52385,E,1,12,65.1
2026-05-23 00:33:52,153352.00,3637.61441,N,12727.52426,E,1,12,65.2
2026-05-23 00:33:54,153354.00,3637.61358,N,12727.52548,E,1,12,65.3
2026-05-23 00:33:56,153356.00,3637.61310,N,12727.52656,E,1,12,65.2
2026-05-23 00:33:57,153357.00,3637.61283,N,12727.52706,E,1,12,65.3
2026-05-23 00:33:59,153359.00,3637.61219,N,12727.52821,E,1,12,65.1
2026-05-23 00:34:01,153401.00,3637.61144,N,12727.52932,E,1,12,65.3
2026-05-23 00:34:02,153402.00,3637.61110,N,12727.52991,E,1,12,65.6
2026-05-23 00:34:04,153404.00,3637.61028,N,12727.53135,E,1,12,65.8
2026-05-23 00:34:06,153406.00,3637.60971,N,12727.53274,E,1,12,65.9
2026-05-23 00:34:08,153408.00,3637.60911,N,12727.53388,E,1,12,66.0
2026-05-23 00:34:10,153410.00,3637.60841,N,12727.53558,E,1,12,66.5
2026-05-23 00:34:12,153412.00,3637.60779,N,12727.53652,E,1,12,66.4
2026-05-23 00:34:13,153413.00,3637.60741,N,12727.53697,E,1,12,66.4
2026-05-23 00:34:15,153415.00,3637.60658,N,12727.53836,E,1,12,66.3
2026-05-23 00:34:16,153416.00,3637.60609,N,12727.53911,E,1,12,66.4
2026-05-23 00:34:17,153417.00,3637.60582,N,12727.53992,E,1,12,66.4
2026-05-23 00:34:19,153419.00,3637.60531,N,12727.54110,E,1,12,66.4
2026-05-23 00:34:21,153421.00,3637.60441,N,12727.54218,E,1,12,66.3
2026-05-23 00:34:23,153423.00,3637.60361,N,12727.54358,E,1,12,66.5
2026-05-23 00:34:25,153425.00,3637.60313,N,12727.54460,E,1,12,66.6
2026-05-23 00:34:26,153426.00,3637.60287,N,12727.54524,E,1,12,66.6
2026-05-23 00:34:28,153428.00,3637.60215,N,12727.54658,E,1,12,66.8
2026-05-23 00:34:30,153430.00,3637.60142,N,12727.54750,E,1,12,66.7
2026-05-23 00:34:32,153432.00,3637.60064,N,12727.54858,E,1,12,66.7
2026-05-23 00:34:34,153434.00,3637.59994,N,12727.55011,E,1,12,66.9
2026-05-23 00:34:36,153436.00,3637.59941,N,12727.55101,E,1,12,67.0
2026-05-23 00:34:37,153437.00,3637.59901,N,12727.55161,E,1,12,67.0
2026-05-23 00:34:39,153439.00,3637.59824,N,12727.55296,E,1,12,67.0
2026-05-23 00:34:41,153441.00,3637.59766,N,12727.55406,E,1,12,66.9
2026-05-23 00:34:43,153443.00,3637.59683,N,12727.55505,E,1,12,67.0
2026-05-23 00:34:45,153445.00,3637.59605,N,12727.55632,E,1,12,67.2
2026-05-23 00:34:47,153447.00,3637.59564,N,12727.55759,E,1,12,67.0
2026-05-23 00:34:49,153449.00,3637.59490,N,12727.55878,E,1,12,67.2
2026-05-23 00:34:50,153450.00,3637.59445,N,12727.55944,E,1,12,67.1
2026-05-23 00:34:52,153452.00,3637.59371,N,12727.56072,E,1,12,67.2
2026-05-23 00:34:53,153453.00,3637.59337,N,12727.56125,E,1,12,67.2
2026-05-23 00:34:55,153455.00,3637.59227,N,12727.56188,E,1,12,67.5
2026-05-23 00:34:57,153457.00,3637.59115,N,12727.56247,E,1,12,67.5
2026-05-23 00:34:58,153458.00,3637.59067,N,12727.56286,E,1,12,67.4
2026-05-23 00:35:00,153500.00,3637.58970,N,12727.56341,E,1,12,67.8
2026-05-23 00:35:02,153502.00,3637.58867,N,12727.56400,E,1,12,67.9
2026-05-23 00:35:03,153503.00,3637.58830,N,12727.56419,E,1,12,67.9
2026-05-23 00:35:05,153505.00,3637.58777,N,12727.56452,E,1,12,67.9
2026-05-23 00:35:07,153507.00,3637.58774,N,12727.56454,E,1,12,68.0
2026-05-23 00:35:08,153508.00,3637.58775,N,12727.56454,E,1,12,68.1
2026-05-23 00:35:09,153509.00,3637.58774,N,12727.56456,E,1,12,68.1
2026-05-23 00:35:10,153510.00,3637.58764,N,12727.56464,E,1,12,68.2
2026-05-23 00:35:12,153512.00,3637.58714,N,12727.56530,E,1,12,68.2
2026-05-23 00:35:14,153514.00,3637.58649,N,12727.56643,E,1,12,68.1
2026-05-23 00:35:15,153515.00,3637.58615,N,12727.56696,E,1,12,68.1
2026-05-23 00:35:16,153516.00,3637.58571,N,12727.56745,E,1,12,68.1
2026-05-23 00:35:18,153518.00,3637.58494,N,12727.56838,E,1,12,68.3
2026-05-23 00:35:20,153520.00,3637.58415,N,12727.56955,E,1,12,68.2
2026-05-23 00:35:22,153522.00,3637.58345,N,12727.57058,E,1,12,68.2
2026-05-23 00:35:24,153524.00,3637.58291,N,12727.57145,E,1,12,68.0
2026-05-23 00:35:26,153526.00,3637.58296,N,12727.57277,E,1,12,67.9
2026-05-23 00:35:28,153528.00,3637.58351,N,12727.57423,E,1,12,68.0
2026-05-23 00:35:30,153530.00,3637.58440,N,12727.57508,E,1,12,67.7
2026-05-23 00:35:32,153532.00,3637.58533,N,12727.57612,E,1,12,67.7
2026-05-23 00:35:34,153534.00,3637.58631,N,12727.57715,E,1,12,67.6
2026-05-23 00:35:36,153536.00,3637.58713,N,12727.57817,E,1,12,67.4
2026-05-23 00:35:38,153538.00,3637.58775,N,12727.57941,E,1,12,67.4
2026-05-23 00:35:39,153539.00,3637.58793,N,12727.58021,E,1,12,67.4
2026-05-23 00:35:40,153540.00,3637.58813,N,12727.58096,E,1,12,67.4
2026-05-23 00:35:42,153542.00,3637.58839,N,12727.58189,E,1,12,67.5
2026-05-23 00:35:43,153543.00,3637.58845,N,12727.58231,E,1,12,67.5
2026-05-23 00:35:44,153544.00,3637.58853,N,12727.58283,E,1,12,67.7
2026-05-23 00:35:46,153546.00,3637.58824,N,12727.58409,E,1,12,67.7
2026-05-23 00:35:47,153547.00,3637.58790,N,12727.58477,E,1,12,67.6
2026-05-23 00:35:48,153548.00,3637.58750,N,12727.58537,E,1,12,67.7
2026-05-23 00:35:50,153550.00,3637.58708,N,12727.58648,E,1,12,67.6
2026-05-23 00:35:52,153552.00,3637.58659,N,12727.58784,E,1,12,67.6
2026-05-23 00:35:54,153554.00,3637.58589,N,12727.58938,E,1,12,68.1
2026-05-23 00:35:55,153555.00,3637.58562,N,12727.59000,E,1,12,68.0
2026-05-23 00:35:57,153557.00,3637.58513,N,12727.59115,E,1,12,68.2
2026-05-23 00:35:59,153559.00,3637.58450,N,12727.59256,E,1,12,68.2
2026-05-23 00:36:00,153600.00,3637.58422,N,12727.59326,E,1,12,68.2
2026-05-23 00:36:02,153602.00,3637.58361,N,12727.59447,E,1,12,68.2
2026-05-23 00:36:03,153603.00,3637.58325,N,12727.59506,E,2,12,68.3
2026-05-23 00:36:05,153605.00,3637.58243,N,12727.59629,E,2,12,68.0
2026-05-23 00:36:07,153607.00,3637.58173,N,12727.59768,E,2,12,68.3
2026-05-23 00:36:09,153609.00,3637.58094,N,12727.59884,E,2,12,68.0
2026-05-23 00:36:10,153610.00,3637.58058,N,12727.59940,E,2,12,68.1
2026-05-23 00:36:11,153611.00,3637.58021,N,12727.60009,E,2,12,68.2
2026-05-23 00:36:13,153613.00,3637.57972,N,12727.60179,E,2,12,68.1
2026-05-23 00:36:15,153615.00,3637.57950,N,12727.60352,E,2,12,68.3
2026-05-23 00:36:16,153616.00,3637.57942,N,12727.60436,E,2,12,68.3
2026-05-23 00:36:18,153618.00,3637.57924,N,12727.60603,E,2,12,68.5
2026-05-23 00:36:19,153619.00,3637.57908,N,12727.60690,E,2,12,68.4
2026-05-23 00:36:20,153620.00,3637.57882,N,12727.60792,E,2,12,68.5
2026-05-23 00:36:22,153622.00,3637.57846,N,12727.60985,E,2,12,68.9
2026-05-23 00:36:24,153624.00,3637.57844,N,12727.61151,E,2,12,68.7
2026-05-23 00:36:25,153625.00,3637.57848,N,12727.61232,E,2,12,68.8
2026-05-23 00:36:27,153627.00,3637.57863,N,12727.61403,E,2,12,69.1
2026-05-23 00:36:29,153629.00,3637.57849,N,12727.61592,E,2,12,69.1
2026-05-23 00:36:30,153630.00,3637.57841,N,12727.61683,E,2,12,69.3
2026-05-23 00:36:32,153632.00,3637.57858,N,12727.61870,E,2,12,69.5
2026-05-23 00:36:34,153634.00,3637.57862,N,12727.62033,E,2,12,69.3
2026-05-23 00:36:35,153635.00,3637.57858,N,12727.62099,E,2,12,69.4
2026-05-23 00:36:36,153636.00,3637.57848,N,12727.62177,E,2,12,69.3
2026-05-23 00:36:38,153638.00,3637.57802,N,12727.62349,E,2,12,69.3
2026-05-23 00:36:40,153640.00,3637.57737,N,12727.62510,E,2,12,69.3
2026-05-23 00:36:42,153642.00,3637.57722,N,12727.62643,E,2,12,69.4
2026-05-23 00:36:43,153643.00,3637.57730,N,12727.62684,E,2,12,69.4
2026-05-23 00:36:45,153645.00,3637.57741,N,12727.62747,E,1,12,69.5
2026-05-23 00:36:46,153646.00,3637.57747,N,12727.62785,E,1,12,69.5
2026-05-23 00:36:48,153648.00,3637.57766,N,12727.62872,E,1,12,69.7
2026-05-23 00:36:50,153650.00,3637.57799,N,12727.62963,E,1,12,70.1
2026-05-23 00:36:51,153651.00,3637.57817,N,12727.63019,E,1,12,70.2
2026-05-23 00:36:52,153652.00,3637.57827,N,12727.63068,E,1,12,70.5
2026-05-23 00:36:54,153654.00,3637.57827,N,12727.63166,E,1,12,70.5
2026-05-23 00:36:56,153656.00,3637.57746,N,12727.63235,E,1,12,70.0
2026-05-23 00:36:58,153658.00,3637.57694,N,12727.63281,E,1,12,69.5
2026-05-23 00:37:00,153700.00,3637.57677,N,12727.63273,E,1,12,69.5
2026-05-23 00:37:02,153702.00,3637.57667,N,12727.63274,E,1,12,69.5
2026-05-23 00:37:04,153704.00,3637.57667,N,12727.63275,E,1,12,69.5
2026-05-23 00:37:05,153705.00,3637.57667,N,12727.63274,E,2,12,69.5
2026-05-23 00:37:07,153707.00,3637.57667,N,12727.63268,E,2,12,69.4
2026-05-23 00:37:08,153708.00,3637.57666,N,12727.63264,E,2,12,69.4
2026-05-23 00:37:10,153710.00,3637.57662,N,12727.63246,E,2,12,69.0
2026-05-23 00:37:11,153711.00,3637.57663,N,12727.63239,E,2,12,69.0
2026-05-23 00:37:13,153713.00,3637.57663,N,12727.63226,E,2,12,68.8
2026-05-23 00:37:15,153715.00,3637.57663,N,12727.63215,E,2,12,68.6
2026-05-23 00:37:16,153716.00,3637.57663,N,12727.63212,E,2,12,68.5
2026-05-23 00:37:18,153718.00,3637.57659,N,12727.63206,E,2,12,68.4
2026-05-23 00:37:20,153720.00,3637.57658,N,12727.63199,E,2,12,68.3
2026-05-23 00:37:22,153722.00,3637.57646,N,12727.63197,E,2,12,68.5
2026-05-23 00:37:24,153724.00,3637.57654,N,12727.63213,E,2,12,68.6
2026-05-23 00:37:26,153726.00,3637.57645,N,12727.63239,E,2,12,69.1
2026-05-23 00:37:27,153727.00,3637.57646,N,12727.63237,E,2,12,69.2
2026-05-23 00:37:29,153729.00,3637.57643,N,12727.63209,E,2,12,69.2
2026-05-23 00:37:31,153731.00,3637.57639,N,12727.63205,E,2,12,69.5
2026-05-23 00:37:32,153732.00,3637.57674,N,12727.63237,E,2,12,69.5
2026-05-23 00:37:34,153734.00,3637.57763,N,12727.63298,E,2,12,69.7
2026-05-23 00:37:35,153735.00,3637.57802,N,12727.63340,E,2,12,69.7
2026-05-23 00:37:36,153736.00,3637.57837,N,12727.63390,E,2,12,69.9
2026-05-23 00:37:37,153737.00,3637.57865,N,12727.63436,E,2,12,69.9
2026-05-23 00:37:39,153739.00,3637.57895,N,12727.63578,E,2,12,69.8
2026-05-23 00:37:41,153741.00,3637.57902,N,12727.63741,E,2,12,70.0
2026-05-23 00:37:42,153742.00,3637.57906,N,12727.63816,E,2,12,69.8
2026-05-23 00:37:44,153744.00,3637.57908,N,12727.63954,E,2,12,69.7
2026-05-23 00:37:45,153745.00,3637.57889,N,12727.64028,E,2,12,69.5
2026-05-23 00:37:47,153747.00,3637.57824,N,12727.64158,E,2,12,69.9
2026-05-23 00:37:49,153749.00,3637.57767,N,12727.64267,E,2,12,70.0
2026-05-23 00:37:50,153750.00,3637.57723,N,12727.64323,E,2,12,70.3
2026-05-23 00:37:52,153752.00,3637.57674,N,12727.64455,E,2,12,70.3
2026-05-23 00:37:54,153754.00,3637.57683,N,12727.64544,E,2,12,70.1
2026-05-23 00:37:55,153755.00,3637.57682,N,12727.64586,E,2,12,70.0
2026-05-23 00:37:56,153756.00,3637.57683,N,12727.64607,E,2,12,69.7
2026-05-23 00:37:58,153758.00,3637.57681,N,12727.64687,E,2,12,69.0
2026-05-23 00:38:00,153800.00,3637.57690,N,12727.64753,E,2,12,68.7
2026-05-23 00:38:02,153802.00,3637.57692,N,12727.64827,E,2,12,68.0
2026-05-23 00:38:03,153803.00,3637.57693,N,12727.64860,E,2,12,67.4
2026-05-23 00:38:05,153805.00,3637.57669,N,12727.64948,E,2,12,67.2
2026-05-23 00:38:07,153807.00,3637.57652,N,12727.65066,E,2,12,67.2
2026-05-23 00:38:08,153808.00,3637.57613,N,12727.65141,E,2,12,67.0
2026-05-23 00:38:09,153809.00,3637.57578,N,12727.65194,E,2,12,66.8
2026-05-23 00:38:11,153811.00,3637.57486,N,12727.65300,E,2,12,66.9
2026-05-23 00:38:12,153812.00,3637.57463,N,12727.65355,E,2,12,66.8
2026-05-23 00:38:13,153813.00,3637.57455,N,12727.65400,E,2,12,66.7
2026-05-23 00:38:14,153814.00,3637.57436,N,12727.65450,E,2,12,66.7
2026-05-23 00:38:16,153816.00,3637.57368,N,12727.65569,E,2,12,66.4
2026-05-23 00:38:18,153818.00,3637.57291,N,12727.65637,E,2,12,66.0
2026-05-23 00:38:19,153819.00,3637.57244,N,12727.65651,E,2,12,66.1
2026-05-23 00:38:20,153820.00,3637.57189,N,12727.65652,E,2,12,66.2
2026-05-23 00:38:22,153822.00,3637.57094,N,12727.65675,E,2,12,66.3
2026-05-23 00:38:24,153824.00,3637.57003,N,12727.65698,E,2,12,66.3
2026-05-23 00:38:26,153826.00,3637.56899,N,12727.65739,E,2,12,66.1
2026-05-23 00:38:28,153828.00,3637.56804,N,12727.65787,E,2,12,66.1
2026-05-23 00:38:29,153829.00,3637.56757,N,12727.65796,E,2,12,66.1
2026-05-23 00:38:31,153831.00,3637.56657,N,12727.65832,E,2,12,66.0
2026-05-23 00:38:33,153833.00,3637.56559,N,12727.65891,E,2,12,65.7
2026-05-23 00:38:35,153835.00,3637.56452,N,12727.65938,E,2,12,65.6
2026-05-23 00:38:36,153836.00,3637.56404,N,12727.65974,E,2,12,65.7
2026-05-23 00:38:37,153837.00,3637.56366,N,12727.66015,E,2,12,65.5
2026-05-23 00:38:38,153838.00,3637.56334,N,12727.66054,E,2,12,65.3
2026-05-23 00:38:40,153840.00,3637.56241,N,12727.66123,E,2,12,65.0
2026-05-23 00:38:42,153842.00,3637.56136,N,12727.66201,E,2,12,64.8
2026-05-23 00:38:44,153844.00,3637.56064,N,12727.66281,E,2,12,64.8
2026-05-23 00:38:45,153845.00,3637.56019,N,12727.66319,E,2,12,64.9
2026-05-23 00:38:47,153847.00,3637.55915,N,12727.66413,E,2,12,64.9
2026-05-23 00:38:48,153848.00,3637.55874,N,12727.66470,E,2,12,65.0
2026-05-23 00:38:49,153849.00,3637.55847,N,12727.66523,E,2,12,65.0
2026-05-23 00:38:51,153851.00,3637.55783,N,12727.66633,E,2,12,64.9
2026-05-23 00:38:52,153852.00,3637.55743,N,12727.66689,E,2,12,64.8
2026-05-23 00:38:54,153854.00,3637.55675,N,12727.66794,E,2,12,64.8
2026-05-23 00:38:55,153855.00,3637.55640,N,12727.66844,E,2,12,65.0
2026-05-23 00:38:56,153856.00,3637.55590,N,12727.66902,E,2,12,65.5
2026-05-23 00:38:58,153858.00,3637.55504,N,12727.67029,E,2,12,65.7
2026-05-23 00:39:00,153900.00,3637.55435,N,12727.67144,E,2,12,65.7
2026-05-23 00:39:02,153902.00,3637.55367,N,12727.67256,E,2,12,65.6
2026-05-23 00:39:04,153904.00,3637.55294,N,12727.67388,E,2,12,65.6
2026-05-23 00:39:05,153905.00,3637.55258,N,12727.67449,E,2,12,65.6
2026-05-23 00:39:07,153907.00,3637.55199,N,12727.67565,E,2,12,65.6
2026-05-23 00:39:08,153908.00,3637.55164,N,12727.67621,E,2,12,65.7
2026-05-23 00:39:10,153910.00,3637.55074,N,12727.67753,E,2,12,65.7
2026-05-23 00:39:12,153912.00,3637.54990,N,12727.67874,E,2,12,65.8
2026-05-23 00:39:14,153914.00,3637.54926,N,12727.67992,E,2,12,65.7
2026-05-23 00:39:16,153916.00,3637.54838,N,12727.68120,E,2,12,65.9
2026-05-23 00:39:18,153918.00,3637.54748,N,12727.68258,E,2,12,66.1
2026-05-23 00:39:19,153919.00,3637.54720,N,12727.68319,E,2,12,66.0
2026-05-23 00:39:21,153921.00,3637.54673,N,12727.68432,E,2,12,65.9
2026-05-23 00:39:23,153923.00,3637.54589,N,12727.68565,E,2,12,65.7
2026-05-23 00:39:25,153925.00,3637.54530,N,12727.68689,E,2,12,65.4
2026-05-23 00:39:27,153927.00,3637.54490,N,12727.68797,E,2,12,65.4
2026-05-23 00:39:29,153929.00,3637.54383,N,12727.68935,E,2,12,65.4
2026-05-23 00:39:31,153931.00,3637.54281,N,12727.69066,E,2,12,65.4
2026-05-23 00:39:32,153932.00,3637.54246,N,12727.69119,E,2,12,65.3
2026-05-23 00:39:33,153933.00,3637.54213,N,12727.69175,E,2,12,65.5
2026-05-23 00:39:34,153934.00,3637.54181,N,12727.69234,E,2,12,65.5
2026-05-23 00:39:35,153935.00,3637.54142,N,12727.69304,E,2,12,65.6
2026-05-23 00:39:37,153937.00,3637.54058,N,12727.69433,E,2,12,65.9
2026-05-23 00:39:38,153938.00,3637.54031,N,12727.69489,E,2,12,65.8
2026-05-23 00:39:40,153940.00,3637.53974,N,12727.69594,E,2,12,65.8
2026-05-23 00:39:41,153941.00,3637.53931,N,12727.69655,E,2,12,65.7
2026-05-23 00:39:42,153942.00,3637.53876,N,12727.69721,E,2,12,65.8
2026-05-23 00:39:44,153944.00,3637.53805,N,12727.69850,E,2,12,65.6
2026-05-23 00:39:46,153946.00,3637.53759,N,12727.69955,E,2,12,65.4
2026-05-23 00:39:48,153948.00,3637.53665,N,12727.70061,E,2,12,65.3
2026-05-23 00:39:49,153949.00,3637.53617,N,12727.70130,E,2,12,65.6
2026-05-23 00:39:50,153950.00,3637.53591,N,12727.70187,E,2,12,65.5
2026-05-23 00:39:52,153952.00,3637.53532,N,12727.70289,E,2,12,65.6
2026-05-23 00:39:53,153953.00,3637.53483,N,12727.70336,E,2,12,65.5
2026-05-23 00:39:55,153955.00,3637.53392,N,12727.70469,E,2,12,65.6
2026-05-23 00:39:56,153956.00,3637.53356,N,12727.70534,E,2,12,65.4
2026-05-23 00:39:57,153957.00,3637.53337,N,12727.70586,E,2,12,65.1
2026-05-23 00:39:58,153958.00,3637.53304,N,12727.70636,E,2,12,65.2
2026-05-23 00:40:00,154000.00,3637.53213,N,12727.70770,E,2,12,65.3
2026-05-23 00:40:01,154001.00,3637.53169,N,12727.70848,E,2,12,65.4
2026-05-23 00:40:02,154002.00,3637.53130,N,12727.70915,E,2,12,65.4
2026-05-23 00:40:04,154004.00,3637.53087,N,12727.71012,E,2,12,65.2
2026-05-23 00:40:05,154005.00,3637.53048,N,12727.71068,E,2,12,65.1
2026-05-23 00:40:07,154007.00,3637.52949,N,12727.71191,E,2,12,64.9
2026-05-23 00:40:08,154008.00,3637.52915,N,12727.71262,E,2,12,64.9
2026-05-23 00:40:10,154010.00,3637.52870,N,12727.71376,E,2,12,64.7
2026-05-23 00:40:12,154012.00,3637.52779,N,12727.71479,E,2,12,64.7
2026-05-23 00:40:13,154013.00,3637.52724,N,12727.71556,E,2,12,65.1
2026-05-23 00:40:15,154015.00,3637.52660,N,12727.71700,E,2,12,65.1
2026-05-23 00:40:17,154017.00,3637.52611,N,12727.71822,E,2,12,65.2
2026-05-23 00:40:18,154018.00,3637.52578,N,12727.71890,E,2,12,65.1
2026-05-23 00:40:19,154019.00,3637.52545,N,12727.71964,E,2,12,65.1
2026-05-23 00:40:21,154021.00,3637.52490,N,12727.72123,E,2,12,65.5
2026-05-23 00:40:22,154022.00,3637.52478,N,12727.72180,E,2,12,65.3
2026-05-23 00:40:24,154024.00,3637.52448,N,12727.72312,E,2,12,65.7
2026-05-23 00:40:25,154025.00,3637.52415,N,12727.72395,E,2,12,65.7
2026-05-23 00:40:27,154027.00,3637.52377,N,12727.72544,E,2,12,65.8
2026-05-23 00:40:28,154028.00,3637.52365,N,12727.72606,E,2,12,65.8
2026-05-23 00:40:29,154029.00,3637.52354,N,12727.72665,E,2,12,65.9
2026-05-23 00:40:31,154031.00,3637.52313,N,12727.72823,E,2,12,66.0
2026-05-23 00:40:32,154032.00,3637.52307,N,12727.72897,E,2,12,66.0
2026-05-23 00:40:34,154034.00,3637.52314,N,12727.73030,E,2,12,65.9
2026-05-23 00:40:35,154035.00,3637.52325,N,12727.73087,E,2,12,66.0
2026-05-23 00:40:37,154037.00,3637.52303,N,12727.73250,E,2,12,66.3
2026-05-23 00:40:39,154039.00,3637.52306,N,12727.73418,E,2,12,66.4
2026-05-23 00:40:41,154041.00,3637.52327,N,12727.73541,E,2,12,66.4
2026-05-23 00:40:42,154042.00,3637.52335,N,12727.73612,E,2,12,66.4
2026-05-23 00:40:43,154043.00,3637.52337,N,12727.73694,E,2,12,66.4
2026-05-23 00:40:45,154045.00,3637.52364,N,12727.73849,E,2,12,66.3
2026-05-23 00:40:46,154046.00,3637.52379,N,12727.73913,E,2,12,66.2
2026-05-23 00:40:47,154047.00,3637.52393,N,12727.73969,E,2,12,66.2
2026-05-23 00:40:49,154049.00,3637.52397,N,12727.74126,E,2,12,66.4
2026-05-23 00:40:51,154051.00,3637.52442,N,12727.74276,E,2,12,66.4
2026-05-23 00:40:53,154053.00,3637.52498,N,12727.74379,E,2,12,66.3
2026-05-23 00:40:55,154055.00,3637.52538,N,12727.74521,E,2,12,66.1
2026-05-23 00:40:57,154057.00,3637.52573,N,12727.74652,E,2,12,66.4
2026-05-23 00:40:59,154059.00,3637.52642,N,12727.74755,E,2,12,66.3
2026-05-23 00:41:00,154100.00,3637.52673,N,12727.74810,E,2,12,66.3
2026-05-23 00:41:01,154101.00,3637.52701,N,12727.74868,E,2,12,66.0
2026-05-23 00:41:03,154103.00,3637.52770,N,12727.74987,E,2,12,66.0
2026-05-23 00:41:04,154104.00,3637.52799,N,12727.75044,E,2,12,65.9
2026-05-23 00:41:05,154105.00,3637.52827,N,12727.75100,E,2,12,66.2
2026-05-23 00:41:07,154107.00,3637.52894,N,12727.75224,E,2,12,66.1
2026-05-23 00:41:09,154109.00,3637.52980,N,12727.75323,E,2,12,66.0
2026-05-23 00:41:10,154110.00,3637.53021,N,12727.75364,E,2,12,66.1
2026-05-23 00:41:12,154112.00,3637.53111,N,12727.75473,E,2,12,65.9
2026-05-23 00:41:14,154114.00,3637.53194,N,12727.75566,E,2,12,65.6
2026-05-23 00:41:16,154116.00,3637.53274,N,12727.75627,E,2,12,65.5
2026-05-23 00:41:17,154117.00,3637.53316,N,12727.75675,E,2,12,65.4
2026-05-23 00:41:19,154119.00,3637.53396,N,12727.75785,E,2,12,65.4
2026-05-23 00:41:20,154120.00,3637.53428,N,12727.75813,E,2,12,65.2
2026-05-23 00:41:22,154122.00,3637.53500,N,12727.75890,E,2,12,65.5
2026-05-23 00:41:24,154124.00,3637.53610,N,12727.76012,E,2,12,65.7
2026-05-23 00:41:26,154126.00,3637.53703,N,12727.76061,E,2,12,65.8
2026-05-23 00:41:28,154128.00,3637.53808,N,12727.76119,E,2,12,65.8
2026-05-23 00:41:29,154129.00,3637.53866,N,12727.76170,E,2,12,66.1
2026-05-23 00:41:31,154131.00,3637.53975,N,12727.76206,E,2,12,66.2
2026-05-23 00:41:33,154133.00,3637.54069,N,12727.76251,E,2,12,66.2
2026-05-23 00:41:34,154134.00,3637.54130,N,12727.76270,E,2,12,66.0
2026-05-23 00:41:36,154136.00,3637.54242,N,12727.76318,E,2,12,66.2
2026-05-23 00:41:38,154138.00,3637.54330,N,12727.76342,E,2,12,66.3
2026-05-23 00:41:39,154139.00,3637.54383,N,12727.76363,E,2,12,66.3
2026-05-23 00:41:41,154141.00,3637.54479,N,12727.76391,E,2,12,66.0
2026-05-23 00:41:42,154142.00,3637.54522,N,12727.76391,E,2,12,65.9
2026-05-23 00:41:43,154143.00,3637.54576,N,12727.76409,E,2,12,66.0
2026-05-23 00:41:45,154145.00,3637.54677,N,12727.76395,E,2,12,66.0
2026-05-23 00:41:46,154146.00,3637.54721,N,12727.76399,E,2,12,66.1
2026-05-23 00:41:48,154148.00,3637.54844,N,12727.76422,E,2,12,66.4
2026-05-23 00:41:50,154150.00,3637.54946,N,12727.76407,E,2,12,66.4
2026-05-23 00:41:51,154151.00,3637.54999,N,12727.76412,E,2,12,66.6
2026-05-23 00:41:52,154152.00,3637.55061,N,12727.76415,E,2,12,66.6
2026-05-23 00:41:53,154153.00,3637.55122,N,12727.76401,E,2,12,66.7
2026-05-23 00:41:55,154155.00,3637.55219,N,12727.76361,E,2,12,66.4
2026-05-23 00:41:56,154156.00,3637.55263,N,12727.76348,E,2,12,66.4
2026-05-23 00:41:58,154158.00,3637.55376,N,12727.76324,E,2,12,66.4
2026-05-23 00:41:59,154159.00,3637.55432,N,12727.76299,E,2,12,66.4
2026-05-23 00:42:00,154200.00,3637.55483,N,12727.76275,E,2,12,66.4
2026-05-23 00:42:02,154202.00,3637.55570,N,12727.76225,E,2,12,66.5
2026-05-23 00:42:03,154203.00,3637.55634,N,12727.76210,E,2,12,66.8
2026-05-23 00:42:05,154205.00,3637.55720,N,12727.76162,E,2,12,66.8
2026-05-23 00:42:06,154206.00,3637.55760,N,12727.76138,E,2,12,66.9
2026-05-23 00:42:08,154208.00,3637.55883,N,12727.76090,E,2,12,66.9
2026-05-23 00:42:10,154210.00,3637.56001,N,12727.76014,E,2,12,66.9
2026-05-23 00:42:12,154212.00,3637.56068,N,12727.75934,E,2,12,66.6
2026-05-23 00:42:14,154214.00,3637.56175,N,12727.75869,E,2,12,66.6
2026-05-23 00:42:15,154215.00,3637.56228,N,12727.75824,E,2,12,66.7
2026-05-23 00:42:17,154217.00,3637.56288,N,12727.75711,E,2,12,66.5
2026-05-23 00:42:18,154218.00,3637.56318,N,12727.75667,E,2,12,66.6
2026-05-23 00:42:20,154220.00,3637.56411,N,12727.75564,E,2,12,66.7
2026-05-23 00:42:22,154222.00,3637.56501,N,12727.75444,E,2,12,66.6
2026-05-23 00:42:23,154223.00,3637.56528,N,12727.75398,E,2,12,66.4
2026-05-23 00:42:25,154225.00,3637.56601,N,12727.75311,E,2,12,66.3
2026-05-23 00:42:26,154226.00,3637.56647,N,12727.75276,E,2,12,66.2
2026-05-23 00:42:28,154228.00,3637.56685,N,12727.75264,E,2,12,66.1
2026-05-23 00:42:30,154230.00,3637.56701,N,12727.75240,E,2,12,66.3
2026-05-23 00:42:32,154232.00,3637.56746,N,12727.75169,E,2,12,66.1
2026-05-23 00:42:33,154233.00,3637.56776,N,12727.75126,E,2,12,66.0
2026-05-23 00:42:35,154235.00,3637.56840,N,12727.75025,E,2,12,66.1
2026-05-23 00:42:36,154236.00,3637.56870,N,12727.74974,E,2,12,66.1
2026-05-23 00:42:38,154238.00,3637.56939,N,12727.74842,E,2,12,66.1
2026-05-23 00:42:40,154240.00,3637.56996,N,12727.74705,E,2,12,65.9
2026-05-23 00:42:41,154241.00,3637.57023,N,12727.74644,E,2,12,65.9
2026-05-23 00:42:43,154243.00,3637.57091,N,12727.74542,E,2,12,66.0
2026-05-23 00:42:45,154245.00,3637.57175,N,12727.74413,E,2,12,66.1
2026-05-23 00:42:46,154246.00,3637.57207,N,12727.74353,E,2,12,65.9
2026-05-23 00:42:47,154247.00,3637.57224,N,12727.74306,E,2,12,65.6
2026-05-23 00:42:49,154249.00,3637.57284,N,12727.74199,E,2,12,65.5
2026-05-23 00:42:50,154250.00,3637.57319,N,12727.74137,E,2,12,65.5
2026-05-23 00:42:51,154251.00,3637.57350,N,12727.74073,E,2,12,65.5
2026-05-23 00:42:53,154253.00,3637.57405,N,12727.73956,E,2,12,65.5
2026-05-23 00:42:55,154255.00,3637.57490,N,12727.73852,E,2,12,65.6
2026-05-23 00:42:57,154257.00,3637.57595,N,12727.73733,E,2,12,65.8
2026-05-23 00:42:59,154259.00,3637.57645,N,12727.73598,E,2,12,65.8
2026-05-23 00:43:00,154300.00,3637.57672,N,12727.73545,E,2,12,65.7
2026-05-23 00:43:02,154302.00,3637.57743,N,12727.73415,E,2,12,65.8
2026-05-23 00:43:03,154303.00,3637.57775,N,12727.73348,E,2,12,65.9
2026-05-23 00:43:04,154304.00,3637.57803,N,12727.73281,E,2,12,66.0
2026-05-23 00:43:05,154305.00,3637.57832,N,12727.73220,E,2,12,65.9
2026-05-23 00:43:06,154306.00,3637.57864,N,12727.73167,E,2,12,66.0
2026-05-23 00:43:07,154307.00,3637.57905,N,12727.73107,E,2,12,66.1
2026-05-23 00:43:09,154309.00,3637.57990,N,12727.72973,E,2,12,66.0
2026-05-23 00:43:11,154311.00,3637.58063,N,12727.72843,E,2,12,66.1
2026-05-23 00:43:13,154313.00,3637.58128,N,12727.72745,E,2,12,66.2
2026-05-23 00:43:14,154314.00,3637.58166,N,12727.72696,E,2,12,66.3
2026-05-23 00:43:16,154316.00,3637.58281,N,12727.72572,E,2,12,66.3
2026-05-23 00:43:17,154317.00,3637.58314,N,12727.72504,E,2,12,66.3
2026-05-23 00:43:19,154319.00,3637.58369,N,12727.72383,E,2,12,66.2
2026-05-23 00:43:20,154320.00,3637.58400,N,12727.72329,E,2,12,66.3
2026-05-23 00:43:22,154322.00,3637.58496,N,12727.72196,E,2,12,66.3
2026-05-23 00:43:24,154324.00,3637.58555,N,12727.72062,E,2,12,66.2
2026-05-23 00:43:25,154325.00,3637.58571,N,12727.72008,E,2,12,66.0
2026-05-23 00:43:27,154327.00,3637.58626,N,12727.71892,E,2,12,66.0
2026-05-23 00:43:28,154328.00,3637.58674,N,12727.71825,E,2,12,66.0
2026-05-23 00:43:30,154330.00,3637.58746,N,12727.71687,E,2,12,66.0
2026-05-23 00:43:31,154331.00,3637.58771,N,12727.71629,E,2,12,65.7
2026-05-23 00:43:33,154333.00,3637.58843,N,12727.71529,E,2,12,66.0
2026-05-23 00:43:35,154335.00,3637.58949,N,12727.71409,E,2,12,66.2
2026-05-23 00:43:36,154336.00,3637.58988,N,12727.71344,E,2,12,66.3
2026-05-23 00:43:38,154338.00,3637.59055,N,12727.71236,E,2,12,66.3
2026-05-23 00:43:40,154340.00,3637.59120,N,12727.71111,E,2,12,66.3
2026-05-23 00:43:42,154342.00,3637.59204,N,12727.70970,E,2,12,66.5
2026-05-23 00:43:43,154343.00,3637.59232,N,12727.70911,E,2,12,66.4
2026-05-23 00:43:44,154344.00,3637.59249,N,12727.70854,E,2,12,66.3
2026-05-23 00:43:45,154345.00,3637.59270,N,12727.70799,E,2,12,66.1
2026-05-23 00:43:47,154347.00,3637.59315,N,12727.70665,E,2,12,66.0
2026-05-23 00:43:48,154348.00,3637.59347,N,12727.70599,E,2,12,66.0
2026-05-23 00:43:50,154350.00,3637.59407,N,12727.70470,E,2,12,66.1
2026-05-23 00:43:52,154352.00,3637.59473,N,12727.70356,E,2,12,65.8
2026-05-23 00:43:53,154353.00,3637.59509,N,12727.70290,E,2,12,65.8
2026-05-23 00:43:54,154354.00,3637.59547,N,12727.70215,E,2,12,65.8
2026-05-23 00:43:56,154356.00,3637.59585,N,12727.70086,E,2,12,65.6
2026-05-23 00:43:57,154357.00,3637.59611,N,12727.70033,E,2,12,65.5
2026-05-23 00:43:59,154359.00,3637.59692,N,12727.69899,E,2,12,65.5
2026-05-23 00:44:01,154401.00,3637.59750,N,12727.69745,E,2,12,65.6
2026-05-23 00:44:02,154402.00,3637.59764,N,12727.69673,E,2,12,65.5
2026-05-23 00:44:04,154404.00,3637.59788,N,12727.69560,E,2,12,65.7
2026-05-23 00:44:06,154406.00,3637.59847,N,12727.69422,E,2,12,65.8
2026-05-23 00:44:07,154407.00,3637.59867,N,12727.69342,E,2,12,66.0
2026-05-23 00:44:08,154408.00,3637.59876,N,12727.69275,E,2,12,65.9
2026-05-23 00:44:10,154410.00,3637.59907,N,12727.69143,E,2,12,66.0
2026-05-23 00:44:11,154411.00,3637.59928,N,12727.69071,E,2,12,65.9
2026-05-23 00:44:12,154412.00,3637.59947,N,12727.68996,E,2,12,65.9
2026-05-23 00:44:14,154414.00,3637.59940,N,12727.68852,E,2,12,65.8
2026-05-23 00:44:16,154416.00,3637.59924,N,12727.68718,E,2,12,65.8
2026-05-23 00:44:18,154418.00,3637.59928,N,12727.68563,E,2,12,65.6
2026-05-23 00:44:19,154419.00,3637.59928,N,12727.68484,E,2,12,65.6
2026-05-23 00:44:20,154420.00,3637.59919,N,12727.68417,E,2,12,65.4
2026-05-23 00:44:22,154422.00,3637.59902,N,12727.68298,E,2,12,65.1
2026-05-23 00:44:23,154423.00,3637.59895,N,12727.68226,E,2,12,65.0
2026-05-23 00:44:24,154424.00,3637.59885,N,12727.68144,E,2,12,65.0
2026-05-23 00:44:26,154426.00,3637.59842,N,12727.68021,E,2,12,65.0
2026-05-23 00:44:27,154427.00,3637.59803,N,12727.67972,E,2,12,65.3
2026-05-23 00:44:29,154429.00,3637.59794,N,12727.67812,E,2,12,65.4
2026-05-23 00:44:31,154431.00,3637.59766,N,12727.67682,E,2,12,65.3
2026-05-23 00:44:32,154432.00,3637.59740,N,12727.67636,E,2,12,65.0
2026-05-23 00:44:33,154433.00,3637.59711,N,12727.67580,E,2,12,64.6
2026-05-23 00:44:35,154435.00,3637.59667,N,12727.67436,E,2,12,64.6
2026-05-23 00:44:37,154437.00,3637.59614,N,12727.67302,E,2,12,65.1
2026-05-23 00:44:38,154438.00,3637.59585,N,12727.67250,E,2,12,65.1
2026-05-23 00:44:40,154440.00,3637.59527,N,12727.67119,E,2,12,65.0
2026-05-23 00:44:41,154441.00,3637.59489,N,12727.67050,E,2,12,64.8
2026-05-23 00:44:43,154443.00,3637.59418,N,12727.66921,E,2,12,64.8
2026-05-23 00:44:44,154444.00,3637.59382,N,12727.66875,E,2,12,64.8
2026-05-23 00:44:46,154446.00,3637.59317,N,12727.66748,E,2,12,64.8
2026-05-23 00:44:48,154448.00,3637.59231,N,12727.66622,E,2,12,65.0
2026-05-23 00:44:50,154450.00,3637.59148,N,12727.66531,E,2,12,64.7
2026-05-23 00:44:51,154451.00,3637.59112,N,12727.66499,E,2,12,64.7
2026-05-23 00:44:52,154452.00,3637.59071,N,12727.66457,E,2,12,64.6
2026-05-23 00:44:54,154454.00,3637.58965,N,12727.66344,E,2,12,64.5
2026-05-23 00:44:56,154456.00,3637.58870,N,12727.66267,E,2,12,64.2
2026-05-23 00:44:58,154458.00,3637.58782,N,12727.66228,E,2,12,64.3
2026-05-23 00:45:00,154500.00,3637.58681,N,12727.66132,E,2,12,64.3
2026-05-23 00:45:02,154502.00,3637.58588,N,12727.66076,E,2,12,64.1
2026-05-23 00:45:04,154504.00,3637.58553,N,12727.66037,E,2,12,63.6
2026-05-23 00:45:05,154505.00,3637.58521,N,12727.65994,E,2,12,63.5
2026-05-23 00:45:07,154507.00,3637.58421,N,12727.65893,E,2,12,63.4
2026-05-23 00:45:08,154508.00,3637.58367,N,12727.65848,E,2,12,63.3
2026-05-23 00:45:09,154509.00,3637.58311,N,12727.65804,E,2,12,63.3
2026-05-23 00:45:11,154511.00,3637.58207,N,12727.65736,E,2,12,63.1
2026-05-23 00:45:12,154512.00,3637.58156,N,12727.65713,E,2,12,63.2
2026-05-23 00:45:13,154513.00,3637.58099,N,12727.65687,E,2,12,63.1
2026-05-23 00:45:15,154515.00,3637.57972,N,12727.65647,E,2,12,63.1
2026-05-23 00:45:16,154516.00,3637.57906,N,12727.65638,E,2,12,63.1
2026-05-23 00:45:18,154518.00,3637.57793,N,12727.65640,E,2,12,63.1
2026-05-23 00:45:19,154519.00,3637.57745,N,12727.65637,E,2,12,63.3
2026-05-23 00:45:20,154520.00,3637.57685,N,12727.65638,E,2,12,63.4
2026-05-23 00:45:21,154521.00,3637.57618,N,12727.65632,E,2,12,63.2
2026-05-23 00:45:23,154523.00,3637.57492,N,12727.65621,E,2,12,63.3
2026-05-23 00:45:24,154524.00,3637.57457,N,12727.65627,E,2,12,63.3
