PC_Time,UTC_Time,Latitude_NMEA,Lat_Direction,Longitude_NMEA,Lon_Direction,Fix,Satellites,Altitude_m
2026-05-16 22:57:31,135731.00,3637.49219,N,12727.80044,E,1,11,73.8
2026-05-16 22:57:33,135733.00,3637.49209,N,12727.80044,E,1,11,73.9
2026-05-16 22:57:35,135735.00,3637.49203,N,12727.80042,E,1,11,73.9
2026-05-16 22:57:36,135736.00,3637.49200,N,12727.80040,E,1,11,73.9
2026-05-16 22:57:38,135738.00,3637.49196,N,12727.80039,E,1,11,74.0
2026-05-16 22:57:39,135739.00,3637.49194,N,12727.80036,E,1,11,74.0
2026-05-16 22:57:41,135741.00,3637.49193,N,12727.80033,E,1,11,73.9
2026-05-16 22:57:43,135743.00,3637.49192,N,12727.80030,E,1,11,73.8
2026-05-16 22:57:45,135745.00,3637.49192,N,12727.80027,E,1,12,73.8
2026-05-16 22:57:47,135747.00,3637.49190,N,12727.80026,E,1,12,73.8
2026-05-16 22:57:49,135749.00,3637.49187,N,12727.80022,E,1,12,73.7
2026-05-16 22:57:51,135751.00,3637.49183,N,12727.80020,E,1,12,73.8
2026-05-16 22:57:53,135753.00,3637.49183,N,12727.80019,E,1,12,74.1
2026-05-16 22:57:55,135755.00,3637.49193,N,12727.79957,E,1,12,72.3
2026-05-16 22:57:57,135757.00,3637.49138,N,12727.79906,E,1,12,72.0
2026-05-16 22:57:59,135759.00,3637.49136,N,12727.79900,E,1,12,71.7
2026-05-16 22:58:01,135801.00,3637.49137,N,12727.79893,E,1,12,71.3
2026-05-16 22:58:03,135803.00,3637.49135,N,12727.79885,E,1,12,71.1
2026-05-16 22:58:05,135805.00,3637.49135,N,12727.79867,E,1,12,70.4
2026-05-16 22:58:07,135807.00,3637.49136,N,12727.79859,E,1,12,69.8
2026-05-16 22:58:09,135809.00,3637.49130,N,12727.79864,E,1,12,70.0
2026-05-16 22:58:11,135811.00,3637.49126,N,12727.79870,E,1,12,69.9
2026-05-16 22:58:13,135813.00,3637.49102,N,12727.79821,E,1,12,70.0
2026-05-16 22:58:14,135814.00,3637.49071,N,12727.79757,E,1,12,69.9
2026-05-16 22:58:16,135816.00,3637.49014,N,12727.79645,E,1,12,70.0
2026-05-16 22:58:18,135818.00,3637.48959,N,12727.79591,E,1,12,70.2
2026-05-16 22:58:20,135820.00,3637.49005,N,12727.79490,E,1,12,70.2
2026-05-16 22:58:22,135822.00,3637.49058,N,12727.79379,E,1,12,69.5
2026-05-16 22:58:23,135823.00,3637.49065,N,12727.79299,E,1,12,69.1
2026-05-16 22:58:25,135825.00,3637.49087,N,12727.79175,E,1,12,68.9
2026-05-16 22:58:27,135827.00,3637.49112,N,12727.79044,E,1,12,68.6
2026-05-16 22:58:29,135829.00,3637.49119,N,12727.78945,E,1,12,68.8
2026-05-16 22:58:30,135830.00,3637.49137,N,12727.78892,E,1,12,68.7
2026-05-16 22:58:32,135832.00,3637.49170,N,12727.78791,E,1,12,68.9
2026-05-16 22:58:33,135833.00,3637.49175,N,12727.78728,E,1,12,69.0
2026-05-16 22:58:34,135834.00,3637.49180,N,12727.78668,E,1,12,69.3
2026-05-16 22:58:36,135836.00,3637.49178,N,12727.78529,E,1,12,69.6
2026-05-16 22:58:37,135837.00,3637.49202,N,12727.78473,E,1,12,69.2
2026-05-16 22:58:38,135838.00,3637.49227,N,12727.78410,E,1,12,68.9
2026-05-16 22:58:40,135840.00,3637.49269,N,12727.78235,E,1,12,68.4
2026-05-16 22:58:42,135842.00,3637.49290,N,12727.78123,E,1,12,68.8
2026-05-16 22:58:43,135843.00,3637.49296,N,12727.78058,E,1,12,68.8
2026-05-16 22:58:45,135845.00,3637.49317,N,12727.77924,E,1,12,68.9
2026-05-16 22:58:47,135847.00,3637.49348,N,12727.77811,E,1,12,69.0
2026-05-16 22:58:48,135848.00,3637.49362,N,12727.77753,E,1,12,69.0
2026-05-16 22:58:50,135850.00,3637.49364,N,12727.77611,E,1,12,68.9
2026-05-16 22:58:51,135851.00,3637.49360,N,12727.77542,E,1,12,68.7
2026-05-16 22:58:53,135853.00,3637.49370,N,12727.77428,E,1,12,68.4
2026-05-16 22:58:55,135855.00,3637.49411,N,12727.77252,E,1,12,68.1
2026-05-16 22:58:56,135856.00,3637.49419,N,12727.77181,E,1,12,68.1
2026-05-16 22:58:57,135857.00,3637.49414,N,12727.77119,E,1,12,68.1
2026-05-16 22:58:59,135859.00,3637.49440,N,12727.76991,E,1,12,68.2
2026-05-16 22:59:00,135900.00,3637.49455,N,12727.76918,E,1,12,68.5
2026-05-16 22:59:01,135901.00,3637.49462,N,12727.76865,E,1,12,68.4
2026-05-16 22:59:03,135903.00,3637.49467,N,12727.76740,E,1,12,68.2
2026-05-16 22:59:05,135905.00,3637.49458,N,12727.76594,E,1,12,68.1
2026-05-16 22:59:06,135906.00,3637.49460,N,12727.76534,E,1,12,68.1
2026-05-16 22:59:07,135907.00,3637.49463,N,12727.76482,E,1,12,68.0
2026-05-16 22:59:09,135909.00,3637.49476,N,12727.76368,E,1,12,68.2
2026-05-16 22:59:11,135911.00,3637.49499,N,12727.76240,E,1,12,67.9
2026-05-16 22:59:13,135913.00,3637.49514,N,12727.76112,E,1,12,67.9
2026-05-16 22:59:14,135914.00,3637.49530,N,12727.76035,E,1,12,67.8
2026-05-16 22:59:15,135915.00,3637.49545,N,12727.75962,E,1,12,67.6
2026-05-16 22:59:17,135917.00,3637.49572,N,12727.75824,E,1,12,67.4
2026-05-16 22:59:18,135918.00,3637.49591,N,12727.75760,E,1,12,67.4
2026-05-16 22:59:20,135920.00,3637.49676,N,12727.75616,E,1,12,66.4
2026-05-16 22:59:21,135921.00,3637.49716,N,12727.75545,E,1,12,66.6
2026-05-16 22:59:22,135922.00,3637.49750,N,12727.75471,E,1,12,66.8
2026-05-16 22:59:24,135924.00,3637.49807,N,12727.75336,E,1,12,66.7
2026-05-16 22:59:26,135926.00,3637.49884,N,12727.75273,E,1,12,66.4
2026-05-16 22:59:27,135927.00,3637.49930,N,12727.75231,E,1,12,66.5
2026-05-16 22:59:28,135928.00,3637.49994,N,12727.75185,E,1,12,66.4
2026-05-16 22:59:29,135929.00,3637.50046,N,12727.75157,E,1,12,66.7
2026-05-16 22:59:30,135930.00,3637.50108,N,12727.75157,E,1,12,66.3
2026-05-16 22:59:32,135932.00,3637.50210,N,12727.75174,E,1,12,65.7
2026-05-16 22:59:34,135934.00,3637.50317,N,12727.75159,E,1,12,65.3
2026-05-16 22:59:36,135936.00,3637.50426,N,12727.75120,E,1,12,64.6
2026-05-16 22:59:37,135937.00,3637.50475,N,12727.75108,E,1,12,64.2
2026-05-16 22:59:39,135939.00,3637.50549,N,12727.75078,E,1,12,63.9
2026-05-16 22:59:40,135940.00,3637.50595,N,12727.75064,E,1,12,63.4
2026-05-16 22:59:42,135942.00,3637.50680,N,12727.75049,E,1,12,62.8
2026-05-16 22:59:44,135944.00,3637.50750,N,12727.75001,E,1,12,62.4
2026-05-16 22:59:45,135945.00,3637.50780,N,12727.74978,E,1,12,62.5
2026-05-16 22:59:47,135947.00,3637.50864,N,12727.74977,E,1,12,61.3
2026-05-16 22:59:49,135949.00,3637.50926,N,12727.74951,E,1,12,60.8
2026-05-16 22:59:51,135951.00,3637.50990,N,12727.74949,E,1,12,60.1
2026-05-16 22:59:53,135953.00,3637.51057,N,12727.74935,E,1,12,59.5
2026-05-16 22:59:55,135955.00,3637.51157,N,12727.74911,E,1,12,58.8
2026-05-16 22:59:56,135956.00,3637.51210,N,12727.74897,E,1,12,57.7
2026-05-16 22:59:57,135957.00,3637.51282,N,12727.74902,E,1,12,57.6
2026-05-16 22:59:58,135958.00,3637.51343,N,12727.74889,E,1,12,57.5
2026-05-16 23:00:00,140000.00,3637.51446,N,12727.74829,E,1,12,57.3
2026-05-16 23:00:02,140002.00,3637.51539,N,12727.74784,E,1,12,57.3
2026-05-16 23:00:04,140004.00,3637.51649,N,12727.74757,E,1,12,57.1
2026-05-16 23:00:05,140005.00,3637.51695,N,12727.74750,E,1,12,56.9
2026-05-16 23:00:07,140007.00,3637.51787,N,12727.74733,E,1,12,56.9
2026-05-16 23:00:08,140008.00,3637.51837,N,12727.74724,E,1,12,56.7
2026-05-16 23:00:09,140009.00,3637.51896,N,12727.74704,E,1,12,56.9
2026-05-16 23:00:11,140011.00,3637.51998,N,12727.74717,E,1,12,57.3
2026-05-16 23:00:12,140012.00,3637.52045,N,12727.74748,E,1,12,57.1
2026-05-16 23:00:14,140014.00,3637.52130,N,12727.74835,E,1,12,57.3
2026-05-16 23:00:16,140016.00,3637.52216,N,12727.74922,E,1,12,57.9
2026-05-16 23:00:17,140017.00,3637.52249,N,12727.74972,E,1,12,57.8
2026-05-16 23:00:18,140018.00,3637.52274,N,12727.75009,E,2,12,57.8
2026-05-16 23:00:20,140020.00,3637.52334,N,12727.75077,E,2,12,58.4
2026-05-16 23:00:21,140021.00,3637.52363,N,12727.75121,E,2,12,58.7
2026-05-16 23:00:22,140022.00,3637.52391,N,12727.75168,E,2,12,58.7
2026-05-16 23:00:24,140024.00,3637.52434,N,12727.75275,E,2,12,59.1
2026-05-16 23:00:26,140026.00,3637.52500,N,12727.75383,E,1,12,59.8
2026-05-16 23:00:28,140028.00,3637.52574,N,12727.75460,E,2,12,59.8
2026-05-16 23:00:30,140030.00,3637.52650,N,12727.75511,E,2,12,59.9
2026-05-16 23:00:32,140032.00,3637.52749,N,12727.75541,E,1,12,60.2
2026-05-16 23:00:34,140034.00,3637.52866,N,12727.75576,E,2,12,60.1
2026-05-16 23:00:35,140035.00,3637.52924,N,12727.75595,E,2,12,60.3
2026-05-16 23:00:36,140036.00,3637.52980,N,12727.75613,E,2,12,60.2
2026-05-16 23:00:38,140038.00,3637.53078,N,12727.75659,E,2,12,60.1
2026-05-16 23:00:40,140040.00,3637.53181,N,12727.75753,E,2,12,60.4
2026-05-16 23:00:41,140041.00,3637.53238,N,12727.75788,E,2,12,60.7
2026-05-16 23:00:43,140043.00,3637.53342,N,12727.75844,E,1,12,60.7
2026-05-16 23:00:44,140044.00,3637.53396,N,12727.75887,E,1,12,60.8
2026-05-16 23:00:46,140046.00,3637.53498,N,12727.75977,E,1,12,61.0
2026-05-16 23:00:48,140048.00,3637.53609,N,12727.76025,E,1,12,60.9
2026-05-16 23:00:49,140049.00,3637.53659,N,12727.76043,E,1,12,61.0
2026-05-16 23:00:51,140051.00,3637.53764,N,12727.76106,E,1,12,61.1
2026-05-16 23:00:52,140052.00,3637.53821,N,12727.76145,E,1,12,61.4
2026-05-16 23:00:53,140053.00,3637.53873,N,12727.76171,E,2,12,61.4
2026-05-16 23:00:54,140054.00,3637.53920,N,12727.76199,E,2,12,61.3
2026-05-16 23:00:56,140056.00,3637.54011,N,12727.76247,E,2,12,61.2
2026-05-16 23:00:57,140057.00,3637.54073,N,12727.76280,E,2,12,61.3
2026-05-16 23:00:59,140059.00,3637.54173,N,12727.76299,E,2,12,61.4
2026-05-16 23:01:01,140101.00,3637.54273,N,12727.76314,E,2,12,61.4
2026-05-16 23:01:03,140103.00,3637.54382,N,12727.76341,E,1,12,61.4
2026-05-16 23:01:04,140104.00,3637.54435,N,12727.76354,E,1,12,61.4
2026-05-16 23:01:05,140105.00,3637.54482,N,12727.76361,E,2,12,61.5
2026-05-16 23:01:07,140107.00,3637.54596,N,12727.76360,E,1,12,61.4
2026-05-16 23:01:08,140108.00,3637.54656,N,12727.76365,E,1,12,61.5
2026-05-16 23:01:09,140109.00,3637.54707,N,12727.76366,E,2,12,61.4
2026-05-16 23:01:10,140110.00,3637.54760,N,12727.76370,E,2,12,61.5
2026-05-16 23:01:12,140112.00,3637.54865,N,12727.76384,E,2,12,61.5
2026-05-16 23:01:14,140114.00,3637.54954,N,12727.76357,E,2,12,61.3
2026-05-16 23:01:16,140116.00,3637.55059,N,12727.76337,E,2,12,61.6
2026-05-16 23:01:17,140117.00,3637.55125,N,12727.76339,E,2,12,61.8
2026-05-16 23:01:18,140118.00,3637.55196,N,12727.76336,E,2,12,62.0
2026-05-16 23:01:20,140120.00,3637.55298,N,12727.76297,E,2,12,61.6
2026-05-16 23:01:21,140121.00,3637.55351,N,12727.76277,E,2,12,61.8
2026-05-16 23:01:23,140123.00,3637.55475,N,12727.76239,E,2,12,61.9
2026-05-16 23:01:24,140124.00,3637.55536,N,12727.76220,E,2,12,62.2
2026-05-16 23:01:25,140125.00,3637.55590,N,12727.76203,E,2,12,62.1
2026-05-16 23:01:26,140126.00,3637.55632,N,12727.76181,E,2,12,62.2
2026-05-16 23:01:28,140128.00,3637.55743,N,12727.76140,E,2,12,62.3
2026-05-16 23:01:29,140129.00,3637.55806,N,12727.76115,E,2,12,62.3
2026-05-16 23:01:30,140130.00,3637.55864,N,12727.76083,E,2,12,62.3
2026-05-16 23:01:32,140132.00,3637.55958,N,12727.76015,E,2,12,62.2
2026-05-16 23:01:33,140133.00,3637.56007,N,12727.75992,E,2,12,62.3
2026-05-16 23:01:35,140135.00,3637.56119,N,12727.75938,E,2,12,62.3
2026-05-16 23:01:37,140137.00,3637.56224,N,12727.75861,E,2,12,62.5
2026-05-16 23:01:39,140139.00,3637.56295,N,12727.75778,E,2,12,62.3
2026-05-16 23:01:40,140140.00,3637.56337,N,12727.75739,E,2,12,62.4
2026-05-16 23:01:42,140142.00,3637.56427,N,12727.75659,E,2,12,62.5
2026-05-16 23:01:44,140144.00,3637.56492,N,12727.75553,E,2,12,62.7
2026-05-16 23:01:45,140145.00,3637.56530,N,12727.75500,E,2,12,62.9
2026-05-16 23:01:46,140146.00,3637.56564,N,12727.75450,E,2,12,62.9
2026-05-16 23:01:48,140148.00,3637.56656,N,12727.75359,E,2,12,63.0
2026-05-16 23:01:50,140150.00,3637.56711,N,12727.75244,E,2,12,62.9
2026-05-16 23:01:51,140151.00,3637.56750,N,12727.75205,E,2,12,63.0
2026-05-16 23:01:53,140153.00,3637.56835,N,12727.75095,E,2,12,63.0
2026-05-16 23:01:54,140154.00,3637.56871,N,12727.75030,E,2,12,63.0
2026-05-16 23:01:56,140156.00,3637.56923,N,12727.74915,E,2,12,62.7
2026-05-16 23:01:57,140157.00,3637.56953,N,12727.74857,E,2,12,62.8
2026-05-16 23:01:59,140159.00,3637.57025,N,12727.74737,E,2,12,63.0
2026-05-16 23:02:01,140201.00,3637.57097,N,12727.74609,E,2,12,63.1
2026-05-16 23:02:03,140203.00,3637.57152,N,12727.74516,E,2,12,63.4
2026-05-16 23:02:04,140204.00,3637.57192,N,12727.74461,E,2,12,63.3
2026-05-16 23:02:06,140206.00,3637.57263,N,12727.74349,E,2,12,63.7
2026-05-16 23:02:08,140208.00,3637.57321,N,12727.74248,E,2,12,63.8
2026-05-16 23:02:10,140210.00,3637.57376,N,12727.74137,E,2,12,63.8
2026-05-16 23:02:11,140211.00,3637.57419,N,12727.74092,E,2,12,63.8
2026-05-16 23:02:12,140212.00,3637.57452,N,12727.74038,E,2,12,64.0
2026-05-16 23:02:13,140213.00,3637.57475,N,12727.73987,E,2,12,64.1
2026-05-16 23:02:15,140215.00,3637.57556,N,12727.73884,E,2,12,64.4
2026-05-16 23:02:17,140217.00,3637.57634,N,12727.73771,E,2,12,64.4
2026-05-16 23:02:19,140219.00,3637.57699,N,12727.73672,E,2,12,64.6
2026-05-16 23:02:20,140220.00,3637.57720,N,12727.73606,E,2,12,64.4
2026-05-16 23:02:22,140222.00,3637.57784,N,12727.73494,E,2,12,64.4
2026-05-16 23:02:23,140223.00,3637.57813,N,12727.73439,E,2,12,64.4
2026-05-16 23:02:25,140225.00,3637.57878,N,12727.73337,E,2,12,64.4
2026-05-16 23:02:27,140227.00,3637.57953,N,12727.73221,E,2,12,64.6
2026-05-16 23:02:29,140229.00,3637.58011,N,12727.73112,E,2,12,64.5
2026-05-16 23:02:30,140230.00,3637.58042,N,12727.73059,E,2,12,64.6
2026-05-16 23:02:31,140231.00,3637.58081,N,12727.73010,E,2,12,64.6
2026-05-16 23:02:33,140233.00,3637.58150,N,12727.72920,E,2,12,64.6
2026-05-16 23:02:35,140235.00,3637.58212,N,12727.72828,E,2,12,64.7
2026-05-16 23:02:37,140237.00,3637.58289,N,12727.72726,E,2,12,64.8
2026-05-16 23:02:38,140238.00,3637.58322,N,12727.72673,E,2,12,64.7
2026-05-16 23:02:39,140239.00,3637.58354,N,12727.72628,E,2,12,64.9
2026-05-16 23:02:41,140241.00,3637.58420,N,12727.72520,E,2,12,64.9
2026-05-16 23:02:43,140243.00,3637.58478,N,12727.72398,E,2,12,64.7
2026-05-16 23:02:44,140244.00,3637.58507,N,12727.72347,E,2,12,64.8
2026-05-16 23:02:46,140246.00,3637.58569,N,12727.72227,E,2,12,64.7
2026-05-16 23:02:47,140247.00,3637.58600,N,12727.72165,E,2,12,64.9
2026-05-16 23:02:48,140248.00,3637.58626,N,12727.72109,E,2,12,64.8
2026-05-16 23:02:50,140250.00,3637.58677,N,12727.71996,E,2,12,64.7
2026-05-16 23:02:52,140252.00,3637.58742,N,12727.71882,E,2,12,64.5
2026-05-16 23:02:54,140254.00,3637.58811,N,12727.71768,E,2,12,64.3
2026-05-16 23:02:56,140256.00,3637.58850,N,12727.71725,E,2,12,64.2
2026-05-16 23:02:58,140258.00,3637.58853,N,12727.71722,E,2,12,64.2
2026-05-16 23:02:59,140259.00,3637.58852,N,12727.71721,E,2,12,64.2
2026-05-16 23:03:01,140301.00,3637.58910,N,12727.71675,E,2,12,64.3
2026-05-16 23:03:02,140302.00,3637.58950,N,12727.71625,E,2,12,64.2
2026-05-16 23:03:03,140303.00,3637.58987,N,12727.71575,E,2,12,64.1
2026-05-16 23:03:05,140305.00,3637.59044,N,12727.71474,E,2,12,63.8
2026-05-16 23:03:06,140306.00,3637.59080,N,12727.71416,E,2,12,63.7
2026-05-16 23:03:08,140308.00,3637.59154,N,12727.71300,E,2,12,64.0
2026-05-16 23:03:10,140310.00,3637.59205,N,12727.71190,E,2,12,63.2
2026-05-16 23:03:11,140311.00,3637.59231,N,12727.71140,E,2,12,63.2
2026-05-16 23:03:13,140313.00,3637.59312,N,12727.71023,E,2,12,63.4
2026-05-16 23:03:14,140314.00,3637.59336,N,12727.70962,E,2,12,63.2
2026-05-16 23:03:16,140316.00,3637.59387,N,12727.70836,E,2,12,63.1
2026-05-16 23:03:17,140317.00,3637.59406,N,12727.70779,E,2,12,63.0
2026-05-16 23:03:19,140319.00,3637.59483,N,12727.70660,E,2,12,63.0
2026-05-16 23:03:20,140320.00,3637.59514,N,12727.70597,E,2,12,63.1
2026-05-16 23:03:22,140322.00,3637.59572,N,12727.70481,E,2,12,62.9
2026-05-16 23:03:23,140323.00,3637.59597,N,12727.70424,E,2,12,63.0
2026-05-16 23:03:24,140324.00,3637.59621,N,12727.70367,E,2,12,63.1
2026-05-16 23:03:25,140325.00,3637.59656,N,12727.70304,E,1,12,63.0
2026-05-16 23:03:27,140327.00,3637.59706,N,12727.70161,E,2,12,63.4
2026-05-16 23:03:28,140328.00,3637.59725,N,12727.70096,E,1,12,63.4
2026-05-16 23:03:30,140330.00,3637.59772,N,12727.69974,E,2,12,63.5
2026-05-16 23:03:32,140332.00,3637.59836,N,12727.69832,E,2,12,63.7
2026-05-16 23:03:33,140333.00,3637.59852,N,12727.69760,E,2,12,63.6
2026-05-16 23:03:35,140335.00,3637.59872,N,12727.69634,E,2,12,63.4
2026-05-16 23:03:37,140337.00,3637.59906,N,12727.69504,E,2,12,63.7
2026-05-16 23:03:38,140338.00,3637.59918,N,12727.69443,E,2,12,63.7
2026-05-16 23:03:39,140339.00,3637.59923,N,12727.69392,E,2,12,63.7
2026-05-16 23:03:41,140341.00,3637.59919,N,12727.69302,E,2,12,64.5
2026-05-16 23:03:42,140342.00,3637.59921,N,12727.69242,E,1,12,64.5
2026-05-16 23:03:44,140344.00,3637.59945,N,12727.69126,E,2,12,64.4
2026-05-16 23:03:46,140346.00,3637.59966,N,12727.69033,E,2,12,64.3
2026-05-16 23:03:48,140348.00,3637.59975,N,12727.68902,E,2,12,64.3
2026-05-16 23:03:50,140350.00,3637.59976,N,12727.68789,E,2,12,64.6
2026-05-16 23:03:52,140352.00,3637.59961,N,12727.68657,E,2,12,64.7
2026-05-16 23:03:54,140354.00,3637.59951,N,12727.68527,E,2,12,64.7
2026-05-16 23:03:55,140355.00,3637.59952,N,12727.68459,E,2,12,65.0
2026-05-16 23:03:57,140357.00,3637.59965,N,12727.68295,E,2,12,64.9
2026-05-16 23:03:59,140359.00,3637.59924,N,12727.68152,E,2,12,65.1
2026-05-16 23:04:00,140400.00,3637.59908,N,12727.68093,E,2,12,65.0
2026-05-16 23:04:02,140402.00,3637.59885,N,12727.67960,E,2,12,64.9
2026-05-16 23:04:04,140404.00,3637.59866,N,12727.67834,E,2,12,65.1
2026-05-16 23:04:06,140406.00,3637.59834,N,12727.67730,E,2,12,65.0
2026-05-16 23:04:08,140408.00,3637.59792,N,12727.67592,E,2,12,64.9
2026-05-16 23:04:10,140410.00,3637.59736,N,12727.67474,E,2,12,64.9
2026-05-16 23:04:11,140411.00,3637.59722,N,12727.67426,E,2,12,65.2
2026-05-16 23:04:12,140412.00,3637.59711,N,12727.67378,E,2,12,65.2
2026-05-16 23:04:14,140414.00,3637.59680,N,12727.67234,E,2,12,64.9
2026-05-16 23:04:15,140415.00,3637.59643,N,12727.67187,E,2,12,64.9
2026-05-16 23:04:17,140417.00,3637.59585,N,12727.67069,E,2,12,64.9
2026-05-16 23:04:18,140418.00,3637.59554,N,12727.67010,E,2,12,64.8
2026-05-16 23:04:20,140420.00,3637.59496,N,12727.66872,E,2,12,64.8
2026-05-16 23:04:22,140422.00,3637.59407,N,12727.66784,E,2,12,65.0
2026-05-16 23:04:24,140424.00,3637.59334,N,12727.66685,E,2,12,65.3
2026-05-16 23:04:26,140426.00,3637.59245,N,12727.66582,E,2,12,65.3
2026-05-16 23:04:27,140427.00,3637.59207,N,12727.66548,E,2,12,65.2
2026-05-16 23:04:29,140429.00,3637.59123,N,12727.66479,E,2,12,65.3
2026-05-16 23:04:30,140430.00,3637.59077,N,12727.66427,E,2,12,65.3
2026-05-16 23:04:32,140432.00,3637.58989,N,12727.66329,E,2,12,65.1
2026-05-16 23:04:34,140434.00,3637.58892,N,12727.66244,E,2,12,65.0
2026-05-16 23:04:36,140436.00,3637.58779,N,12727.66138,E,2,12,65.1
2026-05-16 23:04:38,140438.00,3637.58668,N,12727.66039,E,2,12,65.4
2026-05-16 23:04:39,140439.00,3637.58620,N,12727.66024,E,2,12,65.2
2026-05-16 23:04:41,140441.00,3637.58524,N,12727.65975,E,2,12,65.2
2026-05-16 23:04:43,140443.00,3637.58438,N,12727.65914,E,2,12,65.1
2026-05-16 23:04:44,140444.00,3637.58383,N,12727.65887,E,2,12,65.1
2026-05-16 23:04:46,140446.00,3637.58284,N,12727.65859,E,2,12,65.3
2026-05-16 23:04:48,140448.00,3637.58177,N,12727.65821,E,2,12,65.2
2026-05-16 23:04:50,140450.00,3637.58060,N,12727.65776,E,2,12,65.3
2026-05-16 23:04:51,140451.00,3637.58007,N,12727.65772,E,2,12,65.3
2026-05-16 23:04:53,140453.00,3637.57902,N,12727.65757,E,2,12,65.3
2026-05-16 23:04:54,140454.00,3637.57837,N,12727.65732,E,2,12,65.6
2026-05-16 23:04:56,140456.00,3637.57707,N,12727.65710,E,2,12,65.7
2026-05-16 23:04:58,140458.00,3637.57597,N,12727.65725,E,1,12,65.9
2026-05-16 23:04:59,140459.00,3637.57541,N,12727.65726,E,1,12,65.8
2026-05-16 23:05:01,140501.00,3637.57423,N,12727.65728,E,1,12,65.8
2026-05-16 23:05:03,140503.00,3637.57318,N,12727.65704,E,1,12,65.5
2026-05-16 23:05:04,140504.00,3637.57269,N,12727.65698,E,1,12,65.5
2026-05-16 23:05:05,140505.00,3637.57216,N,12727.65704,E,1,12,65.5
2026-05-16 23:05:07,140507.00,3637.57105,N,12727.65711,E,1,12,65.4
2026-05-16 23:05:08,140508.00,3637.57057,N,12727.65715,E,1,12,65.3
2026-05-16 23:05:09,140509.00,3637.57006,N,12727.65732,E,1,12,65.4
2026-05-16 23:05:11,140511.00,3637.56895,N,12727.65772,E,1,12,65.7
2026-05-16 23:05:12,140512.00,3637.56841,N,12727.65792,E,1,12,65.4
2026-05-16 23:05:13,140513.00,3637.56793,N,12727.65819,E,1,12,65.4
2026-05-16 23:05:15,140515.00,3637.56695,N,12727.65862,E,1,12,65.5
2026-05-16 23:05:17,140517.00,3637.56571,N,12727.65889,E,1,12,65.6
2026-05-16 23:05:19,140519.00,3637.56465,N,12727.65947,E,1,12,65.5
2026-05-16 23:05:20,140520.00,3637.56423,N,12727.65989,E,1,12,65.6
2026-05-16 23:05:22,140522.00,3637.56327,N,12727.66042,E,1,12,65.5
2026-05-16 23:05:23,140523.00,3637.56281,N,12727.66062,E,1,12,65.3
2026-05-16 23:05:25,140525.00,3637.56203,N,12727.66123,E,1,12,65.2
2026-05-16 23:05:26,140526.00,3637.56160,N,12727.66152,E,1,12,65.1
2026-05-16 23:05:28,140528.00,3637.56045,N,12727.66224,E,1,12,65.3
2026-05-16 23:05:30,140530.00,3637.55952,N,12727.66305,E,1,12,65.3
2026-05-16 23:05:31,140531.00,3637.55915,N,12727.66354,E,1,12,65.5
2026-05-16 23:05:33,140533.00,3637.55842,N,12727.66428,E,1,12,65.7
2026-05-16 23:05:35,140535.00,3637.55768,N,12727.66516,E,1,12,65.9
2026-05-16 23:05:36,140536.00,3637.55743,N,12727.66565,E,1,12,65.8
2026-05-16 23:05:37,140537.00,3637.55713,N,12727.66608,E,1,12,65.9
2026-05-16 23:05:39,140539.00,3637.55647,N,12727.66709,E,1,12,66.0
2026-05-16 23:05:40,140540.00,3637.55603,N,12727.66764,E,1,12,66.2
2026-05-16 23:05:41,140541.00,3637.55567,N,12727.66803,E,2,12,66.5
2026-05-16 23:05:43,140543.00,3637.55500,N,12727.66906,E,1,12,66.6
2026-05-16 23:05:44,140544.00,3637.55467,N,12727.66962,E,1,12,66.7
2026-05-16 23:05:45,140545.00,3637.55430,N,12727.67016,E,1,12,66.9
2026-05-16 23:05:47,140547.00,3637.55366,N,12727.67098,E,1,12,66.5
2026-05-16 23:05:48,140548.00,3637.55330,N,12727.67142,E,1,12,66.6
2026-05-16 23:05:49,140549.00,3637.55296,N,12727.67189,E,1,12,66.5
2026-05-16 23:05:50,140550.00,3637.55257,N,12727.67235,E,2,12,66.7
2026-05-16 23:05:52,140552.00,3637.55184,N,12727.67337,E,2,12,66.7
2026-05-16 23:05:54,140554.00,3637.55120,N,12727.67440,E,1,12,66.5
2026-05-16 23:05:56,140556.00,3637.55054,N,12727.67554,E,1,12,66.8
2026-05-16 23:05:58,140558.00,3637.54993,N,12727.67656,E,1,12,66.6
2026-05-16 23:05:59,140559.00,3637.54958,N,12727.67712,E,1,12,66.6
2026-05-16 23:06:00,140600.00,3637.54920,N,12727.67771,E,1,12,66.5
2026-05-16 23:06:01,140601.00,3637.54885,N,12727.67827,E,1,12,66.7
2026-05-16 23:06:03,140603.00,3637.54831,N,12727.67942,E,1,12,66.7
2026-05-16 23:06:04,140604.00,3637.54806,N,12727.67994,E,1,12,66.7
2026-05-16 23:06:05,140605.00,3637.54775,N,12727.68042,E,1,12,66.9
2026-05-16 23:06:06,140606.00,3637.54734,N,12727.68096,E,2,12,66.8
2026-05-16 23:06:08,140608.00,3637.54668,N,12727.68211,E,2,12,67.1
2026-05-16 23:06:10,140610.00,3637.54614,N,12727.68322,E,2,12,67.5
2026-05-16 23:06:12,140612.00,3637.54539,N,12727.68421,E,2,12,67.5
2026-05-16 23:06:13,140613.00,3637.54504,N,12727.68478,E,2,12,67.8
2026-05-16 23:06:15,140615.00,3637.54457,N,12727.68594,E,2,12,68.1
2026-05-16 23:06:16,140616.00,3637.54428,N,12727.68651,E,2,12,68.3
2026-05-16 23:06:17,140617.00,3637.54392,N,12727.68703,E,2,12,68.5
2026-05-16 23:06:18,140618.00,3637.54358,N,12727.68744,E,2,12,68.3
2026-05-16 23:06:20,140620.00,3637.54309,N,12727.68827,E,2,12,68.5
2026-05-16 23:06:22,140622.00,3637.54249,N,12727.68925,E,2,12,68.5
2026-05-16 23:06:23,140623.00,3637.54218,N,12727.68972,E,1,12,68.5
2026-05-16 23:06:25,140625.00,3637.54203,N,12727.68996,E,1,12,68.6
2026-05-16 23:06:26,140626.00,3637.54186,N,12727.69013,E,1,12,68.6
2026-05-16 23:06:28,140628.00,3637.54130,N,12727.69088,E,2,12,69.0
2026-05-16 23:06:29,140629.00,3637.54092,N,12727.69143,E,2,12,69.0
2026-05-16 23:06:31,140631.00,3637.54041,N,12727.69254,E,2,12,69.1
2026-05-16 23:06:33,140633.00,3637.53981,N,12727.69360,E,2,12,69.3
2026-05-16 23:06:34,140634.00,3637.53940,N,12727.69421,E,2,12,69.2
2026-05-16 23:06:36,140636.00,3637.53880,N,12727.69542,E,2,12,68.8
2026-05-16 23:06:38,140638.00,3637.53826,N,12727.69649,E,2,12,68.6
2026-05-16 23:06:40,140640.00,3637.53745,N,12727.69761,E,2,12,69.0
2026-05-16 23:06:41,140641.00,3637.53712,N,12727.69822,E,2,12,68.9
2026-05-16 23:06:43,140643.00,3637.53666,N,12727.69931,E,1,12,69.1
2026-05-16 23:06:45,140645.00,3637.53591,N,12727.70040,E,2,12,69.3
2026-05-16 23:06:46,140646.00,3637.53563,N,12727.70106,E,2,12,69.3
2026-05-16 23:06:48,140648.00,3637.53514,N,12727.70193,E,2,12,69.1
2026-05-16 23:06:50,140650.00,3637.53485,N,12727.70290,E,1,12,68.7
2026-05-16 23:06:52,140652.00,3637.53411,N,12727.70389,E,2,12,68.6
2026-05-16 23:06:53,140653.00,3637.53375,N,12727.70446,E,2,12,68.5
2026-05-16 23:06:55,140655.00,3637.53321,N,12727.70554,E,2,12,68.6
2026-05-16 23:06:56,140656.00,3637.53286,N,12727.70612,E,2,12,68.6
2026-05-16 23:06:57,140657.00,3637.53252,N,12727.70662,E,1,12,68.4
2026-05-16 23:06:58,140658.00,3637.53226,N,12727.70723,E,1,12,68.2
2026-05-16 23:07:00,140700.00,3637.53165,N,12727.70818,E,2,12,68.1
2026-05-16 23:07:02,140702.00,3637.53086,N,12727.70925,E,2,12,68.0
2026-05-16 23:07:03,140703.00,3637.53045,N,12727.70982,E,2,12,68.0
2026-05-16 23:07:05,140705.00,3637.52982,N,12727.71086,E,2,12,68.1
2026-05-16 23:07:06,140706.00,3637.52952,N,12727.71127,E,2,12,68.3
2026-05-16 23:07:08,140708.00,3637.52877,N,12727.71227,E,2,12,68.3
2026-05-16 23:07:10,140710.00,3637.52816,N,12727.71349,E,1,12,68.1
2026-05-16 23:07:12,140712.00,3637.52751,N,12727.71456,E,1,12,68.2
2026-05-16 23:07:13,140713.00,3637.52707,N,12727.71510,E,1,12,68.0
2026-05-16 23:07:15,140715.00,3637.52628,N,12727.71635,E,1,12,68.0
2026-05-16 23:07:16,140716.00,3637.52607,N,12727.71689,E,2,12,67.8
2026-05-16 23:07:17,140717.00,3637.52589,N,12727.71742,E,2,12,67.7
2026-05-16 23:07:19,140719.00,3637.52529,N,12727.71855,E,2,12,67.6
2026-05-16 23:07:21,140721.00,3637.52484,N,12727.71994,E,2,12,67.9
2026-05-16 23:07:23,140723.00,3637.52442,N,12727.72104,E,2,12,67.8
2026-05-16 23:07:25,140725.00,3637.52411,N,12727.72229,E,2,12,67.7
2026-05-16 23:07:26,140726.00,3637.52397,N,12727.72296,E,2,12,67.6
2026-05-16 23:07:27,140727.00,3637.52393,N,12727.72362,E,1,12,67.3
2026-05-16 23:07:29,140729.00,3637.52370,N,12727.72486,E,1,12,67.4
2026-05-16 23:07:30,140730.00,3637.52352,N,12727.72557,E,1,12,67.4
2026-05-16 23:07:32,140732.00,3637.52321,N,12727.72706,E,1,12,67.0
2026-05-16 23:07:33,140733.00,3637.52308,N,12727.72785,E,1,12,67.0
2026-05-16 23:07:34,140734.00,3637.52299,N,12727.72849,E,2,12,66.8
2026-05-16 23:07:35,140735.00,3637.52292,N,12727.72911,E,2,12,66.8
2026-05-16 23:07:36,140736.00,3637.52281,N,12727.72979,E,2,12,67.0
2026-05-16 23:07:37,140737.00,3637.52258,N,12727.73055,E,2,12,67.0
2026-05-16 23:07:39,140739.00,3637.52243,N,12727.73198,E,2,12,67.0
2026-05-16 23:07:41,140741.00,3637.52236,N,12727.73337,E,1,12,66.7
2026-05-16 23:07:42,140742.00,3637.52233,N,12727.73408,E,1,12,66.9
2026-05-16 23:07:44,140744.00,3637.52204,N,12727.73562,E,2,12,66.7
2026-05-16 23:07:45,140745.00,3637.52194,N,12727.73640,E,2,12,66.8
2026-05-16 23:07:47,140747.00,3637.52183,N,12727.73773,E,2,12,66.4
2026-05-16 23:07:49,140749.00,3637.52172,N,12727.73907,E,2,12,66.5
2026-05-16 23:07:51,140751.00,3637.52120,N,12727.74049,E,2,12,66.3
2026-05-16 23:07:53,140753.00,3637.52086,N,12727.74192,E,2,12,66.2
2026-05-16 23:07:55,140755.00,3637.52037,N,12727.74315,E,2,12,65.9
2026-05-16 23:07:57,140757.00,3637.51955,N,12727.74420,E,1,12,65.8
2026-05-16 23:07:58,140758.00,3637.51904,N,12727.74466,E,1,12,66.0
2026-05-16 23:08:00,140800.00,3637.51815,N,12727.74536,E,2,12,66.2
2026-05-16 23:08:01,140801.00,3637.51768,N,12727.74562,E,1,12,66.5
2026-05-16 23:08:02,140802.00,3637.51717,N,12727.74577,E,1,12,66.7
2026-05-16 23:08:04,140804.00,3637.51607,N,12727.74631,E,1,12,66.9
2026-05-16 23:08:06,140806.00,3637.51528,N,12727.74660,E,1,12,66.5
2026-05-16 23:08:08,140808.00,3637.51445,N,12727.74689,E,2,12,65.9
2026-05-16 23:08:09,140809.00,3637.51384,N,12727.74720,E,2,12,66.1
2026-05-16 23:08:11,140811.00,3637.51300,N,12727.74760,E,2,12,65.7
2026-05-16 23:08:13,140813.00,3637.51217,N,12727.74801,E,2,12,65.4
2026-05-16 23:08:15,140815.00,3637.51165,N,12727.74815,E,2,12,64.8
2026-05-16 23:08:16,140816.00,3637.51146,N,12727.74830,E,2,12,64.7
2026-05-16 23:08:17,140817.00,3637.51120,N,12727.74844,E,2,12,64.3
2026-05-16 23:08:19,140819.00,3637.51045,N,12727.74855,E,1,12,64.8
2026-05-16 23:08:20,140820.00,3637.50999,N,12727.74851,E,1,12,65.0
2026-05-16 23:08:21,140821.00,3637.50954,N,12727.74876,E,1,12,65.2
2026-05-16 23:08:23,140823.00,3637.50884,N,12727.74929,E,1,12,65.5
2026-05-16 23:08:24,140824.00,3637.50847,N,12727.74958,E,1,12,65.4
2026-05-16 23:08:25,140825.00,3637.50802,N,12727.75001,E,1,12,65.9
2026-05-16 23:08:27,140827.00,3637.50716,N,12727.75026,E,1,12,66.2
2026-05-16 23:08:29,140829.00,3637.50622,N,12727.75039,E,1,12,67.2
2026-05-16 23:08:30,140830.00,3637.50565,N,12727.75072,E,1,12,67.8
2026-05-16 23:08:32,140832.00,3637.50474,N,12727.75057,E,1,12,67.7
2026-05-16 23:08:33,140833.00,3637.50436,N,12727.75052,E,1,12,68.1
2026-05-16 23:08:35,140835.00,3637.50348,N,12727.75028,E,1,12,68.6
2026-05-16 23:08:37,140837.00,3637.50234,N,12727.74977,E,1,12,69.5
2026-05-16 23:08:38,140838.00,3637.50188,N,12727.74940,E,1,12,69.8
2026-05-16 23:08:39,140839.00,3637.50141,N,12727.74891,E,1,12,70.1
2026-05-16 23:08:41,140841.00,3637.50070,N,12727.74765,E,1,12,70.2
2026-05-16 23:08:42,140842.00,3637.50044,N,12727.74705,E,1,12,70.1
2026-05-16 23:08:44,140844.00,3637.50018,N,12727.74602,E,1,12,70.5
2026-05-16 23:08:45,140845.00,3637.50025,N,12727.74533,E,1,12,70.6
2026-05-16 23:08:46,140846.00,3637.50042,N,12727.74460,E,1,12,70.6
2026-05-16 23:08:48,140848.00,3637.50066,N,12727.74338,E,1,12,70.8
2026-05-16 23:08:50,140850.00,3637.50112,N,12727.74227,E,1,12,70.8
2026-05-16 23:08:51,140851.00,3637.50125,N,12727.74164,E,1,12,70.5
2026-05-16 23:08:53,140853.00,3637.50158,N,12727.74044,E,1,12,69.7
2026-05-16 23:08:55,140855.00,3637.50213,N,12727.73914,E,1,12,69.4
2026-05-16 23:08:56,140856.00,3637.50230,N,12727.73852,E,1,12,69.5
2026-05-16 23:08:58,140858.00,3637.50262,N,12727.73725,E,1,12,69.1
2026-05-16 23:08:59,140859.00,3637.50272,N,12727.73662,E,1,12,68.9
2026-05-16 23:09:01,140901.00,3637.50319,N,12727.73530,E,1,12,69.1
2026-05-16 23:09:02,140902.00,3637.50352,N,12727.73468,E,1,12,68.9
2026-05-16 23:09:03,140903.00,3637.50378,N,12727.73404,E,1,12,69.0
2026-05-16 23:09:05,140905.00,3637.50419,N,12727.73282,E,1,12,68.5
2026-05-16 23:09:07,140907.00,3637.50455,N,12727.73178,E,1,12,68.5
2026-05-16 23:09:08,140908.00,3637.50490,N,12727.73131,E,1,12,68.2
2026-05-16 23:09:09,140909.00,3637.50519,N,12727.73072,E,1,12,68.4
2026-05-16 23:09:10,140910.00,3637.50528,N,12727.73043,E,1,12,68.5
2026-05-16 23:09:11,140911.00,3637.50530,N,12727.73040,E,1,12,68.6
2026-05-16 23:09:13,140913.00,3637.50495,N,12727.73046,E,1,12,69.0
2026-05-16 23:09:15,140915.00,3637.50437,N,12727.73137,E,1,12,68.9
2026-05-16 23:09:17,140917.00,3637.50376,N,12727.73181,E,1,12,69.6
2026-05-16 23:09:18,140918.00,3637.50371,N,12727.73179,E,1,12,69.7
2026-05-16 23:09:19,140919.00,3637.50364,N,12727.73233,E,1,12,70.0
2026-05-16 23:09:21,140921.00,3637.50327,N,12727.73352,E,1,12,70.4
2026-05-16 23:09:23,140923.00,3637.50273,N,12727.73477,E,1,12,70.6
2026-05-16 23:09:25,140925.00,3637.50242,N,12727.73625,E,1,12,70.9
2026-05-16 23:09:27,140927.00,3637.50207,N,12727.73756,E,1,12,70.9
2026-05-16 23:09:29,140929.00,3637.50156,N,12727.73874,E,1,12,71.1
2026-05-16 23:09:30,140930.00,3637.50116,N,12727.73944,E,1,12,71.0
2026-05-16 23:09:32,140932.00,3637.50047,N,12727.74095,E,1,12,70.8
2026-05-16 23:09:33,140933.00,3637.50025,N,12727.74159,E,1,12,70.6
2026-05-16 23:09:34,140934.00,3637.50002,N,12727.74217,E,1,12,70.7
2026-05-16 23:09:36,140936.00,3637.49934,N,12727.74346,E,1,12,71.0
2026-05-16 23:09:38,140938.00,3637.49884,N,12727.74499,E,1,12,70.8
2026-05-16 23:09:40,140940.00,3637.49850,N,12727.74663,E,1,12,71.0
2026-05-16 23:09:42,140942.00,3637.49805,N,12727.74822,E,1,12,71.3
2026-05-16 23:09:44,140944.00,3637.49759,N,12727.74978,E,1,12,71.6
2026-05-16 23:09:45,140945.00,3637.49736,N,12727.75061,E,1,12,71.6
2026-05-16 23:09:47,140947.00,3637.49729,N,12727.75218,E,1,12,71.6
2026-05-16 23:09:48,140948.00,3637.49728,N,12727.75284,E,1,12,71.6
2026-05-16 23:09:50,140950.00,3637.49698,N,12727.75409,E,1,12,71.9
2026-05-16 23:09:52,140952.00,3637.49648,N,12727.75552,E,1,12,71.6
2026-05-16 23:09:54,140954.00,3637.49633,N,12727.75717,E,1,12,71.8
2026-05-16 23:09:55,140955.00,3637.49635,N,12727.75783,E,1,12,71.3
2026-05-16 23:09:57,140957.00,3637.49612,N,12727.75919,E,1,12,71.3
2026-05-16 23:09:59,140959.00,3637.49593,N,12727.76081,E,1,12,71.0
2026-05-16 23:10:00,141000.00,3637.49586,N,12727.76152,E,1,12,71.2
2026-05-16 23:10:02,141002.00,3637.49577,N,12727.76293,E,1,12,71.4
2026-05-16 23:10:04,141004.00,3637.49541,N,12727.76424,E,1,12,71.2
2026-05-16 23:10:06,141006.00,3637.49499,N,12727.76568,E,1,12,71.0
2026-05-16 23:10:08,141008.00,3637.49486,N,12727.76691,E,1,12,70.9
2026-05-16 23:10:10,141010.00,3637.49460,N,12727.76828,E,1,12,70.9
2026-05-16 23:10:12,141012.00,3637.49431,N,12727.76971,E,1,12,71.4
2026-05-16 23:10:14,141014.00,3637.49409,N,12727.77112,E,1,12,71.8
2026-05-16 23:10:16,141016.00,3637.49374,N,12727.77249,E,1,12,71.7
2026-05-16 23:10:17,141017.00,3637.49365,N,12727.77315,E,1,12,71.3
2026-05-16 23:10:19,141019.00,3637.49378,N,12727.77454,E,1,12,71.0
2026-05-16 23:10:21,141021.00,3637.49379,N,12727.77579,E,1,12,70.7
2026-05-16 23:10:22,141022.00,3637.49367,N,12727.77655,E,1,12,70.8
2026-05-16 23:10:23,141023.00,3637.49355,N,12727.77726,E,1,12,70.4
2026-05-16 23:10:25,141025.00,3637.49345,N,12727.77888,E,1,12,70.9
2026-05-16 23:10:27,141027.00,3637.49333,N,12727.78010,E,1,12,71.0
2026-05-16 23:10:29,141029.00,3637.49322,N,12727.78153,E,1,12,71.1
2026-05-16 23:10:31,141031.00,3637.49292,N,12727.78296,E,1,12,71.0
2026-05-16 23:10:33,141033.00,3637.49255,N,12727.78423,E,1,12,71.3
2026-05-16 23:10:35,141035.00,3637.49205,N,12727.78566,E,1,12,71.3
2026-05-16 23:10:36,141036.00,3637.49184,N,12727.78645,E,1,12,71.4
2026-05-16 23:10:38,141038.00,3637.49175,N,12727.78778,E,1,12,71.3
2026-05-16 23:10:39,141039.00,3637.49171,N,12727.78849,E,1,12,71.2
2026-05-16 23:10:40,141040.00,3637.49155,N,12727.78930,E,1,12,71.3
2026-05-16 23:10:42,141042.00,3637.49120,N,12727.79076,E,1,12,71.4
2026-05-16 23:10:44,141044.00,3637.49115,N,12727.79213,E,1,12,71.4
2026-05-16 23:10:45,141045.00,3637.49103,N,12727.79284,E,1,12,71.4
2026-05-16 23:10:47,141047.00,3637.49069,N,12727.79419,E,1,12,71.5
2026-05-16 23:10:48,141048.00,3637.49064,N,12727.79485,E,1,12,71.5
2026-05-16 23:10:50,141050.00,3637.49053,N,12727.79596,E,1,12,71.3
2026-05-16 23:10:51,141051.00,3637.49037,N,12727.79643,E,1,12,71.1
2026-05-16 23:10:53,141053.00,3637.49026,N,12727.79683,E,1,12,70.9
2026-05-16 23:10:55,141055.00,3637.49029,N,12727.79680,E,1,12,70.9
2026-05-16 23:10:57,141057.00,3637.49037,N,12727.79680,E,1,12,71.0
2026-05-16 23:10:59,141059.00,3637.49033,N,12727.79673,E,1,12,70.9
2026-05-16 23:11:01,141101.00,3637.49036,N,12727.79680,E,1,12,70.8
2026-05-16 23:11:03,141103.00,3637.49034,N,12727.79688,E,1,12,70.8
2026-05-16 23:11:04,141104.00,3637.49035,N,12727.79693,E,1,12,70.7
2026-05-16 23:11:06,141106.00,3637.49030,N,12727.79692,E,1,12,70.7
2026-05-16 23:11:07,141107.00,3637.49034,N,12727.79684,E,1,12,70.8
2026-05-16 23:11:09,141109.00,3637.49036,N,12727.79681,E,1,12,70.7
2026-05-16 23:11:10,141110.00,3637.49038,N,12727.79688,E,2,12,70.6
2026-05-16 23:11:11,141111.00,3637.49037,N,12727.79693,E,2,12,70.6
2026-05-16 23:11:13,141113.00,3637.49035,N,12727.79704,E,2,12,70.8
2026-05-16 23:11:14,141114.00,3637.49035,N,12727.79709,E,2,12,70.9
2026-05-16 23:11:16,141116.00,3637.49037,N,12727.79710,E,2,12,70.9
2026-05-16 23:11:17,141117.00,3637.49036,N,12727.79714,E,2,12,70.9
2026-05-16 23:11:19,141119.00,3637.49040,N,12727.79723,E,2,12,70.9
2026-05-16 23:11:21,141121.00,3637.49041,N,12727.79720,E,2,12,70.9
2026-05-16 23:11:23,141123.00,3637.49042,N,12727.79724,E,2,12,70.8
2026-05-16 23:11:25,141125.00,3637.49038,N,12727.79725,E,2,12,71.0
2026-05-16 23:11:26,141126.00,3637.49036,N,12727.79732,E,2,12,71.0
2026-05-16 23:11:28,141128.00,3637.49032,N,12727.79743,E,2,12,70.7
2026-05-16 23:11:30,141130.00,3637.49026,N,12727.79738,E,2,12,70.7
2026-05-16 23:11:32,141132.00,3637.48994,N,12727.79758,E,2,12,70.6
2026-05-16 23:11:33,141133.00,3637.48952,N,12727.79770,E,2,12,70.5
2026-05-16 23:11:35,141135.00,3637.48835,N,12727.79768,E,2,12,69.9
2026-05-16 23:11:36,141136.00,3637.48771,N,12727.79756,E,2,12,70.8
2026-05-16 23:11:38,141138.00,3637.48639,N,12727.79727,E,2,12,70.7
2026-05-16 23:11:40,141140.00,3637.48505,N,12727.79712,E,2,12,71.1
2026-05-16 23:11:42,141142.00,3637.48373,N,12727.79698,E,2,12,71.3
2026-05-16 23:11:44,141144.00,3637.48260,N,12727.79665,E,2,12,71.4
2026-05-16 23:11:46,141146.00,3637.48133,N,12727.79635,E,2,12,71.4
2026-05-16 23:11:47,141147.00,3637.48071,N,12727.79614,E,2,12,71.2
2026-05-16 23:11:49,141149.00,3637.47935,N,12727.79560,E,2,12,71.3
2026-05-16 23:11:51,141151.00,3637.47853,N,12727.79462,E,2,12,71.3
2026-05-16 23:11:53,141153.00,3637.47855,N,12727.79325,E,2,12,71.5
2026-05-16 23:11:55,141155.00,3637.47873,N,12727.79185,E,2,12,71.6
2026-05-16 23:11:57,141157.00,3637.47896,N,12727.79059,E,2,12,71.4
2026-05-16 23:11:59,141159.00,3637.47927,N,12727.78917,E,2,12,71.1
2026-05-16 23:12:00,141200.00,3637.47940,N,12727.78835,E,2,12,70.9
2026-05-16 23:12:02,141202.00,3637.47969,N,12727.78679,E,2,12,70.7
2026-05-16 23:12:03,141203.00,3637.47985,N,12727.78617,E,2,12,70.5
2026-05-16 23:12:05,141205.00,3637.48032,N,12727.78479,E,2,12,70.5
2026-05-16 23:12:06,141206.00,3637.48070,N,12727.78419,E,2,12,70.2
2026-05-16 23:12:08,141208.00,3637.48114,N,12727.78281,E,2,12,70.2
2026-05-16 23:12:10,141210.00,3637.48177,N,12727.78156,E,2,12,70.7
2026-05-16 23:12:12,141212.00,3637.48218,N,12727.78027,E,2,12,70.5
2026-05-16 23:12:14,141214.00,3637.48253,N,12727.77869,E,2,12,70.3
2026-05-16 23:12:16,141216.00,3637.48275,N,12727.77751,E,2,12,69.6
2026-05-16 23:12:17,141217.00,3637.48295,N,12727.77698,E,2,12,69.5
2026-05-16 23:12:18,141218.00,3637.48313,N,12727.77644,E,2,12,69.2
2026-05-16 23:12:20,141220.00,3637.48345,N,12727.77518,E,2,12,68.6
2026-05-16 23:12:22,141222.00,3637.48353,N,12727.77374,E,2,12,68.4
2026-05-16 23:12:24,141224.00,3637.48379,N,12727.77274,E,2,12,68.4
2026-05-16 23:12:26,141226.00,3637.48431,N,12727.77124,E,2,12,68.5
2026-05-16 23:12:28,141228.00,3637.48445,N,12727.76969,E,2,12,68.5
2026-05-16 23:12:29,141229.00,3637.48446,N,12727.76910,E,2,12,68.1
2026-05-16 23:12:30,141230.00,3637.48449,N,12727.76846,E,2,12,67.8
2026-05-16 23:12:32,141232.00,3637.48487,N,12727.76703,E,2,12,68.0
2026-05-16 23:12:34,141234.00,3637.48514,N,12727.76549,E,2,12,68.1
2026-05-16 23:12:35,141235.00,3637.48522,N,12727.76483,E,2,12,68.0
2026-05-16 23:12:37,141237.00,3637.48536,N,12727.76333,E,2,12,67.8
2026-05-16 23:12:39,141239.00,3637.48556,N,12727.76187,E,2,12,67.8
2026-05-16 23:12:40,141240.00,3637.48551,N,12727.76124,E,2,12,67.5
2026-05-16 23:12:42,141242.00,3637.48582,N,12727.76019,E,2,12,67.3
2026-05-16 23:12:44,141244.00,3637.48625,N,12727.75890,E,2,12,66.9
2026-05-16 23:12:45,141245.00,3637.48640,N,12727.75817,E,2,12,66.8
2026-05-16 23:12:47,141247.00,3637.48654,N,12727.75681,E,2,12,66.4
2026-05-16 23:12:48,141248.00,3637.48666,N,12727.75614,E,2,12,66.2
2026-05-16 23:12:50,141250.00,3637.48703,N,12727.75466,E,2,12,66.1
2026-05-16 23:12:51,141251.00,3637.48723,N,12727.75358,E,2,12,66.3
2026-05-16 23:12:52,141252.00,3637.48736,N,12727.75276,E,2,12,66.6
2026-05-16 23:12:54,141254.00,3637.48741,N,12727.75099,E,2,12,66.2
2026-05-16 23:12:56,141256.00,3637.48757,N,12727.74937,E,2,12,66.0
2026-05-16 23:12:58,141258.00,3637.48809,N,12727.74786,E,2,12,66.2
2026-05-16 23:13:00,141300.00,3637.48831,N,12727.74628,E,2,12,65.9
2026-05-16 23:13:01,141301.00,3637.48844,N,12727.74544,E,2,12,65.9
2026-05-16 23:13:02,141302.00,3637.48855,N,12727.74471,E,2,12,65.9
2026-05-16 23:13:04,141304.00,3637.48893,N,12727.74326,E,2,12,66.0
2026-05-16 23:13:06,141306.00,3637.48934,N,12727.74166,E,2,12,66.2
2026-05-16 23:13:08,141308.00,3637.48934,N,12727.74019,E,2,12,66.3
2026-05-16 23:13:09,141309.00,3637.48940,N,12727.73959,E,2,12,66.2
2026-05-16 23:13:11,141311.00,3637.48996,N,12727.73816,E,2,12,65.8
2026-05-16 23:13:13,141313.00,3637.49056,N,12727.73622,E,2,12,66.5
2026-05-16 23:13:14,141314.00,3637.49082,N,12727.73544,E,2,12,66.7
2026-05-16 23:13:16,141316.00,3637.49126,N,12727.73386,E,2,12,66.8
2026-05-16 23:13:18,141318.00,3637.49166,N,12727.73239,E,2,12,67.0
2026-05-16 23:13:19,141319.00,3637.49192,N,12727.73170,E,2,12,67.1
2026-05-16 23:13:20,141320.00,3637.49224,N,12727.73109,E,2,12,66.8
2026-05-16 23:13:22,141322.00,3637.49288,N,12727.72958,E,2,12,66.8
2026-05-16 23:13:24,141324.00,3637.49324,N,12727.72788,E,2,12,67.1
2026-05-16 23:13:26,141326.00,3637.49359,N,12727.72636,E,2,12,67.2
2026-05-16 23:13:27,141327.00,3637.49387,N,12727.72566,E,2,12,67.4
2026-05-16 23:13:29,141329.00,3637.49459,N,12727.72428,E,2,12,67.3
2026-05-16 23:13:31,141331.00,3637.49527,N,12727.72304,E,2,12,67.1
2026-05-16 23:13:33,141333.00,3637.49582,N,12727.72164,E,2,12,66.9
2026-05-16 23:13:35,141335.00,3637.49649,N,12727.72044,E,2,12,67.4
2026-05-16 23:13:36,141336.00,3637.49688,N,12727.71972,E,2,12,67.4
2026-05-16 23:13:37,141337.00,3637.49726,N,12727.71913,E,2,12,67.5
2026-05-16 23:13:38,141338.00,3637.49764,N,12727.71846,E,2,12,67.8
2026-05-16 23:13:40,141340.00,3637.49828,N,12727.71700,E,2,12,68.0
2026-05-16 23:13:42,141342.00,3637.49896,N,12727.71576,E,2,12,68.0
2026-05-16 23:13:43,141343.00,3637.49937,N,12727.71519,E,2,12,68.0
2026-05-16 23:13:44,141344.00,3637.49983,N,12727.71464,E,2,12,67.9
2026-05-16 23:13:46,141346.00,3637.50071,N,12727.71342,E,2,12,67.8
2026-05-16 23:13:47,141347.00,3637.50107,N,12727.71270,E,2,12,67.8
2026-05-16 23:13:49,141349.00,3637.50179,N,12727.71154,E,2,12,67.7
2026-05-16 23:13:50,141350.00,3637.50209,N,12727.71107,E,2,12,67.6
2026-05-16 23:13:52,141352.00,3637.50276,N,12727.70928,E,2,12,68.0
2026-05-16 23:13:53,141353.00,3637.50313,N,12727.70848,E,2,12,68.1
2026-05-16 23:13:54,141354.00,3637.50324,N,12727.70729,E,2,12,68.5
2026-05-16 23:13:55,141355.00,3637.50350,N,12727.70660,E,2,12,68.4
2026-05-16 23:13:56,141356.00,3637.50386,N,12727.70605,E,2,12,68.4
2026-05-16 23:13:58,141358.00,3637.50442,N,12727.70440,E,2,12,68.8
2026-05-16 23:13:59,141359.00,3637.50485,N,12727.70367,E,2,12,68.9
2026-05-16 23:14:01,141401.00,3637.50570,N,12727.70219,E,2,12,69.0
2026-05-16 23:14:02,141402.00,3637.50590,N,12727.70129,E,2,12,69.3
2026-05-16 23:14:04,141404.00,3637.50643,N,12727.70009,E,2,12,69.0
2026-05-16 23:14:05,141405.00,3637.50663,N,12727.69945,E,2,12,69.0
2026-05-16 23:14:06,141406.00,3637.50691,N,12727.69873,E,2,12,69.0
2026-05-16 23:14:08,141408.00,3637.50757,N,12727.69746,E,2,12,68.8
2026-05-16 23:14:09,141409.00,3637.50790,N,12727.69687,E,2,12,68.8
2026-05-16 23:14:11,141411.00,3637.50851,N,12727.69535,E,2,12,68.8
2026-05-16 23:14:12,141412.00,3637.50887,N,12727.69469,E,2,12,69.0
2026-05-16 23:14:14,141414.00,3637.50965,N,12727.69341,E,2,12,69.3
2026-05-16 23:14:16,141416.00,3637.51003,N,12727.69192,E,2,12,69.4
2026-05-16 23:14:17,141417.00,3637.51027,N,12727.69119,E,2,12,69.4
2026-05-16 23:14:19,141419.00,3637.51095,N,12727.68990,E,2,12,69.5
2026-05-16 23:14:21,141421.00,3637.51167,N,12727.68868,E,2,12,69.8
2026-05-16 23:14:23,141423.00,3637.51222,N,12727.68734,E,2,12,69.5
2026-05-16 23:14:25,141425.00,3637.51292,N,12727.68620,E,2,12,69.4
2026-05-16 23:14:27,141427.00,3637.51364,N,12727.68521,E,2,12,69.5
2026-05-16 23:14:28,141428.00,3637.51426,N,12727.68478,E,2,12,69.5
2026-05-16 23:14:30,141430.00,3637.51524,N,12727.68361,E,2,12,69.9
2026-05-16 23:14:32,141432.00,3637.51593,N,12727.68253,E,2,12,70.1
2026-05-16 23:14:33,141433.00,3637.51643,N,12727.68203,E,2,12,70.3
2026-05-16 23:14:34,141434.00,3637.51704,N,12727.68148,E,2,12,70.4
2026-05-16 23:14:36,141436.00,3637.51779,N,12727.68018,E,2,12,70.6
2026-05-16 23:14:38,141438.00,3637.51835,N,12727.67879,E,2,12,70.7
2026-05-16 23:14:39,141439.00,3637.51873,N,12727.67822,E,2,12,71.2
2026-05-16 23:14:41,141441.00,3637.51968,N,12727.67743,E,2,12,70.9
2026-05-16 23:14:42,141442.00,3637.52014,N,12727.67695,E,2,12,70.9
2026-05-16 23:14:44,141444.00,3637.52087,N,12727.67580,E,2,12,70.9
2026-05-16 23:14:45,141445.00,3637.52123,N,12727.67538,E,2,12,71.0
2026-05-16 23:14:46,141446.00,3637.52150,N,12727.67487,E,2,12,70.7
2026-05-16 23:14:48,141448.00,3637.52223,N,12727.67381,E,2,12,70.1
2026-05-16 23:14:50,141450.00,3637.52287,N,12727.67290,E,2,12,69.6
2026-05-16 23:14:52,141452.00,3637.52363,N,12727.67174,E,2,12,69.6
2026-05-16 23:14:54,141454.00,3637.52436,N,12727.67058,E,2,12,69.2
2026-05-16 23:14:55,141455.00,3637.52474,N,12727.66999,E,2,12,69.1
2026-05-16 23:14:56,141456.00,3637.52516,N,12727.66938,E,2,12,69.3
2026-05-16 23:14:58,141458.00,3637.52592,N,12727.66829,E,2,12,69.3
2026-05-16 23:15:00,141500.00,3637.52678,N,12727.66728,E,2,12,69.3
2026-05-16 23:15:01,141501.00,3637.52728,N,12727.66667,E,2,12,69.3
2026-05-16 23:15:03,141503.00,3637.52794,N,12727.66545,E,2,12,69.0
2026-05-16 23:15:05,141505.00,3637.52857,N,12727.66442,E,2,12,69.0
2026-05-16 23:15:06,141506.00,3637.52898,N,12727.66390,E,2,12,69.0
2026-05-16 23:15:08,141508.00,3637.52964,N,12727.66276,E,2,12,68.8
2026-05-16 23:15:10,141510.00,3637.53029,N,12727.66139,E,2,12,69.0
2026-05-16 23:15:12,141512.00,3637.53065,N,12727.66065,E,2,12,69.2
2026-05-16 23:15:14,141514.00,3637.53070,N,12727.66063,E,2,12,69.3
2026-05-16 23:15:16,141516.00,3637.53106,N,12727.66005,E,2,12,69.3
2026-05-16 23:15:17,141517.00,3637.53134,N,12727.65966,E,2,12,69.3
2026-05-16 23:15:18,141518.00,3637.53154,N,12727.65939,E,2,12,69.2
2026-05-16 23:15:20,141520.00,3637.53157,N,12727.65933,E,2,12,69.2
2026-05-16 23:15:22,141522.00,3637.53157,N,12727.65931,E,2,12,69.1
2026-05-16 23:15:24,141524.00,3637.53178,N,12727.65901,E,2,12,69.3
2026-05-16 23:15:25,141525.00,3637.53199,N,12727.65863,E,2,12,69.3
2026-05-16 23:15:27,141527.00,3637.53244,N,12727.65771,E,2,12,69.4
2026-05-16 23:15:29,141529.00,3637.53293,N,12727.65691,E,2,12,69.3
2026-05-16 23:15:30,141530.00,3637.53326,N,12727.65644,E,2,12,69.2
2026-05-16 23:15:32,141532.00,3637.53367,N,12727.65529,E,2,12,68.7
2026-05-16 23:15:33,141533.00,3637.53386,N,12727.65475,E,2,12,68.6
2026-05-16 23:15:35,141535.00,3637.53464,N,12727.65374,E,2,12,68.8
2026-05-16 23:15:37,141537.00,3637.53530,N,12727.65271,E,2,12,68.6
2026-05-16 23:15:38,141538.00,3637.53558,N,12727.65231,E,2,12,68.5
2026-05-16 23:15:40,141540.00,3637.53644,N,12727.65143,E,2,12,68.8
2026-05-16 23:15:42,141542.00,3637.53721,N,12727.65018,E,2,12,68.7
2026-05-16 23:15:44,141544.00,3637.53752,N,12727.64894,E,2,12,68.6
2026-05-16 23:15:46,141546.00,3637.53814,N,12727.64778,E,2,12,68.4
2026-05-16 23:15:47,141547.00,3637.53846,N,12727.64712,E,2,12,68.6
2026-05-16 23:15:49,141549.00,3637.53934,N,12727.64593,E,2,12,68.9
2026-05-16 23:15:50,141550.00,3637.53961,N,12727.64549,E,2,12,68.9
2026-05-16 23:15:52,141552.00,3637.54015,N,12727.64417,E,2,12,68.9
2026-05-16 23:15:54,141554.00,3637.54081,N,12727.64273,E,2,12,69.3
2026-05-16 23:15:56,141556.00,3637.54142,N,12727.64150,E,2,12,69.1
2026-05-16 23:15:57,141557.00,3637.54178,N,12727.64101,E,2,12,68.9
2026-05-16 23:15:58,141558.00,3637.54216,N,12727.64034,E,2,12,69.0
2026-05-16 23:15:59,141559.00,3637.54256,N,12727.63962,E,2,12,68.8
2026-05-16 23:16:00,141600.00,3637.54303,N,12727.63891,E,2,12,68.8
2026-05-16 23:16:02,141602.00,3637.54377,N,12727.63755,E,2,12,68.7
2026-05-16 23:16:03,141603.00,3637.54408,N,12727.63682,E,2,12,68.6
2026-05-16 23:16:05,141605.00,3637.54464,N,12727.63567,E,2,12,68.5
2026-05-16 23:16:07,141607.00,3637.54553,N,12727.63439,E,2,12,68.4
2026-05-16 23:16:09,141609.00,3637.54641,N,12727.63320,E,2,12,68.4
2026-05-16 23:16:11,141611.00,3637.54699,N,12727.63189,E,2,12,68.3
2026-05-16 23:16:12,141612.00,3637.54734,N,12727.63120,E,2,12,68.4
2026-05-16 23:16:14,141614.00,3637.54818,N,12727.63000,E,2,12,68.5
2026-05-16 23:16:16,141616.00,3637.54884,N,12727.62870,E,2,12,68.4
2026-05-16 23:16:17,141617.00,3637.54907,N,12727.62805,E,2,12,68.3
2026-05-16 23:16:19,141619.00,3637.54968,N,12727.62694,E,2,12,68.2
2026-05-16 23:16:20,141620.00,3637.55008,N,12727.62643,E,2,12,68.0
2026-05-16 23:16:22,141622.00,3637.55087,N,12727.62521,E,2,12,68.0
2026-05-16 23:16:24,141624.00,3637.55148,N,12727.62386,E,2,12,68.0
2026-05-16 23:16:25,141625.00,3637.55175,N,12727.62325,E,2,12,67.9
2026-05-16 23:16:27,141627.00,3637.55206,N,12727.62273,E,2,12,67.9
2026-05-16 23:16:29,141629.00,3637.55207,N,12727.62282,E,2,12,67.8
2026-05-16 23:16:30,141630.00,3637.55202,N,12727.62287,E,2,12,68.0
2026-05-16 23:16:32,141632.00,3637.55236,N,12727.62196,E,2,12,68.1
2026-05-16 23:16:33,141633.00,3637.55274,N,12727.62141,E,2,12,68.1
2026-05-16 23:16:35,141635.00,3637.55336,N,12727.62016,E,2,12,68.1
2026-05-16 23:16:37,141637.00,3637.55415,N,12727.61922,E,2,12,68.1
2026-05-16 23:16:39,141639.00,3637.55503,N,12727.61814,E,2,12,68.0
2026-05-16 23:16:41,141641.00,3637.55574,N,12727.61665,E,2,12,67.9
2026-05-16 23:16:42,141642.00,3637.55605,N,12727.61599,E,2,12,67.6
2026-05-16 23:16:44,141644.00,3637.55681,N,12727.61481,E,2,12,67.7
2026-05-16 23:16:46,141646.00,3637.55757,N,12727.61345,E,2,12,67.5
2026-05-16 23:16:47,141647.00,3637.55799,N,12727.61273,E,2,12,67.4
2026-05-16 23:16:48,141648.00,3637.55850,N,12727.61203,E,2,12,67.0
2026-05-16 23:16:50,141650.00,3637.55953,N,12727.61070,E,2,12,66.9
2026-05-16 23:16:51,141651.00,3637.56000,N,12727.61002,E,2,12,66.9
2026-05-16 23:16:53,141653.00,3637.56065,N,12727.60858,E,2,12,66.5
2026-05-16 23:16:54,141654.00,3637.56087,N,12727.60796,E,2,12,66.2
2026-05-16 23:16:56,141656.00,3637.56153,N,12727.60666,E,2,12,66.6
2026-05-16 23:16:57,141657.00,3637.56183,N,12727.60601,E,2,12,66.7
2026-05-16 23:16:59,141659.00,3637.56258,N,12727.60469,E,2,12,66.6
2026-05-16 23:17:00,141700.00,3637.56303,N,12727.60413,E,2,12,66.5
2026-05-16 23:17:02,141702.00,3637.56363,N,12727.60281,E,2,12,66.3
2026-05-16 23:17:04,141704.00,3637.56403,N,12727.60166,E,2,12,66.0
2026-05-16 23:17:06,141706.00,3637.56483,N,12727.60038,E,2,12,66.0
2026-05-16 23:17:07,141707.00,3637.56529,N,12727.59974,E,2,12,66.1
2026-05-16 23:17:09,141709.00,3637.56621,N,12727.59853,E,2,12,66.1
2026-05-16 23:17:11,141711.00,3637.56691,N,12727.59732,E,2,12,66.2
2026-05-16 23:17:12,141712.00,3637.56725,N,12727.59666,E,2,12,66.1
2026-05-16 23:17:14,141714.00,3637.56797,N,12727.59523,E,2,12,65.9
2026-05-16 23:17:15,141715.00,3637.56844,N,12727.59454,E,2,12,65.9
2026-05-16 23:17:17,141717.00,3637.56925,N,12727.59318,E,2,12,65.7
2026-05-16 23:17:18,141718.00,3637.56959,N,12727.59255,E,2,12,65.6
2026-05-16 23:17:20,141720.00,3637.57028,N,12727.59132,E,2,12,65.7
2026-05-16 23:17:22,141722.00,3637.57114,N,12727.59012,E,2,12,65.7
2026-05-16 23:17:23,141723.00,3637.57149,N,12727.58943,E,2,12,65.8
2026-05-16 23:17:24,141724.00,3637.57181,N,12727.58865,E,2,12,65.9
2026-05-16 23:17:25,141725.00,3637.57209,N,12727.58790,E,2,12,65.8
2026-05-16 23:17:27,141727.00,3637.57269,N,12727.58654,E,2,12,65.4
2026-05-16 23:17:28,141728.00,3637.57299,N,12727.58598,E,2,12,65.5
2026-05-16 23:17:30,141730.00,3637.57369,N,12727.58469,E,2,12,65.2
2026-05-16 23:17:31,141731.00,3637.57418,N,12727.58405,E,2,12,65.1
2026-05-16 23:17:32,141732.00,3637.57468,N,12727.58337,E,2,12,65.1
2026-05-16 23:17:33,141733.00,3637.57520,N,12727.58268,E,2,12,65.3
2026-05-16 23:17:34,141734.00,3637.57563,N,12727.58193,E,2,12,65.3
2026-05-16 23:17:35,141735.00,3637.57594,N,12727.58130,E,2,12,65.1
2026-05-16 23:17:37,141737.00,3637.57656,N,12727.58017,E,2,12,65.0
2026-05-16 23:17:39,141739.00,3637.57751,N,12727.57887,E,2,12,64.9
2026-05-16 23:17:41,141741.00,3637.57844,N,12727.57756,E,2,12,64.8
2026-05-16 23:17:43,141743.00,3637.57926,N,12727.57639,E,2,12,64.9
2026-05-16 23:17:44,141744.00,3637.57960,N,12727.57575,E,2,12,64.9
2026-05-16 23:17:45,141745.00,3637.58000,N,12727.57514,E,2,12,65.0
2026-05-16 23:17:47,141747.00,3637.58088,N,12727.57378,E,2,12,65.2
2026-05-16 23:17:48,141748.00,3637.58143,N,12727.57298,E,2,12,65.1
2026-05-16 23:17:50,141750.00,3637.58244,N,12727.57178,E,2,12,65.2
2026-05-16 23:17:52,141752.00,3637.58337,N,12727.57044,E,2,12,65.2
2026-05-16 23:17:53,141753.00,3637.58375,N,12727.56985,E,2,12,65.2
2026-05-16 23:17:55,141755.00,3637.58440,N,12727.56874,E,2,12,65.2
2026-05-16 23:17:57,141757.00,3637.58512,N,12727.56764,E,2,12,65.2
2026-05-16 23:17:58,141758.00,3637.58557,N,12727.56721,E,2,12,65.2
2026-05-16 23:17:59,141759.00,3637.58604,N,12727.56672,E,2,12,65.0
2026-05-16 23:18:01,141801.00,3637.58682,N,12727.56607,E,2,12,65.0
2026-05-16 23:18:03,141803.00,3637.58793,N,12727.56540,E,2,12,65.6
2026-05-16 23:18:05,141805.00,3637.58913,N,12727.56463,E,2,12,65.8
2026-05-16 23:18:06,141806.00,3637.58970,N,12727.56426,E,2,12,65.7
2026-05-16 23:18:08,141808.00,3637.59092,N,12727.56348,E,2,12,65.7
2026-05-16 23:18:10,141810.00,3637.59219,N,12727.56261,E,2,12,65.5
2026-05-16 23:18:11,141811.00,3637.59285,N,12727.56214,E,2,12,65.7
2026-05-16 23:18:12,141812.00,3637.59342,N,12727.56156,E,2,12,65.8
2026-05-16 23:18:14,141814.00,3637.59420,N,12727.56018,E,2,12,65.8
2026-05-16 23:18:16,141816.00,3637.59481,N,12727.55897,E,2,12,65.5
2026-05-16 23:18:17,141817.00,3637.59522,N,12727.55847,E,2,12,65.6
2026-05-16 23:18:19,141819.00,3637.59617,N,12727.55724,E,2,12,65.7
2026-05-16 23:18:20,141820.00,3637.59659,N,12727.55660,E,2,12,65.7
2026-05-16 23:18:21,141821.00,3637.59701,N,12727.55592,E,2,12,65.8
2026-05-16 23:18:23,141823.00,3637.59769,N,12727.55448,E,2,12,65.6
2026-05-16 23:18:25,141825.00,3637.59833,N,12727.55324,E,2,12,65.6
2026-05-16 23:18:26,141826.00,3637.59874,N,12727.55268,E,2,12,65.7
2026-05-16 23:18:28,141828.00,3637.59967,N,12727.55138,E,2,12,65.6
2026-05-16 23:18:30,141830.00,3637.60047,N,12727.55007,E,2,12,65.6
2026-05-16 23:18:32,141832.00,3637.60110,N,12727.54863,E,2,12,65.3
2026-05-16 23:18:34,141834.00,3637.60198,N,12727.54752,E,2,12,65.4
2026-05-16 23:18:36,141836.00,3637.60317,N,12727.54629,E,2,12,65.4
2026-05-16 23:18:37,141837.00,3637.60368,N,12727.54568,E,2,12,65.7
2026-05-16 23:18:39,141839.00,3637.60457,N,12727.54436,E,2,12,65.6
2026-05-16 23:18:41,141841.00,3637.60516,N,12727.54307,E,2,12,65.3
2026-05-16 23:18:42,141842.00,3637.60550,N,12727.54243,E,2,12,65.4
2026-05-16 23:18:44,141844.00,3637.60627,N,12727.54108,E,2,12,65.3
2026-05-16 23:18:45,141845.00,3637.60676,N,12727.54036,E,2,12,65.3
2026-05-16 23:18:47,141847.00,3637.60763,N,12727.53897,E,2,12,65.7
2026-05-16 23:18:48,141848.00,3637.60792,N,12727.53829,E,2,12,65.6
2026-05-16 23:18:49,141849.00,3637.60816,N,12727.53774,E,2,12,65.5
2026-05-16 23:18:51,141851.00,3637.60888,N,12727.53660,E,2,12,65.5
2026-05-16 23:18:52,141852.00,3637.60928,N,12727.53595,E,2,12,65.3
2026-05-16 23:18:53,141853.00,3637.60966,N,12727.53536,E,2,12,65.3
2026-05-16 23:18:54,141854.00,3637.61004,N,12727.53476,E,2,12,65.3
2026-05-16 23:18:56,141856.00,3637.61056,N,12727.53345,E,2,12,65.1
2026-05-16 23:18:58,141858.00,3637.61117,N,12727.53239,E,2,12,65.5
2026-05-16 23:19:00,141900.00,3637.61184,N,12727.53129,E,2,12,65.4
2026-05-16 23:19:01,141901.00,3637.61223,N,12727.53069,E,2,12,65.3
2026-05-16 23:19:03,141903.00,3637.61296,N,12727.52952,E,2,12,65.0
2026-05-16 23:19:05,141905.00,3637.61367,N,12727.52839,E,2,12,65.1
2026-05-16 23:19:06,141906.00,3637.61419,N,12727.52772,E,2,12,64.9
2026-05-16 23:19:08,141908.00,3637.61498,N,12727.52630,E,2,12,64.8
2026-05-16 23:19:10,141910.00,3637.61552,N,12727.52508,E,2,12,64.5
2026-05-16 23:19:12,141912.00,3637.61613,N,12727.52376,E,2,12,64.5
2026-05-16 23:19:14,141914.00,3637.61697,N,12727.52253,E,2,12,64.3
2026-05-16 23:19:16,141916.00,3637.61780,N,12727.52125,E,2,12,64.5
2026-05-16 23:19:17,141917.00,3637.61812,N,12727.52055,E,2,12,64.3
2026-05-16 23:19:18,141918.00,3637.61840,N,12727.51993,E,2,12,64.2
2026-05-16 23:19:20,141920.00,3637.61915,N,12727.51874,E,2,12,64.2
2026-05-16 23:19:21,141921.00,3637.61964,N,12727.51806,E,2,12,64.2
2026-05-16 23:19:23,141923.00,3637.62054,N,12727.51670,E,2,12,64.4
2026-05-16 23:19:24,141924.00,3637.62091,N,12727.51600,E,2,12,64.4
2026-05-16 23:19:25,141925.00,3637.62126,N,12727.51526,E,2,12,64.2
2026-05-16 23:19:26,141926.00,3637.62152,N,12727.51459,E,2,12,63.9
2026-05-16 23:19:28,141928.00,3637.62212,N,12727.51330,E,2,12,64.0
2026-05-16 23:19:29,141929.00,3637.62248,N,12727.51263,E,2,12,64.1
2026-05-16 23:19:30,141930.00,3637.62287,N,12727.51192,E,2,12,64.0
2026-05-16 23:19:32,141932.00,3637.62378,N,12727.51059,E,2,12,64.2
2026-05-16 23:19:34,141934.00,3637.62445,N,12727.50925,E,2,12,63.7
2026-05-16 23:19:36,141936.00,3637.62505,N,12727.50810,E,2,12,63.8
2026-05-16 23:19:37,141937.00,3637.62546,N,12727.50753,E,2,12,63.7
2026-05-16 23:19:39,141939.00,3637.62644,N,12727.50624,E,2,12,63.7
2026-05-16 23:19:41,141941.00,3637.62747,N,12727.50487,E,2,12,64.4
2026-05-16 23:19:43,141943.00,3637.62797,N,12727.50362,E,2,12,64.1
2026-05-16 23:19:45,141945.00,3637.62859,N,12727.50242,E,2,12,64.0
2026-05-16 23:19:46,141946.00,3637.62899,N,12727.50180,E,2,12,64.0
2026-05-16 23:19:48,141948.00,3637.62981,N,12727.50061,E,2,12,63.8
2026-05-16 23:19:49,141949.00,3637.63019,N,12727.49997,E,2,12,63.7
2026-05-16 23:19:50,141950.00,3637.63045,N,12727.49940,E,2,12,63.3
2026-05-16 23:19:52,141952.00,3637.63108,N,12727.49844,E,2,12,63.1
2026-05-16 23:19:53,141953.00,3637.63140,N,12727.49784,E,2,12,63.1
2026-05-16 23:19:55,141955.00,3637.63200,N,12727.49657,E,2,12,62.4
2026-05-16 23:19:57,141957.00,3637.63255,N,12727.49545,E,2,12,62.1
2026-05-16 23:19:58,141958.00,3637.63287,N,12727.49488,E,2,12,62.2
2026-05-16 23:20:00,142000.00,3637.63373,N,12727.49379,E,2,12,62.1
2026-05-16 23:20:01,142001.00,3637.63422,N,12727.49331,E,2,12,62.2
2026-05-16 23:20:02,142002.00,3637.63463,N,12727.49276,E,2,12,62.2
2026-05-16 23:20:03,142003.00,3637.63486,N,12727.49212,E,2,12,62.1
2026-05-16 23:20:05,142005.00,3637.63543,N,12727.49090,E,2,12,62.1
2026-05-16 23:20:06,142006.00,3637.63580,N,12727.49024,E,2,12,62.2
2026-05-16 23:20:08,142008.00,3637.63657,N,12727.48895,E,2,12,62.0
2026-05-16 23:20:09,142009.00,3637.63691,N,12727.48834,E,2,12,62.0
2026-05-16 23:20:11,142011.00,3637.63744,N,12727.48697,E,2,12,61.7
2026-05-16 23:20:12,142012.00,3637.63779,N,12727.48632,E,2,12,61.7
2026-05-16 23:20:13,142013.00,3637.63818,N,12727.48572,E,2,12,61.8
2026-05-16 23:20:14,142014.00,3637.63858,N,12727.48496,E,2,12,62.3
2026-05-16 23:20:15,142015.00,3637.63894,N,12727.48431,E,2,12,62.2
2026-05-16 23:20:16,142016.00,3637.63939,N,12727.48363,E,2,12,62.3
2026-05-16 23:20:18,142018.00,3637.63999,N,12727.48236,E,2,12,62.2
2026-05-16 23:20:20,142020.00,3637.64060,N,12727.48111,E,2,12,62.0
2026-05-16 23:20:21,142021.00,3637.64098,N,12727.48058,E,2,12,61.9
2026-05-16 23:20:22,142022.00,3637.64139,N,12727.47997,E,2,12,61.9
2026-05-16 23:20:24,142024.00,3637.64217,N,12727.47858,E,2,12,61.9
2026-05-16 23:20:26,142026.00,3637.64277,N,12727.47706,E,2,12,61.8
2026-05-16 23:20:27,142027.00,3637.64297,N,12727.47626,E,2,12,61.6
2026-05-16 23:20:29,142029.00,3637.64332,N,12727.47473,E,2,12,62.1
2026-05-16 23:20:31,142031.00,3637.64350,N,12727.47292,E,2,12,62.1
2026-05-16 23:20:32,142032.00,3637.64341,N,12727.47208,E,2,12,62.3
2026-05-16 23:20:34,142034.00,3637.64317,N,12727.47054,E,2,12,62.3
2026-05-16 23:20:36,142036.00,3637.64283,N,12727.46919,E,2,12,62.8
2026-05-16 23:20:37,142037.00,3637.64257,N,12727.46846,E,2,12,62.9
2026-05-16 23:20:39,142039.00,3637.64175,N,12727.46725,E,2,12,63.1
2026-05-16 23:20:41,142041.00,3637.64098,N,12727.46643,E,2,12,63.1
2026-05-16 23:20:43,142043.00,3637.64018,N,12727.46556,E,2,12,62.8
2026-05-16 23:20:44,142044.00,3637.63982,N,12727.46507,E,2,12,62.7
2026-05-16 23:20:46,142046.00,3637.63913,N,12727.46416,E,2,12,62.6
2026-05-16 23:20:48,142048.00,3637.63827,N,12727.46327,E,2,12,62.8
2026-05-16 23:20:49,142049.00,3637.63790,N,12727.46291,E,2,12,63.0
2026-05-16 23:20:51,142051.00,3637.63717,N,12727.46205,E,2,12,63.2
2026-05-16 23:20:52,142052.00,3637.63675,N,12727.46169,E,2,12,63.4
2026-05-16 23:20:53,142053.00,3637.63640,N,12727.46151,E,2,12,63.4
2026-05-16 23:20:54,142054.00,3637.63615,N,12727.46108,E,2,12,63.6
2026-05-16 23:20:56,142056.00,3637.63535,N,12727.46036,E,2,12,63.6
2026-05-16 23:20:58,142058.00,3637.63466,N,12727.45963,E,2,12,63.6
2026-05-16 23:20:59,142059.00,3637.63435,N,12727.45925,E,2,12,63.5
2026-05-16 23:21:01,142101.00,3637.63372,N,12727.45877,E,2,12,63.5
2026-05-16 23:21:02,142102.00,3637.63339,N,12727.45850,E,2,12,63.5
2026-05-16 23:21:04,142104.00,3637.63262,N,12727.45770,E,2,12,63.7
2026-05-16 23:21:05,142105.00,3637.63230,N,12727.45732,E,2,12,63.7
2026-05-16 23:21:07,142107.00,3637.63158,N,12727.45659,E,2,12,64.5
2026-05-16 23:21:08,142108.00,3637.63123,N,12727.45647,E,2,12,64.6
2026-05-16 23:21:09,142109.00,3637.63086,N,12727.45607,E,2,12,64.4
2026-05-16 23:21:11,142111.00,3637.63011,N,12727.45511,E,2,12,64.3
2026-05-16 23:21:13,142113.00,3637.62927,N,12727.45440,E,2,12,64.0
2026-05-16 23:21:14,142114.00,3637.62883,N,12727.45411,E,2,12,64.1
2026-05-16 23:21:15,142115.00,3637.62847,N,12727.45385,E,2,12,64.1
2026-05-16 23:21:17,142117.00,3637.62771,N,12727.45305,E,2,12,64.3
2026-05-16 23:21:18,142118.00,3637.62727,N,12727.45263,E,2,12,64.4
2026-05-16 23:21:20,142120.00,3637.62654,N,12727.45188,E,2,12,64.7
2026-05-16 23:21:21,142121.00,3637.62626,N,12727.45173,E,2,12,64.7
2026-05-16 23:21:23,142123.00,3637.62609,N,12727.45156,E,2,12,65.0
2026-05-16 23:21:24,142124.00,3637.62603,N,12727.45146,E,2,12,65.2
2026-05-16 23:21:26,142126.00,3637.62547,N,12727.45084,E,2,12,65.5
2026-05-16 23:21:28,142128.00,3637.62464,N,12727.45013,E,2,12,65.8
2026-05-16 23:21:29,142129.00,3637.62412,N,12727.44976,E,2,12,65.5
2026-05-16 23:21:30,142130.00,3637.62370,N,12727.44947,E,2,12,65.6
2026-05-16 23:21:32,142132.00,3637.62284,N,12727.44892,E,2,12,65.5
2026-05-16 23:21:34,142134.00,3637.62184,N,12727.44855,E,2,12,65.7
2026-05-16 23:21:35,142135.00,3637.62152,N,12727.44818,E,2,12,65.8
2026-05-16 23:21:37,142137.00,3637.62078,N,12727.44745,E,2,12,66.1
2026-05-16 23:21:38,142138.00,3637.62024,N,12727.44697,E,2,12,66.5
2026-05-16 23:21:39,142139.00,3637.61982,N,12727.44665,E,2,12,66.0
2026-05-16 23:21:40,142140.00,3637.61934,N,12727.44634,E,2,12,65.9
2026-05-16 23:21:42,142142.00,3637.61828,N,12727.44505,E,2,12,66.3
2026-05-16 23:21:44,142144.00,3637.61716,N,12727.44488,E,2,12,66.7
2026-05-16 23:21:46,142146.00,3637.61599,N,12727.44439,E,2,12,66.9
2026-05-16 23:21:47,142147.00,3637.61536,N,12727.44422,E,2,12,67.0
2026-05-16 23:21:49,142149.00,3637.61407,N,12727.44368,E,2,12,67.2
2026-05-16 23:21:50,142150.00,3637.61353,N,12727.44344,E,2,12,67.3
2026-05-16 23:21:52,142152.00,3637.61232,N,12727.44304,E,2,12,67.3
2026-05-16 23:21:54,142154.00,3637.61126,N,12727.44296,E,2,12,67.6
2026-05-16 23:21:56,142156.00,3637.60997,N,12727.44274,E,2,12,67.7
2026-05-16 23:21:58,142158.00,3637.60887,N,12727.44289,E,2,12,68.0
2026-05-16 23:21:59,142159.00,3637.60823,N,12727.44270,E,2,12,68.2
2026-05-16 23:22:01,142201.00,3637.60704,N,12727.44262,E,2,12,68.2
2026-05-16 23:22:02,142202.00,3637.60654,N,12727.44258,E,2,12,68.3
2026-05-16 23:22:03,142203.00,3637.60600,N,12727.44250,E,2,12,68.5
2026-05-16 23:22:05,142205.00,3637.60468,N,12727.44222,E,2,12,68.7
2026-05-16 23:22:06,142206.00,3637.60413,N,12727.44235,E,2,12,68.6
2026-05-16 23:22:08,142208.00,3637.60308,N,12727.44232,E,2,12,68.6
2026-05-16 23:22:10,142210.00,3637.60177,N,12727.44215,E,2,12,68.5
2026-05-16 23:22:12,142212.00,3637.60049,N,12727.44231,E,2,12,68.6
2026-05-16 23:22:14,142214.00,3637.59947,N,12727.44219,E,2,12,68.8
2026-05-16 23:22:16,142216.00,3637.59808,N,12727.44199,E,2,12,69.6
2026-05-16 23:22:18,142218.00,3637.59705,N,12727.44201,E,2,12,69.9
2026-05-16 23:22:20,142220.00,3637.59605,N,12727.44204,E,2,12,69.7
2026-05-16 23:22:21,142221.00,3637.59533,N,12727.44196,E,2,12,70.0
2026-05-16 23:22:23,142223.00,3637.59438,N,12727.44205,E,2,12,69.8
2026-05-16 23:22:25,142225.00,3637.59321,N,12727.44176,E,2,12,69.8
2026-05-16 23:22:26,142226.00,3637.59262,N,12727.44178,E,2,12,70.1
2026-05-16 23:22:28,142228.00,3637.59169,N,12727.44167,E,2,12,70.1
2026-05-16 23:22:30,142230.00,3637.59109,N,12727.44162,E,2,12,70.1
2026-05-16 23:22:32,142232.00,3637.59030,N,12727.44135,E,2,12,70.2
2026-05-16 23:22:34,142234.00,3637.58907,N,12727.44109,E,1,12,70.3
2026-05-16 23:22:35,142235.00,3637.58860,N,12727.44114,E,2,12,70.3
2026-05-16 23:22:37,142237.00,3637.58792,N,12727.44115,E,2,12,70.1
2026-05-16 23:22:39,142239.00,3637.58709,N,12727.44132,E,2,12,70.3
2026-05-16 23:22:41,142241.00,3637.58621,N,12727.44119,E,2,12,70.2
2026-05-16 23:22:43,142243.00,3637.58526,N,12727.44108,E,2,12,69.9
2026-05-16 23:22:44,142244.00,3637.58474,N,12727.44091,E,2,12,69.9
2026-05-16 23:22:46,142246.00,3637.58365,N,12727.44078,E,2,12,69.9
2026-05-16 23:22:48,142248.00,3637.58266,N,12727.44084,E,2,12,69.9
2026-05-16 23:22:49,142249.00,3637.58213,N,12727.44073,E,2,12,69.7
2026-05-16 23:22:51,142251.00,3637.58096,N,12727.44051,E,2,12,69.7
2026-05-16 23:22:52,142252.00,3637.58048,N,12727.44047,E,2,12,70.0
2026-05-16 23:22:54,142254.00,3637.57930,N,12727.44009,E,2,12,69.8
2026-05-16 23:22:55,142255.00,3637.57872,N,12727.44008,E,2,12,69.9
2026-05-16 23:22:57,142257.00,3637.57774,N,12727.44009,E,2,12,69.9
2026-05-16 23:22:59,142259.00,3637.57648,N,12727.43961,E,2,12,69.8
2026-05-16 23:23:01,142301.00,3637.57522,N,12727.43943,E,2,12,70.4
2026-05-16 23:23:03,142303.00,3637.57431,N,12727.43906,E,2,12,70.6
2026-05-16 23:23:04,142304.00,3637.57386,N,12727.43868,E,2,12,70.7
2026-05-16 23:23:05,142305.00,3637.57329,N,12727.43848,E,2,12,70.9
2026-05-16 23:23:07,142307.00,3637.57230,N,12727.43830,E,2,12,70.9
2026-05-16 23:23:08,142308.00,3637.57179,N,12727.43807,E,2,12,70.9
2026-05-16 23:23:10,142310.00,3637.57115,N,12727.43783,E,2,12,70.9
2026-05-16 23:23:11,142311.00,3637.57073,N,12727.43766,E,2,12,71.0
2026-05-16 23:23:13,142313.00,3637.56954,N,12727.43667,E,2,12,71.4
2026-05-16 23:23:15,142315.00,3637.56841,N,12727.43664,E,2,12,71.3
2026-05-16 23:23:17,142317.00,3637.56737,N,12727.43618,E,2,12,71.5
2026-05-16 23:23:19,142319.00,3637.56613,N,12727.43584,E,2,12,71.7
2026-05-16 23:23:20,142320.00,3637.56560,N,12727.43581,E,2,12,71.6
2026-05-16 23:23:21,142321.00,3637.56512,N,12727.43558,E,2,12,71.7
2026-05-16 23:23:22,142322.00,3637.56460,N,12727.43531,E,2,12,71.6
2026-05-16 23:23:24,142324.00,3637.56365,N,12727.43514,E,2,12,71.6
2026-05-16 23:23:25,142325.00,3637.56315,N,12727.43495,E,2,12,71.6
2026-05-16 23:23:27,142327.00,3637.56187,N,12727.43449,E,2,12,70.9
2026-05-16 23:23:28,142328.00,3637.56123,N,12727.43422,E,2,12,71.0
2026-05-16 23:23:29,142329.00,3637.56063,N,12727.43411,E,2,12,71.1
2026-05-16 23:23:31,142331.00,3637.55959,N,12727.43404,E,2,12,71.1
2026-05-16 23:23:33,142333.00,3637.55861,N,12727.43354,E,2,12,71.0
2026-05-16 23:23:35,142335.00,3637.55763,N,12727.43341,E,2,12,71.1
2026-05-16 23:23:36,142336.00,3637.55719,N,12727.43320,E,2,12,71.2
2026-05-16 23:23:38,142338.00,3637.55619,N,12727.43312,E,2,12,71.5
2026-05-16 23:23:39,142339.00,3637.55578,N,12727.43319,E,2,12,71.6
2026-05-16 23:23:41,142341.00,3637.55503,N,12727.43329,E,2,12,71.8
2026-05-16 23:23:42,142342.00,3637.55464,N,12727.43327,E,2,12,71.9
2026-05-16 23:23:44,142344.00,3637.55383,N,12727.43313,E,2,12,72.1
2026-05-16 23:23:45,142345.00,3637.55336,N,12727.43278,E,2,12,72.4
2026-05-16 23:23:47,142347.00,3637.55248,N,12727.43243,E,2,12,72.7
2026-05-16 23:23:49,142349.00,3637.55154,N,12727.43182,E,2,12,72.5
2026-05-16 23:23:51,142351.00,3637.55055,N,12727.43155,E,2,12,72.4
2026-05-16 23:23:52,142352.00,3637.55001,N,12727.43130,E,2,12,72.4
2026-05-16 23:23:54,142354.00,3637.54876,N,12727.43066,E,2,12,72.8
2026-05-16 23:23:55,142355.00,3637.54813,N,12727.43051,E,2,12,73.0
2026-05-16 23:23:57,142357.00,3637.54709,N,12727.43019,E,2,12,73.3
2026-05-16 23:23:58,142358.00,3637.54649,N,12727.42995,E,2,12,73.3
2026-05-16 23:23:59,142359.00,3637.54593,N,12727.42945,E,2,12,73.4
2026-05-16 23:24:00,142400.00,3637.54535,N,12727.42906,E,2,12,73.5
2026-05-16 23:24:01,142401.00,3637.54477,N,12727.42884,E,2,12,73.4
2026-05-16 23:24:03,142403.00,3637.54386,N,12727.42810,E,2,12,73.4
2026-05-16 23:24:05,142405.00,3637.54298,N,12727.42718,E,2,12,73.3
2026-05-16 23:24:07,142407.00,3637.54200,N,12727.42646,E,2,12,73.1
2026-05-16 23:24:08,142408.00,3637.54151,N,12727.42615,E,2,12,73.1
2026-05-16 23:24:10,142410.00,3637.54056,N,12727.42529,E,2,12,73.1
2026-05-16 23:24:11,142411.00,3637.54004,N,12727.42479,E,2,12,73.0
2026-05-16 23:24:12,142412.00,3637.53951,N,12727.42441,E,2,12,73.0
2026-05-16 23:24:14,142414.00,3637.53847,N,12727.42375,E,2,12,72.9
2026-05-16 23:24:16,142416.00,3637.53762,N,12727.42312,E,2,12,72.8
2026-05-16 23:24:18,142418.00,3637.53658,N,12727.42217,E,2,12,72.8
2026-05-16 23:24:19,142419.00,3637.53606,N,12727.42174,E,2,12,72.9
2026-05-16 23:24:21,142421.00,3637.53459,N,12727.42167,E,2,12,72.5
2026-05-16 23:24:23,142423.00,3637.53339,N,12727.42242,E,2,12,72.2
2026-05-16 23:24:24,142424.00,3637.53306,N,12727.42287,E,2,12,72.2
2026-05-16 23:24:26,142426.00,3637.53215,N,12727.42371,E,2,12,72.3
2026-05-16 23:24:28,142428.00,3637.53111,N,12727.42458,E,2,12,72.2
2026-05-16 23:24:29,142429.00,3637.53053,N,12727.42499,E,2,12,72.3
2026-05-16 23:24:31,142431.00,3637.52974,N,12727.42603,E,2,12,72.5
2026-05-16 23:24:32,142432.00,3637.52926,N,12727.42650,E,2,12,72.8
2026-05-16 23:24:34,142434.00,3637.52833,N,12727.42737,E,2,12,72.9
2026-05-16 23:24:35,142435.00,3637.52783,N,12727.42790,E,2,12,72.9
2026-05-16 23:24:36,142436.00,3637.52738,N,12727.42852,E,2,12,72.9
2026-05-16 23:24:38,142438.00,3637.52661,N,12727.42966,E,2,12,72.9
2026-05-16 23:24:40,142440.00,3637.52569,N,12727.43069,E,2,12,72.9
2026-05-16 23:24:41,142441.00,3637.52516,N,12727.43123,E,2,12,72.8
2026-05-16 23:24:43,142443.00,3637.52416,N,12727.43233,E,2,12,72.6
2026-05-16 23:24:45,142445.00,3637.52315,N,12727.43305,E,2,12,72.2
2026-05-16 23:24:46,142446.00,3637.52264,N,12727.43344,E,2,12,72.2
2026-05-16 23:24:48,142448.00,3637.52171,N,12727.43436,E,2,12,72.1
2026-05-16 23:24:50,142450.00,3637.52092,N,12727.43566,E,2,12,72.5
2026-05-16 23:24:52,142452.00,3637.52032,N,12727.43681,E,2,12,72.5
2026-05-16 23:24:53,142453.00,3637.51978,N,12727.43727,E,2,12,73.0
2026-05-16 23:24:55,142455.00,3637.51888,N,12727.43823,E,2,12,73.1
2026-05-16 23:24:56,142456.00,3637.51847,N,12727.43876,E,2,12,73.2
2026-05-16 23:24:58,142458.00,3637.51779,N,12727.43968,E,2,12,72.9
2026-05-16 23:24:59,142459.00,3637.51735,N,12727.44020,E,2,12,72.8
2026-05-16 23:25:01,142501.00,3637.51651,N,12727.44133,E,2,12,72.9
2026-05-16 23:25:03,142503.00,3637.51582,N,12727.44251,E,2,12,72.7
2026-05-16 23:25:05,142505.00,3637.51504,N,12727.44346,E,2,12,72.7
2026-05-16 23:25:07,142507.00,3637.51413,N,12727.44453,E,2,12,72.8
2026-05-16 23:25:08,142508.00,3637.51367,N,12727.44498,E,2,12,72.9
2026-05-16 23:25:09,142509.00,3637.51323,N,12727.44535,E,2,12,72.7
2026-05-16 23:25:10,142510.00,3637.51291,N,12727.44581,E,2,12,72.6
2026-05-16 23:25:12,142512.00,3637.51210,N,12727.44691,E,2,12,72.3
2026-05-16 23:25:14,142514.00,3637.51141,N,12727.44811,E,2,12,72.1
2026-05-16 23:25:16,142516.00,3637.51077,N,12727.44933,E,2,12,71.8
2026-05-16 23:25:17,142517.00,3637.51045,N,12727.44988,E,2,12,71.9
2026-05-16 23:25:19,142519.00,3637.50967,N,12727.45124,E,2,12,72.0
2026-05-16 23:25:20,142520.00,3637.50946,N,12727.45212,E,2,12,72.5
2026-05-16 23:25:22,142522.00,3637.50930,N,12727.45364,E,2,12,72.6
2026-05-16 23:25:23,142523.00,3637.50931,N,12727.45438,E,2,12,72.7
2026-05-16 23:25:25,142525.00,3637.50938,N,12727.45605,E,2,12,72.6
2026-05-16 23:25:26,142526.00,3637.50942,N,12727.45693,E,2,12,72.5
2026-05-16 23:25:28,142528.00,3637.50956,N,12727.45856,E,2,12,72.8
2026-05-16 23:25:29,142529.00,3637.50977,N,12727.45928,E,2,12,72.5
2026-05-16 23:25:30,142530.00,3637.51002,N,12727.45995,E,2,12,72.5
2026-05-16 23:25:32,142532.00,3637.51025,N,12727.46151,E,2,12,72.6
2026-05-16 23:25:33,142533.00,3637.51026,N,12727.46234,E,2,12,72.5
2026-05-16 23:25:34,142534.00,3637.51026,N,12727.46312,E,2,12,72.4
2026-05-16 23:25:35,142535.00,3637.51045,N,12727.46393,E,2,12,72.6
2026-05-16 23:25:37,142537.00,3637.51057,N,12727.46527,E,2,12,72.6
2026-05-16 23:25:39,142539.00,3637.51067,N,12727.46690,E,2,12,72.5
2026-05-16 23:25:40,142540.00,3637.51071,N,12727.46777,E,2,12,72.6
2026-05-16 23:25:41,142541.00,3637.51091,N,12727.46857,E,2,12,72.5
2026-05-16 23:25:43,142543.00,3637.51124,N,12727.47002,E,2,12,72.9
2026-05-16 23:25:44,142544.00,3637.51135,N,12727.47067,E,2,12,72.9
2026-05-16 23:25:45,142545.00,3637.51140,N,12727.47134,E,2,12,72.6
2026-05-16 23:25:47,142547.00,3637.51160,N,12727.47280,E,2,12,71.9
2026-05-16 23:25:49,142549.00,3637.51190,N,12727.47429,E,2,12,71.7
2026-05-16 23:25:51,142551.00,3637.51176,N,12727.47559,E,2,12,71.6
2026-05-16 23:25:53,142553.00,3637.51158,N,12727.47710,E,2,12,71.7
2026-05-16 23:25:54,142554.00,3637.51136,N,12727.47803,E,2,12,71.9
2026-05-16 23:25:56,142556.00,3637.51123,N,12727.47948,E,2,12,72.5
2026-05-16 23:25:58,142558.00,3637.51126,N,12727.48027,E,2,12,73.2
2026-05-16 23:26:00,142600.00,3637.51107,N,12727.48117,E,2,12,73.0
2026-05-16 23:26:01,142601.00,3637.51083,N,12727.48125,E,2,12,72.3
2026-05-16 23:26:02,142602.00,3637.51072,N,12727.48124,E,2,12,72.2
2026-05-16 23:26:04,142604.00,3637.51072,N,12727.48127,E,2,12,72.3
2026-05-16 23:26:06,142606.00,3637.51079,N,12727.48198,E,2,12,72.8
2026-05-16 23:26:07,142607.00,3637.51079,N,12727.48209,E,2,12,72.0
2026-05-16 23:26:09,142609.00,3637.51084,N,12727.48253,E,2,12,70.6
2026-05-16 23:26:10,142610.00,3637.51068,N,12727.48266,E,2,12,70.5
2026-05-16 23:26:12,142612.00,3637.50975,N,12727.48351,E,2,12,69.6
2026-05-16 23:26:13,142613.00,3637.50931,N,12727.48398,E,2,12,69.4
2026-05-16 23:26:14,142614.00,3637.50903,N,12727.48445,E,2,12,69.6
2026-05-16 23:26:16,142616.00,3637.50831,N,12727.48550,E,2,12,69.9
2026-05-16 23:26:17,142617.00,3637.50784,N,12727.48620,E,2,12,70.1
2026-05-16 23:26:18,142618.00,3637.50738,N,12727.48678,E,2,12,69.9
2026-05-16 23:26:20,142620.00,3637.50646,N,12727.48758,E,2,12,68.3
2026-05-16 23:26:21,142621.00,3637.50645,N,12727.48755,E,2,12,68.1
2026-05-16 23:26:23,142623.00,3637.50711,N,12727.48726,E,2,12,67.5
2026-05-16 23:26:25,142625.00,3637.50738,N,12727.48707,E,2,12,68.1
2026-05-16 23:26:26,142626.00,3637.50760,N,12727.48667,E,2,12,68.4
2026-05-16 23:26:27,142627.00,3637.50785,N,12727.48614,E,2,12,69.0
2026-05-16 23:26:28,142628.00,3637.50818,N,12727.48558,E,2,12,69.0
2026-05-16 23:26:30,142630.00,3637.50882,N,12727.48452,E,2,12,68.6
2026-05-16 23:26:32,142632.00,3637.50920,N,12727.48409,E,2,12,69.6
2026-05-16 23:26:33,142633.00,3637.50946,N,12727.48388,E,2,12,70.0
2026-05-16 23:26:35,142635.00,3637.50993,N,12727.48350,E,2,12,69.7
2026-05-16 23:26:37,142637.00,3637.51025,N,12727.48278,E,2,12,69.6
2026-05-16 23:26:39,142639.00,3637.51061,N,12727.48210,E,2,12,69.6
2026-05-16 23:26:41,142641.00,3637.51059,N,12727.48054,E,2,12,70.2
2026-05-16 23:26:42,142642.00,3637.51087,N,12727.48002,E,2,12,70.6
2026-05-16 23:26:44,142644.00,3637.51150,N,12727.47894,E,2,12,71.8
2026-05-16 23:26:45,142645.00,3637.51167,N,12727.47830,E,2,12,72.2
2026-05-16 23:26:47,142647.00,3637.51177,N,12727.47715,E,2,12,72.8
2026-05-16 23:26:48,142648.00,3637.51159,N,12727.47667,E,2,12,73.1
2026-05-16 23:26:50,142650.00,3637.51145,N,12727.47536,E,2,12,73.5
2026-05-16 23:26:51,142651.00,3637.51142,N,12727.47454,E,2,12,73.9
2026-05-16 23:26:53,142653.00,3637.51119,N,12727.47301,E,2,12,74.0
2026-05-16 23:26:55,142655.00,3637.51085,N,12727.47192,E,2,12,73.8
2026-05-16 23:26:56,142656.00,3637.51068,N,12727.47138,E,2,12,74.1
2026-05-16 23:26:58,142658.00,3637.51008,N,12727.47029,E,2,12,74.2
2026-05-16 23:26:59,142659.00,3637.50963,N,12727.46980,E,2,12,74.2
2026-05-16 23:27:00,142700.00,3637.50918,N,12727.46951,E,2,12,73.7
2026-05-16 23:27:02,142702.00,3637.50839,N,12727.46872,E,2,12,73.8
2026-05-16 23:27:03,142703.00,3637.50808,N,12727.46830,E,2,12,73.8
2026-05-16 23:27:05,142705.00,3637.50725,N,12727.46761,E,2,12,73.8
2026-05-16 23:27:06,142706.00,3637.50684,N,12727.46720,E,2,12,73.8
2026-05-16 23:27:08,142708.00,3637.50601,N,12727.46652,E,2,12,73.4
2026-05-16 23:27:10,142710.00,3637.50515,N,12727.46564,E,2,12,73.4
2026-05-16 23:27:11,142711.00,3637.50470,N,12727.46532,E,2,12,73.4
2026-05-16 23:27:12,142712.00,3637.50426,N,12727.46513,E,2,12,73.4
2026-05-16 23:27:14,142714.00,3637.50315,N,12727.46425,E,2,12,74.1
2026-05-16 23:27:15,142715.00,3637.50272,N,12727.46374,E,2,12,74.4
2026-05-16 23:27:16,142716.00,3637.50228,N,12727.46335,E,2,12,74.1
2026-05-16 23:27:18,142718.00,3637.50151,N,12727.46236,E,2,12,74.1
2026-05-16 23:27:20,142720.00,3637.50062,N,12727.46120,E,2,12,73.9
2026-05-16 23:27:22,142722.00,3637.49980,N,12727.46022,E,2,12,73.7
2026-05-16 23:27:23,142723.00,3637.49941,N,12727.45987,E,2,12,74.0
2026-05-16 23:27:25,142725.00,3637.49855,N,12727.45884,E,2,12,74.1
2026-05-16 23:27:27,142727.00,3637.49779,N,12727.45773,E,2,12,74.0
2026-05-16 23:27:28,142728.00,3637.49752,N,12727.45715,E,2,12,73.9
2026-05-16 23:27:30,142730.00,3637.49682,N,12727.45637,E,2,12,73.8
2026-05-16 23:27:31,142731.00,3637.49651,N,12727.45590,E,2,12,72.9
2026-05-16 23:27:33,142733.00,3637.49575,N,12727.45484,E,2,12,73.0
2026-05-16 23:27:35,142735.00,3637.49516,N,12727.45423,E,2,12,72.3
2026-05-16 23:27:36,142736.00,3637.49485,N,12727.45370,E,2,12,71.5
2026-05-16 23:27:38,142738.00,3637.49395,N,12727.45262,E,2,12,72.3
2026-05-16 23:27:39,142739.00,3637.49348,N,12727.45212,E,2,12,72.4
2026-05-16 23:27:41,142741.00,3637.49270,N,12727.45136,E,2,12,72.6
2026-05-16 23:27:42,142742.00,3637.49221,N,12727.45083,E,2,12,72.7
2026-05-16 23:27:44,142744.00,3637.49122,N,12727.44987,E,2,12,72.8
2026-05-16 23:27:46,142746.00,3637.49034,N,12727.44928,E,2,12,72.6
2026-05-16 23:27:47,142747.00,3637.48992,N,12727.44877,E,2,12,73.0
2026-05-16 23:27:49,142749.00,3637.48896,N,12727.44775,E,2,12,72.9
2026-05-16 23:27:51,142751.00,3637.48795,N,12727.44689,E,2,12,73.4
2026-05-16 23:27:53,142753.00,3637.48708,N,12727.44599,E,2,12,74.0
2026-05-16 23:27:54,142754.00,3637.48664,N,12727.44540,E,2,12,74.1
2026-05-16 23:27:55,142755.00,3637.48606,N,12727.44491,E,2,12,74.3
2026-05-16 23:27:57,142757.00,3637.48505,N,12727.44416,E,2,12,74.4
2026-05-16 23:27:58,142758.00,3637.48464,N,12727.44385,E,2,12,74.5
2026-05-16 23:27:59,142759.00,3637.48419,N,12727.44348,E,2,12,74.6
2026-05-16 23:28:00,142800.00,3637.48370,N,12727.44315,E,2,12,74.6
2026-05-16 23:28:02,142802.00,3637.48274,N,12727.44304,E,2,12,74.5
2026-05-16 23:28:03,142803.00,3637.48232,N,12727.44303,E,2,12,74.6
2026-05-16 23:28:05,142805.00,3637.48119,N,12727.44297,E,2,12,74.8
2026-05-16 23:28:06,142806.00,3637.48071,N,12727.44313,E,2,12,74.8
2026-05-16 23:28:08,142808.00,3637.47976,N,12727.44341,E,2,12,74.9
2026-05-16 23:28:10,142810.00,3637.47862,N,12727.44382,E,2,12,75.1
2026-05-16 23:28:11,142811.00,3637.47816,N,12727.44425,E,2,12,75.2
2026-05-16 23:28:12,142812.00,3637.47783,N,12727.44468,E,2,12,75.2
2026-05-16 23:28:14,142814.00,3637.47755,N,12727.44507,E,2,12,75.1
2026-05-16 23:28:16,142816.00,3637.47806,N,12727.44463,E,2,12,75.2
2026-05-16 23:28:17,142817.00,3637.47833,N,12727.44419,E,2,12,75.3
2026-05-16 23:28:19,142819.00,3637.47891,N,12727.44299,E,2,12,75.3
2026-05-16 23:28:20,142820.00,3637.47899,N,12727.44240,E,2,12,75.2
2026-05-16 23:28:21,142821.00,3637.47907,N,12727.44179,E,2,12,75.1
2026-05-16 23:28:23,142823.00,3637.47958,N,12727.44063,E,2,12,75.2
2026-05-16 23:28:25,142825.00,3637.48000,N,12727.43970,E,2,12,75.5
2026-05-16 23:28:27,142827.00,3637.47999,N,12727.43942,E,2,12,75.8
2026-05-16 23:28:29,142829.00,3637.47995,N,12727.43933,E,2,12,76.1
2026-05-16 23:28:31,142831.00,3637.47988,N,12727.43925,E,2,12,76.3
2026-05-16 23:28:32,142832.00,3637.47993,N,12727.43916,E,2,12,76.4
2026-05-16 23:28:34,142834.00,3637.48042,N,12727.43842,E,2,12,76.2
2026-05-16 23:28:35,142835.00,3637.48085,N,12727.43794,E,2,12,76.1
2026-05-16 23:28:36,142836.00,3637.48139,N,12727.43750,E,2,12,76.1
2026-05-16 23:28:38,142838.00,3637.48206,N,12727.43634,E,2,12,75.8
2026-05-16 23:28:40,142840.00,3637.48257,N,12727.43517,E,2,12,75.7
2026-05-16 23:28:41,142841.00,3637.48299,N,12727.43461,E,2,12,75.9
2026-05-16 23:28:43,142843.00,3637.48392,N,12727.43346,E,2,12,75.8
2026-05-16 23:28:44,142844.00,3637.48437,N,12727.43287,E,2,12,75.9
2026-05-16 23:28:46,142846.00,3637.48526,N,12727.43190,E,2,12,75.7
2026-05-16 23:28:47,142847.00,3637.48566,N,12727.43158,E,2,12,75.7
2026-05-16 23:28:49,142849.00,3637.48665,N,12727.43080,E,2,12,75.7
2026-05-16 23:28:51,142851.00,3637.48758,N,12727.42994,E,2,12,75.7
2026-05-16 23:28:52,142852.00,3637.48802,N,12727.42951,E,2,12,75.7
2026-05-16 23:28:53,142853.00,3637.48842,N,12727.42902,E,2,12,75.7
2026-05-16 23:28:55,142855.00,3637.48935,N,12727.42804,E,2,12,75.6
2026-05-16 23:28:56,142856.00,3637.48984,N,12727.42752,E,2,12,75.7
2026-05-16 23:28:58,142858.00,3637.49073,N,12727.42646,E,2,12,75.6
2026-05-16 23:28:59,142859.00,3637.49097,N,12727.42593,E,2,12,75.3
2026-05-16 23:29:01,142901.00,3637.49156,N,12727.42467,E,2,12,75.3
2026-05-16 23:29:02,142902.00,3637.49184,N,12727.42394,E,2,12,75.3
2026-05-16 23:29:04,142904.00,3637.49242,N,12727.42256,E,2,12,75.3
2026-05-16 23:29:05,142905.00,3637.49280,N,12727.42198,E,2,12,75.1
2026-05-16 23:29:07,142907.00,3637.49341,N,12727.42084,E,2,12,75.1
2026-05-16 23:29:09,142909.00,3637.49413,N,12727.41958,E,2,12,75.0
2026-05-16 23:29:11,142911.00,3637.49473,N,12727.41824,E,2,12,75.1
2026-05-16 23:29:13,142913.00,3637.49540,N,12727.41722,E,2,12,75.1
2026-05-16 23:29:14,142914.00,3637.49581,N,12727.41682,E,2,12,75.1
2026-05-16 23:29:16,142916.00,3637.49683,N,12727.41595,E,2,12,75.0
2026-05-16 23:29:18,142918.00,3637.49768,N,12727.41477,E,2,12,75.0
2026-05-16 23:29:20,142920.00,3637.49836,N,12727.41375,E,2,12,74.8
2026-05-16 23:29:22,142922.00,3637.49936,N,12727.41287,E,2,12,74.7
2026-05-16 23:29:23,142923.00,3637.49990,N,12727.41240,E,2,12,74.6
2026-05-16 23:29:25,142925.00,3637.50105,N,12727.41133,E,2,12,74.7
2026-05-16 23:29:27,142927.00,3637.50184,N,12727.41014,E,2,12,74.5
2026-05-16 23:29:29,142929.00,3637.50250,N,12727.40914,E,2,12,74.1
2026-05-16 23:29:31,142931.00,3637.50328,N,12727.40802,E,2,12,73.8
2026-05-16 23:29:32,142932.00,3637.50372,N,12727.40752,E,2,12,73.5
2026-05-16 23:29:34,142934.00,3637.50459,N,12727.40640,E,2,12,73.1
2026-05-16 23:29:36,142936.00,3637.50554,N,12727.40519,E,2,12,73.1
2026-05-16 23:29:38,142938.00,3637.50636,N,12727.40383,E,2,12,72.7
2026-05-16 23:29:40,142940.00,3637.50697,N,12727.40302,E,2,12,72.3
2026-05-16 23:29:42,142942.00,3637.50779,N,12727.40212,E,2,12,71.9
2026-05-16 23:29:44,142944.00,3637.50904,N,12727.40145,E,2,12,72.2
2026-05-16 23:29:46,142946.00,3637.51003,N,12727.40114,E,2,12,72.3
2026-05-16 23:29:47,142947.00,3637.51053,N,12727.40123,E,2,12,72.2
2026-05-16 23:29:48,142948.00,3637.51101,N,12727.40149,E,2,12,72.2
2026-05-16 23:29:50,142950.00,3637.51186,N,12727.40200,E,2,12,71.9
2026-05-16 23:29:52,142952.00,3637.51258,N,12727.40281,E,2,12,71.8
2026-05-16 23:29:53,142953.00,3637.51301,N,12727.40329,E,2,12,71.7
2026-05-16 23:29:55,142955.00,3637.51386,N,12727.40371,E,2,12,71.4
2026-05-16 23:29:56,142956.00,3637.51427,N,12727.40403,E,2,12,71.4
2026-05-16 23:29:58,142958.00,3637.51530,N,12727.40486,E,2,12,71.4
2026-05-16 23:29:59,142959.00,3637.51589,N,12727.40521,E,2,12,71.5
2026-05-16 23:30:01,143001.00,3637.51678,N,12727.40589,E,2,12,71.4
2026-05-16 23:30:03,143003.00,3637.51739,N,12727.40651,E,2,12,72.0
2026-05-16 23:30:04,143004.00,3637.51759,N,12727.40659,E,2,12,72.2
2026-05-16 23:30:05,143005.00,3637.51793,N,12727.40693,E,2,12,72.5
2026-05-16 23:30:07,143007.00,3637.51892,N,12727.40781,E,2,12,73.0
2026-05-16 23:30:09,143009.00,3637.51973,N,12727.40845,E,2,12,73.4
2026-05-16 23:30:11,143011.00,3637.52065,N,12727.40937,E,2,12,73.6
2026-05-16 23:30:12,143012.00,3637.52124,N,12727.40971,E,2,12,73.7
2026-05-16 23:30:13,143013.00,3637.52173,N,12727.40988,E,2,12,73.5
2026-05-16 23:30:15,143015.00,3637.52264,N,12727.41056,E,2,12,73.4
2026-05-16 23:30:17,143017.00,3637.52362,N,12727.41145,E,2,12,73.7
2026-05-16 23:30:18,143018.00,3637.52401,N,12727.41194,E,2,12,74.1
2026-05-16 23:30:20,143020.00,3637.52483,N,12727.41286,E,2,12,74.6
2026-05-16 23:30:21,143021.00,3637.52497,N,12727.41334,E,2,12,75.2
2026-05-16 23:30:22,143022.00,3637.52504,N,12727.41340,E,2,12,75.5
2026-05-16 23:30:23,143023.00,3637.52507,N,12727.41341,E,2,12,75.5
2026-05-16 23:30:25,143025.00,3637.52578,N,12727.41377,E,2,12,75.1
2026-05-16 23:30:27,143027.00,3637.52662,N,12727.41472,E,2,12,75.0
2026-05-16 23:30:29,143029.00,3637.52782,N,12727.41557,E,2,12,75.1
2026-05-16 23:30:30,143030.00,3637.52835,N,12727.41590,E,2,12,74.9
2026-05-16 23:30:32,143032.00,3637.52941,N,12727.41673,E,2,12,74.8
2026-05-16 23:30:34,143034.00,3637.53060,N,12727.41749,E,2,12,74.5
2026-05-16 23:30:36,143036.00,3637.53138,N,12727.41820,E,2,12,74.0
2026-05-16 23:30:38,143038.00,3637.53224,N,12727.41916,E,2,12,74.0
2026-05-16 23:30:40,143040.00,3637.53319,N,12727.42019,E,2,12,74.2
2026-05-16 23:30:41,143041.00,3637.53374,N,12727.42061,E,2,12,74.3
2026-05-16 23:30:43,143043.00,3637.53477,N,12727.42132,E,2,12,74.5
2026-05-16 23:30:44,143044.00,3637.53530,N,12727.42164,E,2,12,74.7
2026-05-16 23:30:46,143046.00,3637.53624,N,12727.42237,E,2,12,74.8
2026-05-16 23:30:47,143047.00,3637.53666,N,12727.42276,E,2,12,74.8
2026-05-16 23:30:49,143049.00,3637.53754,N,12727.42350,E,2,12,75.0
2026-05-16 23:30:50,143050.00,3637.53805,N,12727.42398,E,2,12,74.9
2026-05-16 23:30:51,143051.00,3637.53850,N,12727.42434,E,2,12,75.0
2026-05-16 23:30:53,143053.00,3637.53956,N,12727.42499,E,2,12,75.1
2026-05-16 23:30:54,143054.00,3637.54000,N,12727.42525,E,2,12,75.1
2026-05-16 23:30:55,143055.00,3637.54047,N,12727.42554,E,2,12,75.2
2026-05-16 23:30:57,143057.00,3637.54144,N,12727.42651,E,2,12,75.1
2026-05-16 23:30:59,143059.00,3637.54236,N,12727.42718,E,2,12,75.0
2026-05-16 23:31:00,143100.00,3637.54281,N,12727.42750,E,2,12,75.2
2026-05-16 23:31:02,143102.00,3637.54373,N,12727.42850,E,2,12,75.3
2026-05-16 23:31:04,143104.00,3637.54468,N,12727.42950,E,2,12,75.1
2026-05-16 23:31:05,143105.00,3637.54521,N,12727.42969,E,2,12,75.0
2026-05-16 23:31:07,143107.00,3637.54625,N,12727.42999,E,2,12,75.0
2026-05-16 23:31:09,143109.00,3637.54741,N,12727.43063,E,2,12,74.9
2026-05-16 23:31:10,143110.00,3637.54802,N,12727.43099,E,2,12,74.9
2026-05-16 23:31:12,143112.00,3637.54933,N,12727.43147,E,2,12,74.9
2026-05-16 23:31:14,143114.00,3637.55048,N,12727.43139,E,2,12,74.5
2026-05-16 23:31:15,143115.00,3637.55101,N,12727.43157,E,2,12,74.7
2026-05-16 23:31:17,143117.00,3637.55221,N,12727.43226,E,2,12,74.6
2026-05-16 23:31:19,143119.00,3637.55356,N,12727.43295,E,2,12,74.1
2026-05-16 23:31:21,143121.00,3637.55491,N,12727.43340,E,2,12,73.7
2026-05-16 23:31:22,143122.00,3637.55564,N,12727.43373,E,2,12,73.6
2026-05-16 23:31:24,143124.00,3637.55726,N,12727.43431,E,2,12,73.9
2026-05-16 23:31:26,143126.00,3637.55878,N,12727.43462,E,2,12,73.5
2026-05-16 23:31:27,143127.00,3637.55941,N,12727.43471,E,2,12,73.3
2026-05-16 23:31:28,143128.00,3637.55997,N,12727.43472,E,2,12,73.0
2026-05-16 23:31:29,143129.00,3637.56047,N,12727.43468,E,2,12,73.0
2026-05-16 23:31:31,143131.00,3637.56174,N,12727.43479,E,2,12,72.7
2026-05-16 23:31:33,143133.00,3637.56301,N,12727.43514,E,2,12,73.0
2026-05-16 23:31:35,143135.00,3637.56405,N,12727.43537,E,2,12,73.1
2026-05-16 23:31:36,143136.00,3637.56462,N,12727.43566,E,2,12,73.0
2026-05-16 23:31:38,143138.00,3637.56584,N,12727.43636,E,2,12,73.1
2026-05-16 23:31:40,143140.00,3637.56669,N,12727.43633,E,2,12,73.0
2026-05-16 23:31:42,143142.00,3637.56720,N,12727.43551,E,2,12,72.8
2026-05-16 23:31:44,143144.00,3637.56772,N,12727.43404,E,2,12,72.7
2026-05-16 23:31:46,143146.00,3637.56832,N,12727.43261,E,2,12,72.5
2026-05-16 23:31:48,143148.00,3637.56917,N,12727.43198,E,2,12,72.0
2026-05-16 23:31:49,143149.00,3637.56962,N,12727.43184,E,2,12,71.7
2026-05-16 23:31:50,143150.00,3637.57018,N,12727.43190,E,2,12,71.4
2026-05-16 23:31:52,143152.00,3637.57150,N,12727.43205,E,2,12,71.5
2026-05-16 23:31:54,143154.00,3637.57260,N,12727.43182,E,2,12,71.4
2026-05-16 23:31:56,143156.00,3637.57377,N,12727.43226,E,2,12,71.4
2026-05-16 23:31:57,143157.00,3637.57439,N,12727.43254,E,2,12,71.5
2026-05-16 23:31:59,143159.00,3637.57562,N,12727.43291,E,2,12,71.4
2026-05-16 23:32:00,143200.00,3637.57612,N,12727.43290,E,2,12,71.2
2026-05-16 23:32:02,143202.00,3637.57722,N,12727.43296,E,2,12,71.1
2026-05-16 23:32:03,143203.00,3637.57790,N,12727.43309,E,2,12,71.0
2026-05-16 23:32:05,143205.00,3637.57924,N,12727.43345,E,2,12,70.9
2026-05-16 23:32:06,143206.00,3637.57988,N,12727.43348,E,2,12,70.8
2026-05-16 23:32:08,143208.00,3637.58094,N,12727.43355,E,2,12,70.6
2026-05-16 23:32:09,143209.00,3637.58154,N,12727.43382,E,2,12,70.5
2026-05-16 23:32:10,143210.00,3637.58213,N,12727.43397,E,2,12,70.2
2026-05-16 23:32:12,143212.00,3637.58340,N,12727.43412,E,2,12,69.9
2026-05-16 23:32:13,143213.00,3637.58402,N,12727.43415,E,2,12,70.0
2026-05-16 23:32:14,143214.00,3637.58459,N,12727.43419,E,2,12,69.9
2026-05-16 23:32:16,143216.00,3637.58574,N,12727.43435,E,2,12,69.7
2026-05-16 23:32:17,143217.00,3637.58635,N,12727.43451,E,2,12,69.4
2026-05-16 23:32:19,143219.00,3637.58757,N,12727.43494,E,2,12,69.6
2026-05-16 23:32:21,143221.00,3637.58889,N,12727.43480,E,2,12,69.9
2026-05-16 23:32:22,143222.00,3637.58952,N,12727.43481,E,2,12,69.8
2026-05-16 23:32:23,143223.00,3637.59015,N,12727.43488,E,2,12,69.6
2026-05-16 23:32:24,143224.00,3637.59072,N,12727.43492,E,2,12,69.6
2026-05-16 23:32:26,143226.00,3637.59197,N,12727.43502,E,2,12,69.8
2026-05-16 23:32:28,143228.00,3637.59338,N,12727.43525,E,2,12,69.7
2026-05-16 23:32:30,143230.00,3637.59473,N,12727.43510,E,2,12,69.4
2026-05-16 23:32:31,143231.00,3637.59537,N,12727.43501,E,2,12,68.9
2026-05-16 23:32:32,143232.00,3637.59611,N,12727.43489,E,2,12,68.0
2026-05-16 23:32:34,143234.00,3637.59763,N,12727.43452,E,2,12,66.5
2026-05-16 23:32:36,143236.00,3637.59875,N,12727.43434,E,2,12,65.5
2026-05-16 23:32:38,143238.00,3637.60005,N,12727.43452,E,2,12,66.2
2026-05-16 23:32:39,143239.00,3637.60074,N,12727.43470,E,2,12,66.2
2026-05-16 23:32:41,143241.00,3637.60227,N,12727.43496,E,2,12,66.8
2026-05-16 23:32:43,143243.00,3637.60348,N,12727.43499,E,2,12,67.0
2026-05-16 23:32:44,143244.00,3637.60401,N,12727.43496,E,2,12,66.9
2026-05-16 23:32:45,143245.00,3637.60463,N,12727.43505,E,2,12,67.0
2026-05-16 23:32:46,143246.00,3637.60529,N,12727.43510,E,2,12,66.8
2026-05-16 23:32:48,143248.00,3637.60665,N,12727.43561,E,2,12,66.8
2026-05-16 23:32:50,143250.00,3637.60799,N,12727.43595,E,2,12,67.1
2026-05-16 23:32:51,143251.00,3637.60876,N,12727.43609,E,2,12,67.2
2026-05-16 23:32:53,143253.00,3637.61028,N,12727.43620,E,2,12,67.0
2026-05-16 23:32:54,143254.00,3637.61093,N,12727.43629,E,2,12,67.0
2026-05-16 23:32:55,143255.00,3637.61146,N,12727.43633,E,2,12,67.4
2026-05-16 23:32:56,143256.00,3637.61197,N,12727.43636,E,2,12,67.3
2026-05-16 23:32:58,143258.00,3637.61331,N,12727.43636,E,2,12,67.1
2026-05-16 23:32:59,143259.00,3637.61395,N,12727.43630,E,2,12,66.9
2026-05-16 23:33:00,143300.00,3637.61460,N,12727.43624,E,2,12,67.5
2026-05-16 23:33:02,143302.00,3637.61592,N,12727.43637,E,2,12,67.2
2026-05-16 23:33:04,143304.00,3637.61719,N,12727.43660,E,2,12,67.2
2026-05-16 23:33:05,143305.00,3637.61781,N,12727.43686,E,2,12,67.2
2026-05-16 23:33:07,143307.00,3637.61905,N,12727.43744,E,2,12,67.2
2026-05-16 23:33:09,143309.00,3637.62048,N,12727.43805,E,2,12,67.2
2026-05-16 23:33:10,143310.00,3637.62120,N,12727.43831,E,2,12,67.1
2026-05-16 23:33:11,143311.00,3637.62181,N,12727.43845,E,2,12,66.7
2026-05-16 23:33:12,143312.00,3637.62242,N,12727.43858,E,2,12,66.4
2026-05-16 23:33:14,143314.00,3637.62358,N,12727.43900,E,2,12,66.8
2026-05-16 23:33:15,143315.00,3637.62421,N,12727.43927,E,2,12,66.8
2026-05-16 23:33:17,143317.00,3637.62551,N,12727.44021,E,2,12,66.9
2026-05-16 23:33:18,143318.00,3637.62626,N,12727.44073,E,2,12,67.2
2026-05-16 23:33:20,143320.00,3637.62743,N,12727.44117,E,2,12,67.0
2026-05-16 23:33:21,143321.00,3637.62791,N,12727.44141,E,2,12,67.1
2026-05-16 23:33:22,143322.00,3637.62839,N,12727.44184,E,2,12,67.2
2026-05-16 23:33:24,143324.00,3637.62936,N,12727.44294,E,2,12,67.4
2026-05-16 23:33:26,143326.00,3637.63048,N,12727.44371,E,2,12,67.5
2026-05-16 23:33:28,143328.00,3637.63150,N,12727.44456,E,2,12,67.3
2026-05-16 23:33:29,143329.00,3637.63195,N,12727.44496,E,2,12,67.2
2026-05-16 23:33:30,143330.00,3637.63241,N,12727.44540,E,2,12,67.0
2026-05-16 23:33:31,143331.00,3637.63287,N,12727.44600,E,2,12,66.9
2026-05-16 23:33:32,143332.00,3637.63340,N,12727.44656,E,2,12,66.8
2026-05-16 23:33:34,143334.00,3637.63446,N,12727.44746,E,2,12,66.9
2026-05-16 23:33:36,143336.00,3637.63515,N,12727.44816,E,2,12,66.5
2026-05-16 23:33:38,143338.00,3637.63584,N,12727.44888,E,2,12,66.9
2026-05-16 23:33:40,143340.00,3637.63655,N,12727.44975,E,2,12,65.9
2026-05-16 23:33:41,143341.00,3637.63704,N,12727.45032,E,2,12,65.7
2026-05-16 23:33:42,143342.00,3637.63749,N,12727.45117,E,2,12,65.7
2026-05-16 23:33:44,143344.00,3637.63836,N,12727.45253,E,2,12,65.8
2026-05-16 23:33:46,143346.00,3637.63936,N,12727.45334,E,2,12,65.3
2026-05-16 23:33:48,143348.00,3637.64033,N,12727.45423,E,2,12,64.9
2026-05-16 23:33:50,143350.00,3637.64135,N,12727.45512,E,2,12,64.4
2026-05-16 23:33:51,143351.00,3637.64191,N,12727.45562,E,2,12,64.1
2026-05-16 23:33:52,143352.00,3637.64248,N,12727.45612,E,2,12,63.7
2026-05-16 23:33:54,143354.00,3637.64363,N,12727.45694,E,2,12,63.5
2026-05-16 23:33:55,143355.00,3637.64414,N,12727.45753,E,2,12,63.1
2026-05-16 23:33:57,143357.00,3637.64531,N,12727.45855,E,2,12,62.6
2026-05-16 23:33:59,143359.00,3637.64618,N,12727.45945,E,2,12,63.0
2026-05-16 23:34:01,143401.00,3637.64732,N,12727.46006,E,2,12,62.8
2026-05-16 23:34:02,143402.00,3637.64791,N,12727.46047,E,2,12,62.8
2026-05-16 23:34:03,143403.00,3637.64850,N,12727.46069,E,2,12,62.7
2026-05-16 23:34:04,143404.00,3637.64918,N,12727.46078,E,2,12,62.7
2026-05-16 23:34:05,143405.00,3637.64988,N,12727.46069,E,2,12,62.6
2026-05-16 23:34:07,143407.00,3637.65055,N,12727.46020,E,2,12,61.6
2026-05-16 23:34:08,143408.00,3637.65095,N,12727.45987,E,2,12,62.0
2026-05-16 23:34:09,143409.00,3637.65134,N,12727.45932,E,2,12,62.0
2026-05-16 23:34:11,143411.00,3637.65211,N,12727.45822,E,2,12,61.6
2026-05-16 23:34:13,143413.00,3637.65208,N,12727.45815,E,2,12,61.4
2026-05-16 23:34:14,143414.00,3637.65196,N,12727.45826,E,2,12,61.4
2026-05-16 23:34:16,143416.00,3637.65196,N,12727.45824,E,2,12,61.1
2026-05-16 23:34:18,143418.00,3637.65199,N,12727.45812,E,2,12,60.9
2026-05-16 23:34:20,143420.00,3637.65202,N,12727.45804,E,2,12,60.8
2026-05-16 23:34:22,143422.00,3637.65200,N,12727.45780,E,2,12,60.8
2026-05-16 23:34:23,143423.00,3637.65200,N,12727.45780,E,2,12,60.8
2026-05-16 23:34:24,143424.00,3637.65201,N,12727.45780,E,2,12,60.8
2026-05-16 23:34:26,143426.00,3637.65203,N,12727.45780,E,2,12,60.8
2026-05-16 23:34:28,143428.00,3637.65202,N,12727.45779,E,2,12,60.9
2026-05-16 23:34:30,143430.00,3637.65202,N,12727.45780,E,2,12,60.9
2026-05-16 23:34:31,143431.00,3637.65202,N,12727.45780,E,2,12,60.8
2026-05-16 23:34:33,143433.00,3637.65202,N,12727.45781,E,2,12,60.8
2026-05-16 23:34:35,143435.00,3637.65203,N,12727.45781,E,2,12,60.9
2026-05-16 23:34:36,143436.00,3637.65203,N,12727.45781,E,2,12,60.9
2026-05-16 23:34:38,143438.00,3637.65199,N,12727.45782,E,2,12,60.8
2026-05-16 23:34:39,143439.00,3637.65199,N,12727.45781,E,2,12,60.8
2026-05-16 23:34:40,143440.00,3637.65199,N,12727.45781,E,2,12,60.8
2026-05-16 23:34:42,143442.00,3637.65200,N,12727.45782,E,2,12,60.8
2026-05-16 23:34:44,143444.00,3637.65200,N,12727.45783,E,2,12,60.9
2026-05-16 23:34:46,143446.00,3637.65199,N,12727.45783,E,2,12,60.9
2026-05-16 23:34:47,143447.00,3637.65199,N,12727.45783,E,2,12,60.9
2026-05-16 23:34:49,143449.00,3637.65200,N,12727.45782,E,2,12,61.0
2026-05-16 23:34:50,143450.00,3637.65204,N,12727.45776,E,2,12,60.9
2026-05-16 23:34:52,143452.00,3637.65237,N,12727.45743,E,2,12,60.8
2026-05-16 23:34:53,143453.00,3637.65245,N,12727.45714,E,2,12,60.9
2026-05-16 23:34:55,143455.00,3637.65300,N,12727.45628,E,2,12,61.4
2026-05-16 23:34:56,143456.00,3637.65340,N,12727.45581,E,2,12,61.4
2026-05-16 23:34:58,143458.00,3637.65419,N,12727.45471,E,2,12,61.5
2026-05-16 23:34:59,143459.00,3637.65466,N,12727.45414,E,1,12,61.6
2026-05-16 23:35:01,143501.00,3637.65548,N,12727.45327,E,1,12,62.0
2026-05-16 23:35:03,143503.00,3637.65638,N,12727.45213,E,2,12,62.1
2026-05-16 23:35:04,143504.00,3637.65691,N,12727.45138,E,2,12,62.4
2026-05-16 23:35:06,143506.00,3637.65771,N,12727.44988,E,2,12,62.6
2026-05-16 23:35:08,143508.00,3637.65811,N,12727.44862,E,1,12,62.3
2026-05-16 23:35:09,143509.00,3637.65831,N,12727.44794,E,2,12,62.5
2026-05-16 23:35:11,143511.00,3637.65886,N,12727.44664,E,1,12,62.2
2026-05-16 23:35:12,143512.00,3637.65923,N,12727.44595,E,2,12,62.2
2026-05-16 23:35:14,143514.00,3637.66005,N,12727.44473,E,1,12,62.3
2026-05-16 23:35:15,143515.00,3637.66031,N,12727.44406,E,2,12,62.1
2026-05-16 23:35:17,143517.00,3637.66073,N,12727.44281,E,1,12,61.9
2026-05-16 23:35:19,143519.00,3637.66129,N,12727.44156,E,1,12,62.0
2026-05-16 23:35:20,143520.00,3637.66165,N,12727.44081,E,1,12,61.9
2026-05-16 23:35:22,143522.00,3637.66267,N,12727.43935,E,2,12,62.3
2026-05-16 23:35:23,143523.00,3637.66294,N,12727.43867,E,2,12,62.1
2026-05-16 23:35:25,143525.00,3637.66325,N,12727.43741,E,2,12,62.1
2026-05-16 23:35:26,143526.00,3637.66354,N,12727.43677,E,2,12,62.4
2026-05-16 23:35:28,143528.00,3637.66432,N,12727.43533,E,2,12,62.4
2026-05-16 23:35:30,143530.00,3637.66483,N,12727.43392,E,2,12,62.4
2026-05-16 23:35:32,143532.00,3637.66514,N,12727.43280,E,2,12,62.4
2026-05-16 23:35:33,143533.00,3637.66540,N,12727.43218,E,2,12,62.4
2026-05-16 23:35:35,143535.00,3637.66632,N,12727.43065,E,2,12,62.6
2026-05-16 23:35:36,143536.00,3637.66672,N,12727.42988,E,2,12,62.7
2026-05-16 23:35:38,143538.00,3637.66724,N,12727.42853,E,2,12,62.6
2026-05-16 23:35:40,143540.00,3637.66777,N,12727.42713,E,2,12,62.8
2026-05-16 23:35:42,143542.00,3637.66846,N,12727.42570,E,2,12,62.9
2026-05-16 23:35:44,143544.00,3637.66923,N,12727.42430,E,2,12,63.0
2026-05-16 23:35:46,143546.00,3637.66976,N,12727.42285,E,2,12,62.9
2026-05-16 23:35:47,143547.00,3637.66996,N,12727.42231,E,2,12,62.8
2026-05-16 23:35:48,143548.00,3637.67022,N,12727.42170,E,2,12,62.8
2026-05-16 23:35:50,143550.00,3637.67090,N,12727.42017,E,2,12,63.0
2026-05-16 23:35:52,143552.00,3637.67159,N,12727.41856,E,2,12,63.2
2026-05-16 23:35:53,143553.00,3637.67191,N,12727.41785,E,2,12,63.3
2026-05-16 23:35:55,143555.00,3637.67210,N,12727.41665,E,2,12,62.9
2026-05-16 23:35:56,143556.00,3637.67227,N,12727.41600,E,2,12,63.1
2026-05-16 23:35:57,143557.00,3637.67255,N,12727.41518,E,2,12,63.3
2026-05-16 23:35:59,143559.00,3637.67325,N,12727.41370,E,2,12,63.4
2026-05-16 23:36:00,143600.00,3637.67351,N,12727.41297,E,2,12,63.4
2026-05-16 23:36:02,143602.00,3637.67393,N,12727.41171,E,2,12,63.4
2026-05-16 23:36:03,143603.00,3637.67421,N,12727.41109,E,2,12,63.5
2026-05-16 23:36:05,143605.00,3637.67508,N,12727.40985,E,2,12,63.2
2026-05-16 23:36:07,143607.00,3637.67565,N,12727.40841,E,2,12,63.3
2026-05-16 23:36:08,143608.00,3637.67579,N,12727.40778,E,2,12,63.0
2026-05-16 23:36:09,143609.00,3637.67593,N,12727.40721,E,2,12,62.9
2026-05-16 23:36:11,143611.00,3637.67663,N,12727.40611,E,2,12,62.8
2026-05-16 23:36:12,143612.00,3637.67685,N,12727.40551,E,2,12,62.9
2026-05-16 23:36:14,143614.00,3637.67752,N,12727.40468,E,2,12,63.0
2026-05-16 23:36:16,143616.00,3637.67794,N,12727.40358,E,2,12,63.2
2026-05-16 23:36:18,143618.00,3637.67829,N,12727.40242,E,2,12,63.2
2026-05-16 23:36:20,143620.00,3637.67892,N,12727.40120,E,2,12,63.3
2026-05-16 23:36:21,143621.00,3637.67912,N,12727.40024,E,2,12,63.8
2026-05-16 23:36:23,143623.00,3637.67952,N,12727.39902,E,2,12,63.3
2026-05-16 23:36:24,143624.00,3637.67970,N,12727.39850,E,2,12,63.4
2026-05-16 23:36:25,143625.00,3637.67990,N,12727.39771,E,2,12,63.7
2026-05-16 23:36:27,143627.00,3637.68038,N,12727.39615,E,2,12,63.8
2026-05-16 23:36:29,143629.00,3637.68068,N,12727.39478,E,2,12,63.7
2026-05-16 23:36:30,143630.00,3637.68079,N,12727.39421,E,2,12,63.7
2026-05-16 23:36:32,143632.00,3637.68125,N,12727.39287,E,2,12,63.6
2026-05-16 23:36:33,143633.00,3637.68144,N,12727.39209,E,2,12,63.5
2026-05-16 23:36:34,143634.00,3637.68175,N,12727.39130,E,2,12,63.4
2026-05-16 23:36:36,143636.00,3637.68212,N,12727.39000,E,2,12,63.3
2026-05-16 23:36:38,143638.00,3637.68282,N,12727.38897,E,2,12,63.6
2026-05-16 23:36:40,143640.00,3637.68352,N,12727.38765,E,2,12,63.6
2026-05-16 23:36:41,143641.00,3637.68377,N,12727.38692,E,2,12,63.4
2026-05-16 23:36:43,143643.00,3637.68430,N,12727.38575,E,2,12,63.1
2026-05-16 23:36:44,143644.00,3637.68464,N,12727.38515,E,2,12,63.1
2026-05-16 23:36:46,143646.00,3637.68526,N,12727.38377,E,2,12,63.0
2026-05-16 23:36:48,143648.00,3637.68564,N,12727.38257,E,2,12,62.9
2026-05-16 23:36:50,143650.00,3637.68619,N,12727.38147,E,2,12,62.7
2026-05-16 23:36:52,143652.00,3637.68682,N,12727.37995,E,2,12,62.6
2026-05-16 23:36:54,143654.00,3637.68748,N,12727.37847,E,2,12,62.4
2026-05-16 23:36:55,143655.00,3637.68768,N,12727.37786,E,2,12,62.4
2026-05-16 23:36:56,143656.00,3637.68792,N,12727.37729,E,2,12,62.3
2026-05-16 23:36:57,143657.00,3637.68825,N,12727.37665,E,2,12,62.2
2026-05-16 23:36:59,143659.00,3637.68898,N,12727.37525,E,2,12,62.2
2026-05-16 23:37:00,143700.00,3637.68920,N,12727.37464,E,2,12,62.2
2026-05-16 23:37:02,143702.00,3637.68968,N,12727.37349,E,2,12,62.1
2026-05-16 23:37:04,143704.00,3637.69000,N,12727.37204,E,1,12,62.0
2026-05-16 23:37:05,143705.00,3637.69019,N,12727.37139,E,1,12,61.9
2026-05-16 23:37:06,143706.00,3637.69051,N,12727.37077,E,1,12,61.9
2026-05-16 23:37:08,143708.00,3637.69090,N,12727.36962,E,2,12,61.9
2026-05-16 23:37:10,143710.00,3637.69121,N,12727.36842,E,2,12,61.9
2026-05-16 23:37:11,143711.00,3637.69154,N,12727.36771,E,2,12,62.1
2026-05-16 23:37:13,143713.00,3637.69183,N,12727.36631,E,1,12,62.3
2026-05-16 23:37:14,143714.00,3637.69196,N,12727.36557,E,2,12,62.0
2026-05-16 23:37:16,143716.00,3637.69237,N,12727.36428,E,2,12,61.7
2026-05-16 23:37:18,143718.00,3637.69291,N,12727.36289,E,2,12,61.5
2026-05-16 23:37:20,143720.00,3637.69334,N,12727.36148,E,1,12,61.5
2026-05-16 23:37:21,143721.00,3637.69362,N,12727.36094,E,1,12,61.6
2026-05-16 23:37:22,143722.00,3637.69390,N,12727.36037,E,1,12,61.7
2026-05-16 23:37:24,143724.00,3637.69436,N,12727.35913,E,1,12,61.3
2026-05-16 23:37:26,143726.00,3637.69459,N,12727.35766,E,1,12,61.0
2026-05-16 23:37:28,143728.00,3637.69490,N,12727.35627,E,1,12,61.5
2026-05-16 23:37:29,143729.00,3637.69503,N,12727.35542,E,1,12,61.4
2026-05-16 23:37:31,143731.00,3637.69526,N,12727.35383,E,1,12,61.4
2026-05-16 23:37:32,143732.00,3637.69539,N,12727.35304,E,1,12,61.2
2026-05-16 23:37:34,143734.00,3637.69549,N,12727.35168,E,2,12,61.0
2026-05-16 23:37:35,143735.00,3637.69561,N,12727.35104,E,1,12,61.0
2026-05-16 23:37:37,143737.00,3637.69609,N,12727.34954,E,2,12,61.1
2026-05-16 23:37:39,143739.00,3637.69634,N,12727.34807,E,2,12,61.3
2026-05-16 23:37:41,143741.00,3637.69635,N,12727.34686,E,2,12,61.5
2026-05-16 23:37:42,143742.00,3637.69639,N,12727.34645,E,2,12,61.7
2026-05-16 23:37:44,143744.00,3637.69689,N,12727.34549,E,2,12,61.7
2026-05-16 23:37:46,143746.00,3637.69750,N,12727.34479,E,2,12,61.6
2026-05-16 23:37:48,143748.00,3637.69840,N,12727.34416,E,2,12,61.3
2026-05-16 23:37:50,143750.00,3637.69933,N,12727.34347,E,2,12,61.0
2026-05-16 23:37:51,143751.00,3637.69979,N,12727.34323,E,2,12,61.1
2026-05-16 23:37:53,143753.00,3637.70077,N,12727.34252,E,1,12,60.7
2026-05-16 23:37:55,143755.00,3637.70165,N,12727.34169,E,1,12,60.3
2026-05-16 23:37:57,143757.00,3637.70226,N,12727.34072,E,1,12,60.1
2026-05-16 23:37:59,143759.00,3637.70326,N,12727.33995,E,1,12,59.2
2026-05-16 23:38:00,143800.00,3637.70383,N,12727.33965,E,2,12,59.3
2026-05-16 23:38:01,143801.00,3637.70425,N,12727.33916,E,2,12,59.9
2026-05-16 23:38:03,143803.00,3637.70500,N,12727.33820,E,1,12,60.0
2026-05-16 23:38:05,143805.00,3637.70575,N,12727.33734,E,1,12,60.1
2026-05-16 23:38:06,143806.00,3637.70602,N,12727.33700,E,1,12,60.3
2026-05-16 23:38:08,143808.00,3637.70630,N,12727.33665,E,1,12,60.4
2026-05-16 23:38:09,143809.00,3637.70630,N,12727.33663,E,1,12,60.4
2026-05-16 23:38:10,143810.00,3637.70648,N,12727.33653,E,1,12,60.4
2026-05-16 23:38:12,143812.00,3637.70709,N,12727.33570,E,2,12,60.8
2026-05-16 23:38:13,143813.00,3637.70741,N,12727.33500,E,2,12,60.5
2026-05-16 23:38:15,143815.00,3637.70803,N,12727.33405,E,1,12,60.5
2026-05-16 23:38:16,143816.00,3637.70837,N,12727.33345,E,2,12,60.0
2026-05-16 23:38:17,143817.00,3637.70875,N,12727.33286,E,1,12,59.8
2026-05-16 23:38:19,143819.00,3637.70942,N,12727.33155,E,1,12,59.8
2026-05-16 23:38:20,143820.00,3637.70966,N,12727.33094,E,1,12,59.6
2026-05-16 23:38:22,143822.00,3637.71025,N,12727.32999,E,1,12,59.5
2026-05-16 23:38:23,143823.00,3637.71076,N,12727.32937,E,1,12,58.9
2026-05-16 23:38:25,143825.00,3637.71189,N,12727.32834,E,1,12,59.4
2026-05-16 23:38:26,143826.00,3637.71245,N,12727.32750,E,1,12,58.5
2026-05-16 23:38:27,143827.00,3637.71285,N,12727.32700,E,1,12,58.3
2026-05-16 23:38:29,143829.00,3637.71390,N,12727.32613,E,1,12,59.2
2026-05-16 23:38:31,143831.00,3637.71489,N,12727.32492,E,1,12,59.4
2026-05-16 23:38:33,143833.00,3637.71567,N,12727.32376,E,1,12,59.8
2026-05-16 23:38:35,143835.00,3637.71644,N,12727.32281,E,1,12,59.8
2026-05-16 23:38:36,143836.00,3637.71700,N,12727.32242,E,1,12,60.3
2026-05-16 23:38:38,143838.00,3637.71800,N,12727.32145,E,1,12,60.2
2026-05-16 23:38:40,143840.00,3637.71891,N,12727.32012,E,1,12,61.1
2026-05-16 23:38:41,143841.00,3637.71920,N,12727.31953,E,1,12,61.4
2026-05-16 23:38:43,143843.00,3637.71962,N,12727.31840,E,1,12,61.3
2026-05-16 23:38:44,143844.00,3637.72012,N,12727.31788,E,1,12,61.2
2026-05-16 23:38:45,143845.00,3637.72073,N,12727.31725,E,1,12,60.6
2026-05-16 23:38:47,143847.00,3637.72180,N,12727.31604,E,1,12,60.4
2026-05-16 23:38:49,143849.00,3637.72271,N,12727.31511,E,1,12,60.2
2026-05-16 23:38:51,143851.00,3637.72332,N,12727.31436,E,1,12,60.3
2026-05-16 23:38:52,143852.00,3637.72389,N,12727.31369,E,1,12,59.7
2026-05-16 23:38:53,143853.00,3637.72430,N,12727.31308,E,1,12,59.6
2026-05-16 23:38:55,143855.00,3637.72480,N,12727.31232,E,1,12,59.5
2026-05-16 23:38:57,143857.00,3637.72559,N,12727.31147,E,1,12,59.4
2026-05-16 23:38:58,143858.00,3637.72586,N,12727.31083,E,1,12,59.1
2026-05-16 23:38:59,143859.00,3637.72603,N,12727.31023,E,1,12,59.2
2026-05-16 23:39:01,143901.00,3637.72676,N,12727.30920,E,1,12,59.0
2026-05-16 23:39:02,143902.00,3637.72720,N,12727.30880,E,1,12,58.5
2026-05-16 23:39:03,143903.00,3637.72785,N,12727.30839,E,1,12,58.9
2026-05-16 23:39:05,143905.00,3637.72930,N,12727.30723,E,1,12,58.5
2026-05-16 23:39:06,143906.00,3637.72998,N,12727.30676,E,1,12,58.9
2026-05-16 23:39:08,143908.00,3637.73086,N,12727.30556,E,1,12,59.0
2026-05-16 23:39:09,143909.00,3637.73136,N,12727.30511,E,1,12,59.6
2026-05-16 23:39:10,143910.00,3637.73181,N,12727.30476,E,1,12,59.9
2026-05-16 23:39:11,143911.00,3637.73234,N,12727.30433,E,1,12,60.0
2026-05-16 23:39:12,143912.00,3637.73292,N,12727.30385,E,1,12,60.0
2026-05-16 23:39:14,143914.00,3637.73373,N,12727.30280,E,1,12,60.1
2026-05-16 23:39:15,143915.00,3637.73403,N,12727.30214,E,1,12,60.1
2026-05-16 23:39:17,143917.00,3637.73457,N,12727.30096,E,1,12,60.1
2026-05-16 23:39:18,143918.00,3637.73486,N,12727.30034,E,1,12,60.3
2026-05-16 23:39:20,143920.00,3637.73568,N,12727.29876,E,1,12,60.4
2026-05-16 23:39:22,143922.00,3637.73548,N,12727.29754,E,1,12,60.3
2026-05-16 23:39:24,143924.00,3637.73499,N,12727.29647,E,1,12,60.4
2026-05-16 23:39:26,143926.00,3637.73405,N,12727.29655,E,1,12,60.3
2026-05-16 23:39:27,143927.00,3637.73366,N,12727.29701,E,1,12,60.1
2026-05-16 23:39:28,143928.00,3637.73338,N,12727.29744,E,1,12,60.3
2026-05-16 23:39:30,143930.00,3637.73256,N,12727.29830,E,1,12,60.4
2026-05-16 23:39:31,143931.00,3637.73221,N,12727.29871,E,1,12,60.4
2026-05-16 23:39:33,143933.00,3637.73157,N,12727.29957,E,1,12,61.0
2026-05-16 23:39:35,143935.00,3637.73065,N,12727.30029,E,1,12,60.7
2026-05-16 23:39:36,143936.00,3637.73043,N,12727.30081,E,1,12,60.8
2026-05-16 23:39:38,143938.00,3637.72987,N,12727.30179,E,1,12,60.9
2026-05-16 23:39:39,143939.00,3637.72933,N,12727.30213,E,1,12,61.4
2026-05-16 23:39:40,143940.00,3637.72892,N,12727.30256,E,1,12,61.4
2026-05-16 23:39:41,143941.00,3637.72857,N,12727.30310,E,1,12,61.4
2026-05-16 23:39:43,143943.00,3637.72795,N,12727.30384,E,1,12,61.6
2026-05-16 23:39:45,143945.00,3637.72729,N,12727.30458,E,1,12,61.5
2026-05-16 23:39:46,143946.00,3637.72698,N,12727.30502,E,1,12,61.5
2026-05-16 23:39:48,143948.00,3637.72620,N,12727.30569,E,1,12,61.3
2026-05-16 23:39:50,143950.00,3637.72542,N,12727.30647,E,1,12,61.6
2026-05-16 23:39:52,143952.00,3637.72476,N,12727.30716,E,1,12,61.4
2026-05-16 23:39:54,143954.00,3637.72382,N,12727.30808,E,1,12,61.5
2026-05-16 23:39:55,143955.00,3637.72357,N,12727.30855,E,1,12,61.4
2026-05-16 23:39:56,143956.00,3637.72318,N,12727.30860,E,1,12,61.6
2026-05-16 23:39:58,143958.00,3637.72239,N,12727.30829,E,1,12,62.3
2026-05-16 23:40:00,144000.00,3637.72258,N,12727.30743,E,1,12,62.5
2026-05-16 23:40:02,144002.00,3637.72323,N,12727.30647,E,1,12,62.7
2026-05-16 23:40:03,144003.00,3637.72350,N,12727.30616,E,1,12,63.3
2026-05-16 23:40:04,144004.00,3637.72378,N,12727.30570,E,1,12,63.8
2026-05-16 23:40:05,144005.00,3637.72405,N,12727.30520,E,1,12,63.8
2026-05-16 23:40:06,144006.00,3637.72439,N,12727.30474,E,1,12,63.9
2026-05-16 23:40:08,144008.00,3637.72499,N,12727.30367,E,1,12,64.4
2026-05-16 23:40:09,144009.00,3637.72524,N,12727.30310,E,1,12,64.5
2026-05-16 23:40:11,144011.00,3637.72608,N,12727.30211,E,1,12,64.2
2026-05-16 23:40:13,144013.00,3637.72686,N,12727.30119,E,1,12,64.5
2026-05-16 23:40:15,144015.00,3637.72733,N,12727.30019,E,1,12,64.7
2026-05-16 23:40:17,144017.00,3637.72803,N,12727.29916,E,1,12,64.8
2026-05-16 23:40:18,144018.00,3637.72820,N,12727.29853,E,1,12,64.7
2026-05-16 23:40:20,144020.00,3637.72884,N,12727.29750,E,1,12,64.7
2026-05-16 23:40:22,144022.00,3637.72867,N,12727.29650,E,1,12,64.3
2026-05-16 23:40:23,144023.00,3637.72839,N,12727.29619,E,1,12,64.1
2026-05-16 23:40:25,144025.00,3637.72764,N,12727.29665,E,1,12,64.4
2026-05-16 23:40:27,144027.00,3637.72674,N,12727.29753,E,1,12,64.4
2026-05-16 23:40:29,144029.00,3637.72608,N,12727.29830,E,1,12,64.3
2026-05-16 23:40:31,144031.00,3637.72522,N,12727.29915,E,1,12,64.3
2026-05-16 23:40:33,144033.00,3637.72445,N,12727.30009,E,1,12,64.4
2026-05-16 23:40:35,144035.00,3637.72371,N,12727.30089,E,1,12,64.4
2026-05-16 23:40:36,144036.00,3637.72341,N,12727.30142,E,1,12,64.1
2026-05-16 23:40:38,144038.00,3637.72275,N,12727.30222,E,1,12,64.3
2026-05-16 23:40:39,144039.00,3637.72238,N,12727.30263,E,1,12,64.4
2026-05-16 23:40:40,144040.00,3637.72202,N,12727.30302,E,1,12,64.4
2026-05-16 23:40:41,144041.00,3637.72165,N,12727.30346,E,1,12,64.6
2026-05-16 23:40:43,144043.00,3637.72089,N,12727.30423,E,1,12,64.7
2026-05-16 23:40:44,144044.00,3637.72058,N,12727.30465,E,1,12,64.4
2026-05-16 23:40:46,144046.00,3637.71981,N,12727.30472,E,1,12,64.0
2026-05-16 23:40:47,144047.00,3637.71932,N,12727.30468,E,1,12,64.8
2026-05-16 23:40:49,144049.00,3637.71902,N,12727.30382,E,1,12,64.9
2026-05-16 23:40:51,144051.00,3637.71934,N,12727.30270,E,1,12,65.0
2026-05-16 23:40:52,144052.00,3637.71950,N,12727.30202,E,1,12,65.2
2026-05-16 23:40:54,144054.00,3637.71963,N,12727.30093,E,1,12,65.6
2026-05-16 23:40:56,144056.00,3637.71998,N,12727.29979,E,1,12,65.6
2026-05-16 23:40:57,144057.00,3637.72011,N,12727.29914,E,1,12,65.8
2026-05-16 23:40:59,144059.00,3637.72061,N,12727.29811,E,1,12,66.3
2026-05-16 23:41:00,144100.00,3637.72085,N,12727.29754,E,1,12,66.3
2026-05-16 23:41:02,144102.00,3637.72124,N,12727.29626,E,1,12,66.6
2026-05-16 23:41:04,144104.00,3637.72140,N,12727.29513,E,1,12,66.5
2026-05-16 23:41:06,144106.00,3637.72195,N,12727.29383,E,1,12,66.6
2026-05-16 23:41:07,144107.00,3637.72214,N,12727.29311,E,1,12,66.5
2026-05-16 23:41:08,144108.00,3637.72230,N,12727.29247,E,1,12,66.4
2026-05-16 23:41:09,144109.00,3637.72239,N,12727.29190,E,1,12,66.6
2026-05-16 23:41:11,144111.00,3637.72289,N,12727.29058,E,1,12,66.4
2026-05-16 23:41:13,144113.00,3637.72330,N,12727.28961,E,1,12,66.3
2026-05-16 23:41:14,144114.00,3637.72348,N,12727.28911,E,1,12,66.7
2026-05-16 23:41:15,144115.00,3637.72375,N,12727.28853,E,1,12,66.9
2026-05-16 23:41:17,144117.00,3637.72397,N,12727.28713,E,1,12,66.8
2026-05-16 23:41:19,144119.00,3637.72426,N,12727.28604,E,1,12,67.1
2026-05-16 23:41:20,144120.00,3637.72449,N,12727.28526,E,1,12,67.3
2026-05-16 23:41:22,144122.00,3637.72480,N,12727.28408,E,1,12,67.4
2026-05-16 23:41:23,144123.00,3637.72479,N,12727.28349,E,1,12,67.9
2026-05-16 23:41:24,144124.00,3637.72481,N,12727.28265,E,1,12,67.9
2026-05-16 23:41:26,144126.00,3637.72439,N,12727.28160,E,1,12,67.5
2026-05-16 23:41:27,144127.00,3637.72395,N,12727.28159,E,1,12,67.4
2026-05-16 23:41:28,144128.00,3637.72354,N,12727.28185,E,1,12,67.3
2026-05-16 23:41:30,144130.00,3637.72270,N,12727.28237,E,1,12,67.3
2026-05-16 23:41:32,144132.00,3637.72158,N,12727.28286,E,1,12,66.8
2026-05-16 23:41:34,144134.00,3637.72082,N,12727.28363,E,1,12,66.8
2026-05-16 23:41:36,144136.00,3637.72020,N,12727.28426,E,1,12,67.2
2026-05-16 23:41:38,144138.00,3637.71940,N,12727.28517,E,1,12,66.9
2026-05-16 23:41:40,144140.00,3637.71876,N,12727.28617,E,1,12,66.5
2026-05-16 23:41:41,144141.00,3637.71839,N,12727.28659,E,1,12,66.3
2026-05-16 23:41:42,144142.00,3637.71801,N,12727.28700,E,1,12,66.4
2026-05-16 23:41:44,144144.00,3637.71734,N,12727.28792,E,1,12,66.2
2026-05-16 23:41:45,144145.00,3637.71720,N,12727.28857,E,1,12,65.8
2026-05-16 23:41:47,144147.00,3637.71682,N,12727.28974,E,1,12,66.5
2026-05-16 23:41:48,144148.00,3637.71651,N,12727.29042,E,1,12,66.6
2026-05-16 23:41:50,144150.00,3637.71593,N,12727.29154,E,1,12,66.8
2026-05-16 23:41:52,144152.00,3637.71557,N,12727.29273,E,1,12,66.6
2026-05-16 23:41:54,144154.00,3637.71493,N,12727.29419,E,1,12,66.5
2026-05-16 23:41:56,144156.00,3637.71435,N,12727.29550,E,1,12,66.3
2026-05-16 23:41:57,144157.00,3637.71402,N,12727.29611,E,1,12,67.0
2026-05-16 23:41:59,144159.00,3637.71358,N,12727.29683,E,1,12,67.6
2026-05-16 23:42:00,144200.00,3637.71339,N,12727.29766,E,1,12,67.4
2026-05-16 23:42:01,144201.00,3637.71320,N,12727.29852,E,1,12,67.1
2026-05-16 23:42:03,144203.00,3637.71287,N,12727.29971,E,1,12,66.8
2026-05-16 23:42:04,144204.00,3637.71275,N,12727.30025,E,1,12,66.7
2026-05-16 23:42:06,144206.00,3637.71236,N,12727.30163,E,1,12,66.4
2026-05-16 23:42:08,144208.00,3637.71192,N,12727.30310,E,1,12,66.7
2026-05-16 23:42:10,144210.00,3637.71185,N,12727.30433,E,1,12,66.2
2026-05-16 23:42:12,144212.00,3637.71175,N,12727.30597,E,1,12,66.2
2026-05-16 23:42:14,144214.00,3637.71166,N,12727.30693,E,1,12,66.3
2026-05-16 23:42:15,144215.00,3637.71159,N,12727.30702,E,1,12,66.0
2026-05-16 23:42:17,144217.00,3637.71159,N,12727.30700,E,1,12,65.9
2026-05-16 23:42:18,144218.00,3637.71167,N,12727.30701,E,1,12,65.9
2026-05-16 23:42:20,144220.00,3637.71155,N,12727.30798,E,1,12,66.1
2026-05-16 23:42:22,144222.00,3637.71096,N,12727.30928,E,1,12,65.8
2026-05-16 23:42:23,144223.00,3637.71081,N,12727.31000,E,1,12,66.0
2026-05-16 23:42:24,144224.00,3637.71068,N,12727.31067,E,1,12,65.8
2026-05-16 23:42:26,144226.00,3637.71038,N,12727.31198,E,1,12,66.0
2026-05-16 23:42:28,144228.00,3637.70960,N,12727.31334,E,1,12,66.3
2026-05-16 23:42:29,144229.00,3637.70932,N,12727.31409,E,1,12,66.5
2026-05-16 23:42:30,144230.00,3637.70912,N,12727.31480,E,1,12,66.6
2026-05-16 23:42:32,144232.00,3637.70874,N,12727.31580,E,1,12,66.2
2026-05-16 23:42:34,144234.00,3637.70797,N,12727.31693,E,1,12,66.3
2026-05-16 23:42:36,144236.00,3637.70739,N,12727.31838,E,1,12,66.9
2026-05-16 23:42:38,144238.00,3637.70686,N,12727.31941,E,1,12,67.0
2026-05-16 23:42:39,144239.00,3637.70653,N,12727.31991,E,1,12,67.3
2026-05-16 23:42:41,144241.00,3637.70618,N,12727.32081,E,1,12,67.2
2026-05-16 23:42:43,144243.00,3637.70546,N,12727.32074,E,1,12,66.8
2026-05-16 23:42:44,144244.00,3637.70515,N,12727.32036,E,1,12,67.1
2026-05-16 23:42:45,144245.00,3637.70480,N,12727.32009,E,1,12,67.2
2026-05-16 23:42:47,144247.00,3637.70414,N,12727.31926,E,1,12,67.8
2026-05-16 23:42:49,144249.00,3637.70339,N,12727.31832,E,1,12,67.3
2026-05-16 23:42:50,144250.00,3637.70308,N,12727.31790,E,1,12,66.8
2026-05-16 23:42:52,144252.00,3637.70211,N,12727.31751,E,1,12,66.6
2026-05-16 23:42:53,144253.00,3637.70155,N,12727.31746,E,1,12,66.6
2026-05-16 23:42:54,144254.00,3637.70107,N,12727.31768,E,1,12,66.8
2026-05-16 23:42:56,144256.00,3637.70062,N,12727.31864,E,1,12,66.9
2026-05-16 23:42:58,144258.00,3637.70026,N,12727.31983,E,1,12,67.0
2026-05-16 23:43:00,144300.00,3637.69999,N,12727.32100,E,1,12,67.1
2026-05-16 23:43:02,144302.00,3637.69967,N,12727.32221,E,1,12,66.9
2026-05-16 23:43:04,144304.00,3637.69948,N,12727.32348,E,1,12,67.4
2026-05-16 23:43:05,144305.00,3637.69936,N,12727.32397,E,1,12,67.1
2026-05-16 23:43:07,144307.00,3637.69909,N,12727.32522,E,1,12,67.4
2026-05-16 23:43:08,144308.00,3637.69882,N,12727.32557,E,1,12,67.1
2026-05-16 23:43:09,144309.00,3637.69835,N,12727.32568,E,1,12,67.7
2026-05-16 23:43:11,144311.00,3637.69726,N,12727.32542,E,1,12,67.8
2026-05-16 23:43:12,144312.00,3637.69666,N,12727.32520,E,1,12,67.8
2026-05-16 23:43:14,144314.00,3637.69549,N,12727.32526,E,1,12,67.8
2026-05-16 23:43:16,144316.00,3637.69463,N,12727.32529,E,1,12,67.8
2026-05-16 23:43:17,144317.00,3637.69417,N,12727.32524,E,1,12,67.6
2026-05-16 23:43:19,144319.00,3637.69302,N,12727.32533,E,1,12,67.5
2026-05-16 23:43:20,144320.00,3637.69238,N,12727.32575,E,1,12,67.6
2026-05-16 23:43:21,144321.00,3637.69167,N,12727.32603,E,1,12,67.8
2026-05-16 23:43:23,144323.00,3637.69071,N,12727.32674,E,1,12,67.8
2026-05-16 23:43:25,144325.00,3637.68964,N,12727.32725,E,1,12,68.1
2026-05-16 23:43:27,144327.00,3637.68823,N,12727.32772,E,1,12,68.5
2026-05-16 23:43:28,144328.00,3637.68760,N,12727.32806,E,1,12,68.6
2026-05-16 23:43:29,144329.00,3637.68723,N,12727.32844,E,1,12,68.0
2026-05-16 23:43:31,144331.00,3637.68611,N,12727.32894,E,1,12,67.6
2026-05-16 23:43:33,144333.00,3637.68498,N,12727.32962,E,1,12,67.2
2026-05-16 23:43:35,144335.00,3637.68372,N,12727.33124,E,1,12,68.5
2026-05-16 23:43:37,144337.00,3637.68301,N,12727.33262,E,1,12,68.6
2026-05-16 23:43:38,144338.00,3637.68270,N,12727.33310,E,1,12,68.6
2026-05-16 23:43:40,144340.00,3637.68183,N,12727.33425,E,1,12,69.0
2026-05-16 23:43:41,144341.00,3637.68130,N,12727.33474,E,1,12,69.3
2026-05-16 23:43:42,144342.00,3637.68087,N,12727.33519,E,1,12,69.1
2026-05-16 23:43:44,144344.00,3637.68002,N,12727.33572,E,1,12,69.2
2026-05-16 23:43:45,144345.00,3637.67941,N,12727.33599,E,1,12,69.2
2026-05-16 23:43:47,144347.00,3637.67835,N,12727.33662,E,1,12,69.1
2026-05-16 23:43:49,144349.00,3637.67740,N,12727.33726,E,1,12,69.3
2026-05-16 23:43:51,144351.00,3637.67624,N,12727.33772,E,1,12,69.2
2026-05-16 23:43:53,144353.00,3637.67510,N,12727.33850,E,1,12,69.3
2026-05-16 23:43:55,144355.00,3637.67454,N,12727.33910,E,1,12,68.7
2026-05-16 23:43:57,144357.00,3637.67372,N,12727.33988,E,1,12,68.8
2026-05-16 23:43:58,144358.00,3637.67316,N,12727.34026,E,1,12,68.5
2026-05-16 23:44:00,144400.00,3637.67181,N,12727.34087,E,1,12,68.4
2026-05-16 23:44:02,144402.00,3637.67067,N,12727.34180,E,1,12,68.6
2026-05-16 23:44:03,144403.00,3637.67028,N,12727.34227,E,1,12,68.7
2026-05-16 23:44:05,144405.00,3637.66944,N,12727.34301,E,1,12,68.2
2026-05-16 23:44:07,144407.00,3637.66837,N,12727.34367,E,1,12,68.1
2026-05-16 23:44:08,144408.00,3637.66763,N,12727.34375,E,1,12,68.4
2026-05-16 23:44:10,144410.00,3637.66636,N,12727.34395,E,1,12,68.4
2026-05-16 23:44:11,144411.00,3637.66595,N,12727.34401,E,1,12,68.1
2026-05-16 23:44:13,144413.00,3637.66480,N,12727.34385,E,1,12,67.9
2026-05-16 23:44:15,144415.00,3637.66352,N,12727.34408,E,1,12,67.7
2026-05-16 23:44:17,144417.00,3637.66249,N,12727.34428,E,1,12,67.3
2026-05-16 23:44:18,144418.00,3637.66181,N,12727.34419,E,1,12,67.2
2026-05-16 23:44:20,144420.00,3637.66017,N,12727.34397,E,1,12,67.9
2026-05-16 23:44:22,144422.00,3637.65897,N,12727.34421,E,1,12,68.2
2026-05-16 23:44:24,144424.00,3637.65785,N,12727.34464,E,1,12,68.3
2026-05-16 23:44:26,144426.00,3637.65664,N,12727.34468,E,1,12,68.7
2026-05-16 23:44:27,144427.00,3637.65599,N,12727.34477,E,1,12,68.9
2026-05-16 23:44:29,144429.00,3637.65490,N,12727.34509,E,1,12,68.6
2026-05-16 23:44:31,144431.00,3637.65361,N,12727.34534,E,1,12,70.9
2026-05-16 23:44:32,144432.00,3637.65321,N,12727.34506,E,1,12,71.5
2026-05-16 23:44:33,144433.00,3637.65290,N,12727.34493,E,1,12,71.3
2026-05-16 23:44:35,144435.00,3637.65282,N,12727.34375,E,1,12,71.7
2026-05-16 23:44:36,144436.00,3637.65270,N,12727.34299,E,1,12,71.9
2026-05-16 23:44:38,144438.00,3637.65252,N,12727.34194,E,1,12,72.4
2026-05-16 23:44:40,144440.00,3637.65241,N,12727.34031,E,1,12,72.6
2026-05-16 23:44:41,144441.00,3637.65224,N,12727.33937,E,1,12,72.6
2026-05-16 23:44:43,144443.00,3637.65162,N,12727.33773,E,1,12,72.7
2026-05-16 23:44:44,144444.00,3637.65134,N,12727.33700,E,1,12,72.7
2026-05-16 23:44:46,144446.00,3637.65041,N,12727.33578,E,1,12,72.6
2026-05-16 23:44:47,144447.00,3637.65001,N,12727.33521,E,1,12,72.7
2026-05-16 23:44:48,144448.00,3637.64962,N,12727.33455,E,1,12,72.7
2026-05-16 23:44:50,144450.00,3637.64890,N,12727.33291,E,1,12,72.9
2026-05-16 23:44:52,144452.00,3637.64822,N,12727.33149,E,1,12,72.9
2026-05-16 23:44:53,144453.00,3637.64804,N,12727.33076,E,1,12,73.1
2026-05-16 23:44:54,144454.00,3637.64803,N,12727.32999,E,1,12,73.0
2026-05-16 23:44:56,144456.00,3637.64820,N,12727.32848,E,1,12,73.2
2026-05-16 23:44:57,144457.00,3637.64821,N,12727.32785,E,1,12,73.4
2026-05-16 23:44:58,144458.00,3637.64827,N,12727.32707,E,1,12,73.5
2026-05-16 23:45:00,144500.00,3637.64872,N,12727.32564,E,1,12,73.7
2026-05-16 23:45:02,144502.00,3637.64912,N,12727.32407,E,1,12,73.8
2026-05-16 23:45:03,144503.00,3637.64928,N,12727.32341,E,1,12,73.8
2026-05-16 23:45:04,144504.00,3637.64948,N,12727.32283,E,1,12,73.8
2026-05-16 23:45:06,144506.00,3637.64981,N,12727.32140,E,1,12,74.1
2026-05-16 23:45:08,144508.00,3637.65012,N,12727.31980,E,1,12,74.2
2026-05-16 23:45:09,144509.00,3637.65009,N,12727.31908,E,1,12,74.1
2026-05-16 23:45:10,144510.00,3637.65003,N,12727.31843,E,1,12,74.0
2026-05-16 23:45:11,144511.00,3637.65006,N,12727.31775,E,1,12,74.2
2026-05-16 23:45:13,144513.00,3637.65023,N,12727.31621,E,1,12,74.1
2026-05-16 23:45:14,144514.00,3637.65039,N,12727.31546,E,1,12,74.2
2026-05-16 23:45:16,144516.00,3637.65066,N,12727.31388,E,1,12,74.1
2026-05-16 23:45:18,144518.00,3637.65058,N,12727.31266,E,1,12,73.9
2026-05-16 23:45:20,144520.00,3637.65081,N,12727.31132,E,1,12,74.0
2026-05-16 23:45:22,144522.00,3637.65070,N,12727.31049,E,1,12,73.8
2026-05-16 23:45:24,144524.00,3637.65066,N,12727.31027,E,1,12,73.8
2026-05-16 23:45:26,144526.00,3637.65065,N,12727.31020,E,1,12,73.8
2026-05-16 23:45:27,144527.00,3637.65063,N,12727.31013,E,1,12,73.8
2026-05-16 23:45:29,144529.00,3637.65063,N,12727.30898,E,1,12,73.8
2026-05-16 23:45:30,144530.00,3637.65049,N,12727.30834,E,1,12,73.8
2026-05-16 23:45:32,144532.00,3637.65045,N,12727.30704,E,1,12,73.7
2026-05-16 23:45:34,144534.00,3637.65065,N,12727.30561,E,1,12,73.5
2026-05-16 23:45:36,144536.00,3637.65088,N,12727.30398,E,1,12,72.9
2026-05-16 23:45:38,144538.00,3637.65118,N,12727.30230,E,1,12,72.6
2026-05-16 23:45:40,144540.00,3637.65166,N,12727.30077,E,1,12,72.5
2026-05-16 23:45:42,144542.00,3637.65204,N,12727.29918,E,1,12,72.4
2026-05-16 23:45:44,144544.00,3637.65224,N,12727.29763,E,1,12,71.9
2026-05-16 23:45:46,144546.00,3637.65230,N,12727.29618,E,1,12,71.5
2026-05-16 23:45:47,144547.00,3637.65231,N,12727.29549,E,1,12,71.4
2026-05-16 23:45:49,144549.00,3637.65245,N,12727.29400,E,1,12,71.0
2026-05-16 23:45:51,144551.00,3637.65284,N,12727.29237,E,1,12,70.7
2026-05-16 23:45:53,144553.00,3637.65368,N,12727.29130,E,1,12,70.6
2026-05-16 23:45:55,144555.00,3637.65488,N,12727.29043,E,1,12,70.4
2026-05-16 23:45:56,144556.00,3637.65530,N,12727.28996,E,1,12,70.3
2026-05-16 23:45:58,144558.00,3637.65625,N,12727.28946,E,1,12,70.3
2026-05-16 23:45:59,144559.00,3637.65685,N,12727.28931,E,1,12,70.4
2026-05-16 23:46:00,144600.00,3637.65763,N,12727.28933,E,1,12,70.6
2026-05-16 23:46:02,144602.00,3637.65894,N,12727.28908,E,1,12,71.1
2026-05-16 23:46:03,144603.00,3637.65942,N,12727.28875,E,1,12,71.1
2026-05-16 23:46:04,144604.00,3637.65994,N,12727.28856,E,1,12,71.2
2026-05-16 23:46:06,144606.00,3637.66116,N,12727.28878,E,1,12,71.4
2026-05-16 23:46:07,144607.00,3637.66177,N,12727.28911,E,1,12,71.4
2026-05-16 23:46:09,144609.00,3637.66290,N,12727.29018,E,1,12,71.9
2026-05-16 23:46:10,144610.00,3637.66348,N,12727.29061,E,1,12,72.0
2026-05-16 23:46:12,144612.00,3637.66453,N,12727.29136,E,1,12,72.0
2026-05-16 23:46:14,144614.00,3637.66536,N,12727.29242,E,1,12,72.1
2026-05-16 23:46:15,144615.00,3637.66585,N,12727.29303,E,1,12,72.2
2026-05-16 23:46:16,144616.00,3637.66635,N,12727.29380,E,1,12,72.2
2026-05-16 23:46:18,144618.00,3637.66729,N,12727.29493,E,1,12,72.7
2026-05-16 23:46:20,144620.00,3637.66830,N,12727.29539,E,1,12,72.6
2026-05-16 23:46:22,144622.00,3637.66909,N,12727.29669,E,1,12,72.8
2026-05-16 23:46:23,144623.00,3637.66944,N,12727.29739,E,1,12,73.0
2026-05-16 23:46:24,144624.00,3637.66985,N,12727.29787,E,1,12,73.2
2026-05-16 23:46:26,144626.00,3637.67075,N,12727.29859,E,1,12,73.2
2026-05-16 23:46:27,144627.00,3637.67108,N,12727.29912,E,1,12,73.1
2026-05-16 23:46:29,144629.00,3637.67175,N,12727.30035,E,1,12,73.2
2026-05-16 23:46:31,144631.00,3637.67237,N,12727.30123,E,1,12,73.0
2026-05-16 23:46:32,144632.00,3637.67263,N,12727.30169,E,1,12,72.9
2026-05-16 23:46:34,144634.00,3637.67323,N,12727.30303,E,1,12,72.8
2026-05-16 23:46:35,144635.00,3637.67352,N,12727.30375,E,1,12,72.8
2026-05-16 23:46:37,144637.00,3637.67421,N,12727.30501,E,1,12,72.6
2026-05-16 23:46:39,144639.00,3637.67496,N,12727.30610,E,1,12,72.1
2026-05-16 23:46:41,144641.00,3637.67547,N,12727.30735,E,1,12,71.4
2026-05-16 23:46:42,144642.00,3637.67565,N,12727.30812,E,1,12,71.4
2026-05-16 23:46:44,144644.00,3637.67615,N,12727.30964,E,1,12,71.6
2026-05-16 23:46:46,144646.00,3637.67685,N,12727.31063,E,1,12,71.6
2026-05-16 23:46:47,144647.00,3637.67711,N,12727.31121,E,1,12,71.6
2026-05-16 23:46:49,144649.00,3637.67771,N,12727.31253,E,1,12,71.7
2026-05-16 23:46:50,144650.00,3637.67797,N,12727.31303,E,1,12,72.7
2026-05-16 23:46:51,144651.00,3637.67836,N,12727.31352,E,1,12,72.9
2026-05-16 23:46:52,144652.00,3637.67880,N,12727.31392,E,1,12,73.0
2026-05-16 23:46:54,144654.00,3637.67920,N,12727.31446,E,1,12,73.1
2026-05-16 23:46:55,144655.00,3637.67920,N,12727.31488,E,1,12,73.1
2026-05-16 23:46:57,144657.00,3637.67898,N,12727.31653,E,1,12,73.0
2026-05-16 23:46:59,144659.00,3637.67875,N,12727.31809,E,1,12,72.7
2026-05-16 23:47:00,144700.00,3637.67868,N,12727.31873,E,1,12,72.2
2026-05-16 23:47:02,144702.00,3637.67855,N,12727.32011,E,1,12,72.1
2026-05-16 23:47:04,144704.00,3637.67822,N,12727.32154,E,1,12,71.3
2026-05-16 23:47:05,144705.00,3637.67790,N,12727.32229,E,1,12,71.5
2026-05-16 23:47:07,144707.00,3637.67756,N,12727.32391,E,1,12,71.4
2026-05-16 23:47:08,144708.00,3637.67751,N,12727.32462,E,1,12,71.3
2026-05-16 23:47:10,144710.00,3637.67735,N,12727.32618,E,1,12,71.3
2026-05-16 23:47:11,144711.00,3637.67717,N,12727.32706,E,1,12,71.3
2026-05-16 23:47:12,144712.00,3637.67698,N,12727.32802,E,1,12,71.4
2026-05-16 23:47:14,144714.00,3637.67676,N,12727.32968,E,1,12,71.6
2026-05-16 23:47:15,144715.00,3637.67674,N,12727.33035,E,1,12,71.4
2026-05-16 23:47:17,144717.00,3637.67655,N,12727.33150,E,1,12,71.6
2026-05-16 23:47:18,144718.00,3637.67654,N,12727.33233,E,1,12,71.6
2026-05-16 23:47:20,144720.00,3637.67680,N,12727.33404,E,1,12,71.4
2026-05-16 23:47:21,144721.00,3637.67703,N,12727.33477,E,1,12,71.4
2026-05-16 23:47:23,144723.00,3637.67774,N,12727.33596,E,1,12,71.0
2026-05-16 23:47:24,144724.00,3637.67816,N,12727.33616,E,1,12,71.1
2026-05-16 23:47:26,144726.00,3637.67915,N,12727.33572,E,1,12,70.8
2026-05-16 23:47:28,144728.00,3637.68031,N,12727.33515,E,1,12,70.2
2026-05-16 23:47:29,144729.00,3637.68096,N,12727.33485,E,1,12,70.1
2026-05-16 23:47:30,144730.00,3637.68148,N,12727.33436,E,1,12,69.7
2026-05-16 23:47:32,144732.00,3637.68220,N,12727.33331,E,1,12,69.3
2026-05-16 23:47:33,144733.00,3637.68251,N,12727.33282,E,1,12,69.3
2026-05-16 23:47:35,144735.00,3637.68341,N,12727.33178,E,1,12,68.8
2026-05-16 23:47:36,144736.00,3637.68388,N,12727.33118,E,1,12,68.9
2026-05-16 23:47:37,144737.00,3637.68434,N,12727.33052,E,1,12,68.9
2026-05-16 23:47:39,144739.00,3637.68546,N,12727.32979,E,1,12,69.0
2026-05-16 23:47:41,144741.00,3637.68637,N,12727.32918,E,1,12,69.6
2026-05-16 23:47:43,144743.00,3637.68755,N,12727.32893,E,1,12,69.9
2026-05-16 23:47:44,144744.00,3637.68808,N,12727.32868,E,1,12,69.7
2026-05-16 23:47:46,144746.00,3637.68895,N,12727.32836,E,1,12,69.5
2026-05-16 23:47:48,144748.00,3637.68999,N,12727.32791,E,1,12,69.5
2026-05-16 23:47:50,144750.00,3637.69113,N,12727.32732,E,1,12,69.5
2026-05-16 23:47:52,144752.00,3637.69214,N,12727.32671,E,1,12,69.0
2026-05-16 23:47:54,144754.00,3637.69322,N,12727.32663,E,1,12,69.3
2026-05-16 23:47:56,144756.00,3637.69458,N,12727.32700,E,1,12,69.2
2026-05-16 23:47:58,144758.00,3637.69579,N,12727.32716,E,1,12,69.4
2026-05-16 23:48:00,144800.00,3637.69671,N,12727.32731,E,1,12,68.9
2026-05-16 23:48:02,144802.00,3637.69769,N,12727.32734,E,1,12,68.6
2026-05-16 23:48:04,144804.00,3637.69821,N,12727.32649,E,1,12,68.8
2026-05-16 23:48:05,144805.00,3637.69828,N,12727.32598,E,1,12,68.5
2026-05-16 23:48:07,144807.00,3637.69857,N,12727.32470,E,1,12,68.3
2026-05-16 23:48:08,144808.00,3637.69885,N,12727.32389,E,1,12,68.7
2026-05-16 23:48:09,144809.00,3637.69910,N,12727.32310,E,1,12,68.7
2026-05-16 23:48:10,144810.00,3637.69933,N,12727.32229,E,1,12,68.9
2026-05-16 23:48:12,144812.00,3637.69963,N,12727.32068,E,1,12,68.9
2026-05-16 23:48:13,144813.00,3637.69971,N,12727.31999,E,1,12,68.9
2026-05-16 23:48:14,144814.00,3637.69963,N,12727.31940,E,1,12,68.5
2026-05-16 23:48:16,144816.00,3637.69978,N,12727.31829,E,1,12,68.5
2026-05-16 23:48:18,144818.00,3637.70078,N,12727.31788,E,1,12,68.9
2026-05-16 23:48:20,144820.00,3637.70159,N,12727.31830,E,1,12,69.0
2026-05-16 23:48:22,144822.00,3637.70222,N,12727.31922,E,1,12,68.8
2026-05-16 23:48:24,144824.00,3637.70286,N,12727.32039,E,1,12,68.4
2026-05-16 23:48:26,144826.00,3637.70367,N,12727.32161,E,1,12,67.6
2026-05-16 23:48:27,144827.00,3637.70411,N,12727.32199,E,1,12,67.5
2026-05-16 23:48:29,144829.00,3637.70492,N,12727.32137,E,1,12,67.9
2026-05-16 23:48:31,144831.00,3637.70558,N,12727.32036,E,1,12,68.0
2026-05-16 23:48:32,144832.00,3637.70594,N,12727.31992,E,1,12,68.0
2026-05-16 23:48:34,144834.00,3637.70669,N,12727.31896,E,1,12,67.9
2026-05-16 23:48:35,144835.00,3637.70707,N,12727.31844,E,1,12,67.8
2026-05-16 23:48:36,144836.00,3637.70754,N,12727.31782,E,1,12,67.7
2026-05-16 23:48:38,144838.00,3637.70834,N,12727.31639,E,1,12,68.3
2026-05-16 23:48:40,144840.00,3637.70884,N,12727.31508,E,1,12,67.9
2026-05-16 23:48:42,144842.00,3637.70910,N,12727.31391,E,1,12,68.3
2026-05-16 23:48:44,144844.00,3637.70960,N,12727.31275,E,1,12,68.2
2026-05-16 23:48:45,144845.00,3637.70982,N,12727.31200,E,1,12,68.2
2026-05-16 23:48:47,144847.00,3637.71013,N,12727.31070,E,1,12,68.1
2026-05-16 23:48:48,144848.00,3637.71023,N,12727.31011,E,1,12,68.1
2026-05-16 23:48:50,144850.00,3637.71076,N,12727.30881,E,1,12,67.7
2026-05-16 23:48:52,144852.00,3637.71075,N,12727.30733,E,1,12,68.2
2026-05-16 23:48:53,144853.00,3637.71061,N,12727.30674,E,1,12,68.0
2026-05-16 23:48:55,144855.00,3637.71073,N,12727.30524,E,1,12,68.2
2026-05-16 23:48:56,144856.00,3637.71105,N,12727.30460,E,1,12,68.1
2026-05-16 23:48:57,144857.00,3637.71129,N,12727.30394,E,1,12,68.1
2026-05-16 23:48:59,144859.00,3637.71182,N,12727.30260,E,1,12,67.9
2026-05-16 23:49:00,144900.00,3637.71194,N,12727.30190,E,1,12,67.9
2026-05-16 23:49:02,144902.00,3637.71236,N,12727.30056,E,1,12,68.0
2026-05-16 23:49:04,144904.00,3637.71256,N,12727.29929,E,1,12,67.4
2026-05-16 23:49:05,144905.00,3637.71233,N,12727.29862,E,1,12,67.6
2026-05-16 23:49:06,144906.00,3637.71192,N,12727.29798,E,1,12,67.7
2026-05-16 23:49:08,144908.00,3637.71163,N,12727.29677,E,1,12,67.5
2026-05-16 23:49:09,144909.00,3637.71163,N,12727.29612,E,1,12,67.7
2026-05-16 23:49:10,144910.00,3637.71179,N,12727.29540,E,1,12,67.5
2026-05-16 23:49:11,144911.00,3637.71196,N,12727.29454,E,1,12,67.6
2026-05-16 23:49:13,144913.00,3637.71224,N,12727.29296,E,1,12,67.5
2026-05-16 23:49:14,144914.00,3637.71235,N,12727.29242,E,1,12,67.3
2026-05-16 23:49:15,144915.00,3637.71243,N,12727.29187,E,1,12,67.2
2026-05-16 23:49:17,144917.00,3637.71276,N,12727.29056,E,1,12,67.1
2026-05-16 23:49:18,144918.00,3637.71283,N,12727.28983,E,1,12,67.1
2026-05-16 23:49:19,144919.00,3637.71300,N,12727.28906,E,1,12,67.2
2026-05-16 23:49:21,144921.00,3637.71310,N,12727.28780,E,1,12,66.5
2026-05-16 23:49:23,144923.00,3637.71344,N,12727.28665,E,1,12,66.6
2026-05-16 23:49:25,144925.00,3637.71356,N,12727.28539,E,1,12,66.2
2026-05-16 23:49:27,144927.00,3637.71376,N,12727.28378,E,1,12,66.6
2026-05-16 23:49:29,144929.00,3637.71409,N,12727.28239,E,1,12,66.9
2026-05-16 23:49:31,144931.00,3637.71422,N,12727.28103,E,1,12,66.4
2026-05-16 23:49:33,144933.00,3637.71441,N,12727.27934,E,1,12,66.2
2026-05-16 23:49:35,144935.00,3637.71430,N,12727.27751,E,1,12,66.6
2026-05-16 23:49:37,144937.00,3637.71452,N,12727.27616,E,1,12,67.1
2026-05-16 23:49:38,144938.00,3637.71473,N,12727.27527,E,1,12,67.5
2026-05-16 23:49:40,144940.00,3637.71496,N,12727.27329,E,1,12,68.4
2026-05-16 23:49:41,144941.00,3637.71513,N,12727.27259,E,1,12,68.1
2026-05-16 23:49:43,144943.00,3637.71510,N,12727.27105,E,1,12,68.5
2026-05-16 23:49:45,144945.00,3637.71525,N,12727.26952,E,1,12,68.6
2026-05-16 23:49:47,144947.00,3637.71538,N,12727.26791,E,1,12,68.9
2026-05-16 23:49:48,144948.00,3637.71543,N,12727.26714,E,1,12,69.3
2026-05-16 23:49:49,144949.00,3637.71555,N,12727.26645,E,1,12,69.5
2026-05-16 23:49:50,144950.00,3637.71576,N,12727.26583,E,1,12,69.2
2026-05-16 23:49:52,144952.00,3637.71606,N,12727.26464,E,1,12,68.6
2026-05-16 23:49:54,144954.00,3637.71617,N,12727.26343,E,1,12,68.1
2026-05-16 23:49:55,144955.00,3637.71636,N,12727.26260,E,1,12,68.2
2026-05-16 23:49:57,144957.00,3637.71653,N,12727.26076,E,1,12,69.5
2026-05-16 23:49:59,144959.00,3637.71641,N,12727.25947,E,1,12,69.8
2026-05-16 23:50:00,145000.00,3637.71635,N,12727.25881,E,1,12,69.9
2026-05-16 23:50:02,145002.00,3637.71632,N,12727.25730,E,1,12,70.2
2026-05-16 23:50:04,145004.00,3637.71584,N,12727.25605,E,1,12,69.6
2026-05-16 23:50:05,145005.00,3637.71570,N,12727.25558,E,1,12,69.2
2026-05-16 23:50:07,145007.00,3637.71535,N,12727.25445,E,1,12,69.5
2026-05-16 23:50:09,145009.00,3637.71515,N,12727.25373,E,1,12,69.8
2026-05-16 23:50:10,145010.00,3637.71488,N,12727.25301,E,1,12,69.7
2026-05-16 23:50:12,145012.00,3637.71437,N,12727.25169,E,1,12,69.1
2026-05-16 23:50:14,145014.00,3637.71417,N,12727.25039,E,1,12,68.8
2026-05-16 23:50:16,145016.00,3637.71385,N,12727.24875,E,1,12,68.7
2026-05-16 23:50:18,145018.00,3637.71343,N,12727.24688,E,1,12,68.9
2026-05-16 23:50:20,145020.00,3637.71313,N,12727.24488,E,1,12,69.2
2026-05-16 23:50:21,145021.00,3637.71274,N,12727.24394,E,1,12,69.5
2026-05-16 23:50:23,145023.00,3637.71207,N,12727.24252,E,1,12,68.7
2026-05-16 23:50:25,145025.00,3637.71160,N,12727.24105,E,1,12,68.7
2026-05-16 23:50:26,145026.00,3637.71139,N,12727.24032,E,1,12,68.8
2026-05-16 23:50:27,145027.00,3637.71130,N,12727.23974,E,1,12,68.3
2026-05-16 23:50:29,145029.00,3637.71088,N,12727.23782,E,1,12,68.4
2026-05-16 23:50:31,145031.00,3637.71032,N,12727.23593,E,1,12,68.9
2026-05-16 23:50:32,145032.00,3637.70992,N,12727.23517,E,1,12,68.9
2026-05-16 23:50:34,145034.00,3637.70925,N,12727.23389,E,1,12,68.5
2026-05-16 23:50:35,145035.00,3637.70893,N,12727.23324,E,1,12,68.5
2026-05-16 23:50:37,145037.00,3637.70826,N,12727.23174,E,1,12,68.4
2026-05-16 23:50:39,145039.00,3637.70764,N,12727.22997,E,1,12,68.8
2026-05-16 23:50:41,145041.00,3637.70717,N,12727.22848,E,1,12,68.9
2026-05-16 23:50:42,145042.00,3637.70685,N,12727.22790,E,1,12,69.2
2026-05-16 23:50:44,145044.00,3637.70633,N,12727.22691,E,1,12,69.2
2026-05-16 23:50:45,145045.00,3637.70615,N,12727.22623,E,1,12,69.0
2026-05-16 23:50:47,145047.00,3637.70612,N,12727.22475,E,1,12,68.7
2026-05-16 23:50:49,145049.00,3637.70604,N,12727.22309,E,1,12,68.5
2026-05-16 23:50:50,145050.00,3637.70599,N,12727.22232,E,1,12,68.5
2026-05-16 23:50:52,145052.00,3637.70586,N,12727.22058,E,1,12,68.4
2026-05-16 23:50:53,145053.00,3637.70566,N,12727.21970,E,1,12,68.2
2026-05-16 23:50:55,145055.00,3637.70525,N,12727.21804,E,1,12,68.5
2026-05-16 23:50:57,145057.00,3637.70494,N,12727.21610,E,1,12,69.3
2026-05-16 23:50:58,145058.00,3637.70486,N,12727.21517,E,1,12,69.9
2026-05-16 23:50:59,145059.00,3637.70468,N,12727.21425,E,1,12,70.2
2026-05-16 23:51:00,145100.00,3637.70463,N,12727.21352,E,1,12,69.9
2026-05-16 23:51:02,145102.00,3637.70472,N,12727.21187,E,1,12,70.3
2026-05-16 23:51:03,145103.00,3637.70476,N,12727.21109,E,1,12,70.0
2026-05-16 23:51:05,145105.00,3637.70466,N,12727.20942,E,1,12,69.6
2026-05-16 23:51:06,145106.00,3637.70452,N,12727.20845,E,1,12,69.5
2026-05-16 23:51:07,145107.00,3637.70445,N,12727.20766,E,1,12,69.4
2026-05-16 23:51:09,145109.00,3637.70420,N,12727.20569,E,1,12,70.5
2026-05-16 23:51:10,145110.00,3637.70423,N,12727.20475,E,1,12,71.0
2026-05-16 23:51:12,145112.00,3637.70459,N,12727.20312,E,1,12,70.4
2026-05-16 23:51:14,145114.00,3637.70445,N,12727.20151,E,1,12,70.1
2026-05-16 23:51:15,145115.00,3637.70412,N,12727.20074,E,1,12,69.9
2026-05-16 23:51:16,145116.00,3637.70379,N,12727.19997,E,1,12,70.0
2026-05-16 23:51:18,145118.00,3637.70320,N,12727.19821,E,1,12,70.0
2026-05-16 23:51:20,145120.00,3637.70304,N,12727.19649,E,1,12,70.4
2026-05-16 23:51:22,145122.00,3637.70301,N,12727.19487,E,1,12,70.3
2026-05-16 23:51:24,145124.00,3637.70287,N,12727.19333,E,1,12,70.8
2026-05-16 23:51:26,145126.00,3637.70302,N,12727.19212,E,1,12,71.2
2026-05-16 23:51:27,145127.00,3637.70339,N,12727.19191,E,1,12,71.2
2026-05-16 23:51:28,145128.00,3637.70391,N,12727.19177,E,1,12,71.4
2026-05-16 23:51:30,145130.00,3637.70493,N,12727.19224,E,1,12,71.2
2026-05-16 23:51:32,145132.00,3637.70593,N,12727.19317,E,1,12,70.5
2026-05-16 23:51:33,145133.00,3637.70639,N,12727.19362,E,1,12,70.5
2026-05-16 23:51:35,145135.00,3637.70746,N,12727.19425,E,1,12,69.8
2026-05-16 23:51:36,145136.00,3637.70818,N,12727.19433,E,1,12,69.4
2026-05-16 23:51:38,145138.00,3637.70950,N,12727.19452,E,1,12,70.0
2026-05-16 23:51:40,145140.00,3637.71069,N,12727.19510,E,1,12,69.5
2026-05-16 23:51:42,145142.00,3637.71165,N,12727.19605,E,1,12,69.1
2026-05-16 23:51:43,145143.00,3637.71205,N,12727.19648,E,1,12,68.8
2026-05-16 23:51:44,145144.00,3637.71252,N,12727.19694,E,1,12,68.7
2026-05-16 23:51:46,145146.00,3637.71366,N,12727.19754,E,1,12,68.4
2026-05-16 23:51:48,145148.00,3637.71465,N,12727.19834,E,1,12,68.3
2026-05-16 23:51:49,145149.00,3637.71522,N,12727.19879,E,1,12,68.4
2026-05-16 23:51:51,145151.00,3637.71633,N,12727.19973,E,1,12,67.5
2026-05-16 23:51:53,145153.00,3637.71730,N,12727.20070,E,1,12,66.8
2026-05-16 23:51:54,145154.00,3637.71786,N,12727.20112,E,1,12,66.4
2026-05-16 23:51:56,145156.00,3637.71900,N,12727.20143,E,1,12,66.2
2026-05-16 23:51:58,145158.00,3637.72012,N,12727.20188,E,1,12,66.2
2026-05-16 23:52:00,145200.00,3637.72144,N,12727.20254,E,1,12,66.1
2026-05-16 23:52:02,145202.00,3637.72261,N,12727.20304,E,1,12,66.0
2026-05-16 23:52:03,145203.00,3637.72322,N,12727.20334,E,1,12,65.9
2026-05-16 23:52:05,145205.00,3637.72456,N,12727.20366,E,1,12,65.8
2026-05-16 23:52:07,145207.00,3637.72581,N,12727.20383,E,1,12,65.7
2026-05-16 23:52:09,145209.00,3637.72692,N,12727.20420,E,1,12,65.7
2026-05-16 23:52:11,145211.00,3637.72807,N,12727.20506,E,1,12,65.3
2026-05-16 23:52:13,145213.00,3637.72912,N,12727.20645,E,1,12,65.5
2026-05-16 23:52:14,145214.00,3637.72960,N,12727.20731,E,1,12,65.7
2026-05-16 23:52:15,145215.00,3637.73012,N,12727.20785,E,1,12,65.5
2026-05-16 23:52:17,145217.00,3637.73115,N,12727.20848,E,1,12,65.2
2026-05-16 23:52:19,145219.00,3637.73214,N,12727.20916,E,1,12,65.6
2026-05-16 23:52:21,145221.00,3637.73331,N,12727.20994,E,1,12,65.5
2026-05-16 23:52:22,145222.00,3637.73392,N,12727.21042,E,1,12,65.6
2026-05-16 23:52:23,145223.00,3637.73455,N,12727.21096,E,1,12,66.1
2026-05-16 23:52:25,145225.00,3637.73584,N,12727.21164,E,1,12,66.3
2026-05-16 23:52:27,145227.00,3637.73677,N,12727.21233,E,1,12,65.9
2026-05-16 23:52:29,145229.00,3637.73788,N,12727.21290,E,1,12,65.6
2026-05-16 23:52:31,145231.00,3637.73898,N,12727.21370,E,1,12,64.5
2026-05-16 23:52:32,145232.00,3637.73948,N,12727.21430,E,1,12,64.5
2026-05-16 23:52:34,145234.00,3637.74082,N,12727.21496,E,1,12,64.4
2026-05-16 23:52:35,145235.00,3637.74159,N,12727.21522,E,1,12,64.3
2026-05-16 23:52:37,145237.00,3637.74302,N,12727.21575,E,1,12,64.8
2026-05-16 23:52:38,145238.00,3637.74365,N,12727.21603,E,1,12,64.9
2026-05-16 23:52:40,145240.00,3637.74477,N,12727.21692,E,1,12,64.1
2026-05-16 23:52:42,145242.00,3637.74593,N,12727.21781,E,1,12,63.3
2026-05-16 23:52:43,145243.00,3637.74652,N,12727.21815,E,1,12,63.1
2026-05-16 23:52:45,145245.00,3637.74760,N,12727.21896,E,1,12,63.3
2026-05-16 23:52:47,145247.00,3637.74888,N,12727.21931,E,1,12,63.9
2026-05-16 23:52:49,145249.00,3637.75003,N,12727.21966,E,1,12,64.3
2026-05-16 23:52:51,145251.00,3637.75113,N,12727.22031,E,1,12,64.5
2026-05-16 23:52:52,145252.00,3637.75156,N,12727.22076,E,1,12,64.0
2026-05-16 23:52:54,145254.00,3637.75252,N,12727.22158,E,1,12,63.8
2026-05-16 23:52:56,145256.00,3637.75381,N,12727.22194,E,1,12,63.8
2026-05-16 23:52:58,145258.00,3637.75540,N,12727.22217,E,1,12,63.8
2026-05-16 23:53:00,145300.00,3637.75671,N,12727.22261,E,1,12,63.2
2026-05-16 23:53:02,145302.00,3637.75771,N,12727.22340,E,1,12,62.5
2026-05-16 23:53:04,145304.00,3637.75886,N,12727.22407,E,1,12,62.1
2026-05-16 23:53:05,145305.00,3637.75953,N,12727.22443,E,1,12,61.8
2026-05-16 23:53:07,145307.00,3637.76095,N,12727.22563,E,1,12,61.4
2026-05-16 23:53:08,145308.00,3637.76163,N,12727.22612,E,1,12,61.5
2026-05-16 23:53:09,145309.00,3637.76235,N,12727.22650,E,1,12,61.9
2026-05-16 23:53:11,145311.00,3637.76365,N,12727.22722,E,1,12,61.8
2026-05-16 23:53:12,145312.00,3637.76425,N,12727.22753,E,1,12,61.8
2026-05-16 23:53:14,145314.00,3637.76533,N,12727.22808,E,1,12,62.1
2026-05-16 23:53:15,145315.00,3637.76583,N,12727.22832,E,1,12,62.3
2026-05-16 23:53:16,145316.00,3637.76650,N,12727.22854,E,1,12,62.7
2026-05-16 23:53:17,145317.00,3637.76713,N,12727.22872,E,1,12,62.6
2026-05-16 23:53:18,145318.00,3637.76773,N,12727.22880,E,1,12,62.8
2026-05-16 23:53:20,145320.00,3637.76897,N,12727.22933,E,1,12,62.7
2026-05-16 23:53:21,145321.00,3637.76958,N,12727.22974,E,1,12,62.4
2026-05-16 23:53:23,145323.00,3637.77066,N,12727.23047,E,1,12,62.3
2026-05-16 23:53:25,145325.00,3637.77178,N,12727.23104,E,1,12,62.4
2026-05-16 23:53:26,145326.00,3637.77233,N,12727.23129,E,1,12,62.3
2026-05-16 23:53:28,145328.00,3637.77352,N,12727.23209,E,1,12,62.8
2026-05-16 23:53:30,145330.00,3637.77447,N,12727.23315,E,1,12,62.6
2026-05-16 23:53:31,145331.00,3637.77492,N,12727.23360,E,1,12,62.5
2026-05-16 23:53:32,145332.00,3637.77549,N,12727.23401,E,1,12,62.5
2026-05-16 23:53:34,145334.00,3637.77635,N,12727.23475,E,1,12,62.4
2026-05-16 23:53:36,145336.00,3637.77762,N,12727.23532,E,1,12,62.5
2026-05-16 23:53:38,145338.00,3637.77869,N,12727.23625,E,1,12,61.5
2026-05-16 23:53:39,145339.00,3637.77920,N,12727.23693,E,1,12,61.4
2026-05-16 23:53:40,145340.00,3637.77965,N,12727.23757,E,1,12,61.2
2026-05-16 23:53:42,145342.00,3637.78053,N,12727.23880,E,1,12,61.1
2026-05-16 23:53:44,145344.00,3637.78135,N,12727.24020,E,1,12,60.9
2026-05-16 23:53:45,145345.00,3637.78183,N,12727.24086,E,1,12,60.8
2026-05-16 23:53:46,145346.00,3637.78240,N,12727.24158,E,1,12,60.8
2026-05-16 23:53:48,145348.00,3637.78341,N,12727.24296,E,1,12,60.6
2026-05-16 23:53:49,145349.00,3637.78388,N,12727.24364,E,1,12,60.8
2026-05-16 23:53:51,145351.00,3637.78483,N,12727.24489,E,1,12,60.7
2026-05-16 23:53:52,145352.00,3637.78523,N,12727.24549,E,1,12,60.6
2026-05-16 23:53:54,145354.00,3637.78569,N,12727.24690,E,1,12,60.7
2026-05-16 23:53:56,145356.00,3637.78538,N,12727.24839,E,1,12,61.1
2026-05-16 23:53:57,145357.00,3637.78506,N,12727.24912,E,1,12,61.2
2026-05-16 23:53:59,145359.00,3637.78465,N,12727.25067,E,1,12,61.0
2026-05-16 23:54:00,145400.00,3637.78436,N,12727.25134,E,1,12,60.7
2026-05-16 23:54:02,145402.00,3637.78395,N,12727.25256,E,1,12,59.7
2026-05-16 23:54:03,145403.00,3637.78366,N,12727.25294,E,1,12,59.4
2026-05-16 23:54:04,145404.00,3637.78348,N,12727.25330,E,1,12,59.3
2026-05-16 23:54:06,145406.00,3637.78359,N,12727.25371,E,1,12,59.4
2026-05-16 23:54:08,145408.00,3637.78365,N,12727.25392,E,1,12,59.3
2026-05-16 23:54:09,145409.00,3637.78374,N,12727.25403,E,1,12,59.3
2026-05-16 23:54:10,145410.00,3637.78391,N,12727.25390,E,1,12,59.5
2026-05-16 23:54:12,145412.00,3637.78449,N,12727.25353,E,1,12,59.7
2026-05-16 23:54:13,145413.00,3637.78464,N,12727.25337,E,1,12,59.5
2026-05-16 23:54:14,145414.00,3637.78460,N,12727.25342,E,1,12,59.6
2026-05-16 23:54:16,145416.00,3637.78463,N,12727.25333,E,1,12,59.4
2026-05-16 23:54:18,145418.00,3637.78457,N,12727.25345,E,1,12,59.6
2026-05-16 23:54:20,145420.00,3637.78444,N,12727.25351,E,1,12,58.8
2026-05-16 23:54:21,145421.00,3637.78448,N,12727.25349,E,1,12,58.3
2026-05-16 23:54:23,145423.00,3637.78455,N,12727.25351,E,1,12,57.9
2026-05-16 23:54:25,145425.00,3637.78468,N,12727.25371,E,1,12,57.8
2026-05-16 23:54:26,145426.00,3637.78476,N,12727.25383,E,1,12,57.9
2026-05-16 23:54:28,145428.00,3637.78503,N,12727.25392,E,1,12,58.4
2026-05-16 23:54:29,145429.00,3637.78512,N,12727.25394,E,1,12,58.7
2026-05-16 23:54:30,145430.00,3637.78521,N,12727.25395,E,1,12,59.0
2026-05-16 23:54:32,145432.00,3637.78532,N,12727.25392,E,1,12,59.4
2026-05-16 23:54:33,145433.00,3637.78536,N,12727.25391,E,1,12,59.5
2026-05-16 23:54:35,145435.00,3637.78543,N,12727.25390,E,1,12,59.6
2026-05-16 23:54:36,145436.00,3637.78546,N,12727.25389,E,1,12,59.6
2026-05-16 23:54:37,145437.00,3637.78548,N,12727.25388,E,1,12,59.6
2026-05-16 23:54:39,145439.00,3637.78549,N,12727.25388,E,1,12,59.5
2026-05-16 23:54:41,145441.00,3637.78549,N,12727.25387,E,1,12,59.5
2026-05-16 23:54:42,145442.00,3637.78549,N,12727.25387,E,1,12,59.5
2026-05-16 23:54:44,145444.00,3637.78550,N,12727.25386,E,1,12,59.4
2026-05-16 23:54:45,145445.00,3637.78551,N,12727.25386,E,1,12,59.4
2026-05-16 23:54:47,145447.00,3637.78552,N,12727.25386,E,1,12,59.3
2026-05-16 23:54:48,145448.00,3637.78551,N,12727.25387,E,1,12,59.2
2026-05-16 23:54:50,145450.00,3637.78550,N,12727.25390,E,1,12,59.2
2026-05-16 23:54:52,145452.00,3637.78551,N,12727.25390,E,1,12,59.0
2026-05-16 23:54:53,145453.00,3637.78550,N,12727.25390,E,1,12,59.0
2026-05-16 23:54:55,145455.00,3637.78483,N,12727.25341,E,1,12,58.7
2026-05-16 23:54:57,145457.00,3637.78408,N,12727.25291,E,1,12,58.4
2026-05-16 23:54:59,145459.00,3637.78369,N,12727.25264,E,1,12,58.3
2026-05-16 23:55:01,145501.00,3637.78350,N,12727.25249,E,1,12,58.2
2026-05-16 23:55:03,145503.00,3637.78344,N,12727.25238,E,1,12,57.9
2026-05-16 23:55:05,145505.00,3637.78342,N,12727.25240,E,1,12,57.7
2026-05-16 23:55:06,145506.00,3637.78338,N,12727.25237,E,1,12,57.7
2026-05-16 23:55:07,145507.00,3637.78335,N,12727.25238,E,1,12,57.9
2026-05-16 23:55:09,145509.00,3637.78338,N,12727.25242,E,1,12,57.8
2026-05-16 23:55:11,145511.00,3637.78348,N,12727.25245,E,1,12,57.7
2026-05-16 23:55:12,145512.00,3637.78353,N,12727.25248,E,1,12,57.7
2026-05-16 23:55:14,145514.00,3637.78363,N,12727.25256,E,1,12,57.7
2026-05-16 23:55:16,145516.00,3637.78376,N,12727.25266,E,1,12,57.6
2026-05-16 23:55:17,145517.00,3637.78381,N,12727.25272,E,1,12,57.6
2026-05-16 23:55:19,145519.00,3637.78392,N,12727.25284,E,1,12,57.5
2026-05-16 23:55:21,145521.00,3637.78401,N,12727.25295,E,1,12,57.5
2026-05-16 23:55:22,145522.00,3637.78405,N,12727.25301,E,1,12,57.5
2026-05-16 23:55:23,145523.00,3637.78409,N,12727.25305,E,1,12,57.5
2026-05-16 23:55:25,145525.00,3637.78412,N,12727.25315,E,1,12,57.3
2026-05-16 23:55:27,145527.00,3637.78413,N,12727.25319,E,1,12,57.1
2026-05-16 23:55:29,145529.00,3637.78410,N,12727.25322,E,1,12,57.2
2026-05-16 23:55:31,145531.00,3637.78410,N,12727.25322,E,1,12,57.1
2026-05-16 23:55:33,145533.00,3637.78410,N,12727.25321,E,1,12,57.1
2026-05-16 23:55:35,145535.00,3637.78413,N,12727.25321,E,1,12,57.1
2026-05-16 23:55:36,145536.00,3637.78405,N,12727.25331,E,1,12,57.1
2026-05-16 23:55:38,145538.00,3637.78391,N,12727.25349,E,1,12,57.4
2026-05-16 23:55:40,145540.00,3637.78388,N,12727.25358,E,1,12,57.4
2026-05-16 23:55:41,145541.00,3637.78387,N,12727.25360,E,1,12,57.5
2026-05-16 23:55:43,145543.00,3637.78389,N,12727.25362,E,1,12,57.5
2026-05-16 23:55:44,145544.00,3637.78390,N,12727.25363,E,1,12,57.5
2026-05-16 23:55:46,145546.00,3637.78391,N,12727.25364,E,1,12,57.5
2026-05-16 23:55:47,145547.00,3637.78399,N,12727.25372,E,1,12,57.4
2026-05-16 23:55:49,145549.00,3637.78401,N,12727.25379,E,1,12,57.3
2026-05-16 23:55:50,145550.00,3637.78406,N,12727.25384,E,1,12,57.3
2026-05-16 23:55:52,145552.00,3637.78412,N,12727.25387,E,1,12,57.3
2026-05-16 23:55:53,145553.00,3637.78413,N,12727.25389,E,1,12,57.2
2026-05-16 23:55:55,145555.00,3637.78414,N,12727.25389,E,1,12,57.2
2026-05-16 23:55:57,145557.00,3637.78418,N,12727.25392,E,1,12,57.1
2026-05-16 23:55:58,145558.00,3637.78419,N,12727.25393,E,1,12,57.1
2026-05-16 23:56:00,145600.00,3637.78419,N,12727.25395,E,1,12,57.2
2026-05-16 23:56:02,145602.00,3637.78422,N,12727.25395,E,1,12,57.1
2026-05-16 23:56:03,145603.00,3637.78423,N,12727.25396,E,1,12,57.1
2026-05-16 23:56:05,145605.00,3637.78426,N,12727.25398,E,1,12,57.1
2026-05-16 23:56:06,145606.00,3637.78427,N,12727.25400,E,1,12,57.0
2026-05-16 23:56:08,145608.00,3637.78428,N,12727.25402,E,1,12,57.0
2026-05-16 23:56:09,145609.00,3637.78429,N,12727.25403,E,1,12,56.9
2026-05-16 23:56:10,145610.00,3637.78431,N,12727.25405,E,1,12,56.9
2026-05-16 23:56:11,145611.00,3637.78431,N,12727.25409,E,1,12,57.0
2026-05-16 23:56:13,145613.00,3637.78430,N,12727.25412,E,1,12,57.2
2026-05-16 23:56:14,145614.00,3637.78430,N,12727.25415,E,1,12,57.2
2026-05-16 23:56:16,145616.00,3637.78430,N,12727.25415,E,1,12,57.2
2026-05-16 23:56:17,145617.00,3637.78430,N,12727.25416,E,1,12,57.3
2026-05-16 23:56:19,145619.00,3637.78426,N,12727.25418,E,1,12,57.4
2026-05-16 23:56:20,145620.00,3637.78425,N,12727.25418,E,1,12,57.5
2026-05-16 23:56:22,145622.00,3637.78430,N,12727.25416,E,1,12,57.3
2026-05-16 23:56:24,145624.00,3637.78433,N,12727.25416,E,1,12,57.3
2026-05-16 23:56:26,145626.00,3637.78437,N,12727.25413,E,1,12,57.1
2026-05-16 23:56:27,145627.00,3637.78436,N,12727.25412,E,1,12,57.2
2026-05-16 23:56:29,145629.00,3637.78435,N,12727.25415,E,1,12,57.2
2026-05-16 23:56:30,145630.00,3637.78436,N,12727.25416,E,1,12,57.2
2026-05-16 23:56:31,145631.00,3637.78442,N,12727.25414,E,1,12,57.1
2026-05-16 23:56:33,145633.00,3637.78443,N,12727.25415,E,1,12,57.0
2026-05-16 23:56:35,145635.00,3637.78450,N,12727.25413,E,1,12,56.9
2026-05-16 23:56:37,145637.00,3637.78452,N,12727.25409,E,1,12,56.9
2026-05-16 23:56:38,145638.00,3637.78454,N,12727.25406,E,1,12,56.9
2026-05-16 23:56:39,145639.00,3637.78459,N,12727.25405,E,1,12,56.9
2026-05-16 23:56:41,145641.00,3637.78466,N,12727.25403,E,1,12,56.7
2026-05-16 23:56:42,145642.00,3637.78468,N,12727.25401,E,1,12,56.7
2026-05-16 23:56:43,145643.00,3637.78469,N,12727.25400,E,1,12,56.7
2026-05-16 23:56:44,145644.00,3637.78469,N,12727.25400,E,1,12,56.7
2026-05-16 23:56:46,145646.00,3637.78475,N,12727.25397,E,1,12,56.4
2026-05-16 23:56:47,145647.00,3637.78475,N,12727.25397,E,1,12,56.4
2026-05-16 23:56:49,145649.00,3637.78473,N,12727.25394,E,1,12,56.5
2026-05-16 23:56:51,145651.00,3637.78477,N,12727.25388,E,1,12,56.2
2026-05-16 23:56:53,145653.00,3637.78478,N,12727.25388,E,1,12,56.3
2026-05-16 23:56:54,145654.00,3637.78482,N,12727.25393,E,1,12,56.4
2026-05-16 23:56:56,145656.00,3637.78482,N,12727.25400,E,1,12,56.9
2026-05-16 23:56:57,145657.00,3637.78480,N,12727.25398,E,1,12,57.0
2026-05-16 23:56:59,145659.00,3637.78449,N,12727.25434,E,1,12,57.8
2026-05-16 23:57:00,145700.00,3637.78435,N,12727.25455,E,1,12,58.2
2026-05-16 23:57:02,145702.00,3637.78426,N,12727.25473,E,1,12,58.7
2026-05-16 23:57:03,145703.00,3637.78431,N,12727.25475,E,1,12,58.9
2026-05-16 23:57:05,145705.00,3637.78431,N,12727.25476,E,1,12,59.1
2026-05-16 23:57:07,145707.00,3637.78434,N,12727.25475,E,1,12,59.2
2026-05-16 23:57:09,145709.00,3637.78436,N,12727.25475,E,1,12,59.2
2026-05-16 23:57:10,145710.00,3637.78436,N,12727.25476,E,1,12,59.3
2026-05-16 23:57:11,145711.00,3637.78431,N,12727.25488,E,1,12,59.3
2026-05-16 23:57:12,145712.00,3637.78425,N,12727.25504,E,1,12,59.4
2026-05-16 23:57:14,145714.00,3637.78434,N,12727.25538,E,1,12,59.6
2026-05-16 23:57:16,145716.00,3637.78431,N,12727.25558,E,1,12,59.6
2026-05-16 23:57:18,145718.00,3637.78435,N,12727.25582,E,1,12,59.8
2026-05-16 23:57:20,145720.00,3637.78431,N,12727.25600,E,1,12,59.9
2026-05-16 23:57:22,145722.00,3637.78426,N,12727.25608,E,1,12,60.3
2026-05-16 23:57:24,145724.00,3637.78419,N,12727.25608,E,1,12,60.6
2026-05-16 23:57:26,145726.00,3637.78413,N,12727.25606,E,1,12,60.9
2026-05-16 23:57:27,145727.00,3637.78409,N,12727.25606,E,1,12,61.1
2026-05-16 23:57:29,145729.00,3637.78405,N,12727.25606,E,1,12,61.4
2026-05-16 23:57:30,145730.00,3637.78382,N,12727.25583,E,1,12,61.4
2026-05-16 23:57:32,145732.00,3637.78354,N,12727.25557,E,1,12,61.4
2026-05-16 23:57:34,145734.00,3637.78339,N,12727.25543,E,1,12,61.5
2026-05-16 23:57:35,145735.00,3637.78333,N,12727.25538,E,1,12,61.6
2026-05-16 23:57:36,145736.00,3637.78329,N,12727.25534,E,1,12,61.7
2026-05-16 23:57:38,145738.00,3637.78323,N,12727.25530,E,1,12,61.8
2026-05-16 23:57:40,145740.00,3637.78324,N,12727.25526,E,1,12,61.8
2026-05-16 23:57:42,145742.00,3637.78322,N,12727.25525,E,1,12,61.8
2026-05-16 23:57:44,145744.00,3637.78322,N,12727.25525,E,1,12,61.7
2026-05-16 23:57:46,145746.00,3637.78326,N,12727.25523,E,2,12,61.5
2026-05-16 23:57:47,145747.00,3637.78327,N,12727.25522,E,2,12,61.5
2026-05-16 23:57:49,145749.00,3637.78329,N,12727.25521,E,2,12,61.4
2026-05-16 23:57:50,145750.00,3637.78331,N,12727.25521,E,2,12,61.4
2026-05-16 23:57:52,145752.00,3637.78335,N,12727.25522,E,1,12,61.3
2026-05-16 23:57:53,145753.00,3637.78336,N,12727.25521,E,1,12,61.3
2026-05-16 23:57:55,145755.00,3637.78336,N,12727.25521,E,1,12,61.3
2026-05-16 23:57:57,145757.00,3637.78337,N,12727.25520,E,1,12,61.3
2026-05-16 23:57:58,145758.00,3637.78337,N,12727.25520,E,1,12,61.2
2026-05-16 23:58:00,145800.00,3637.78338,N,12727.25519,E,2,12,61.3
2026-05-16 23:58:01,145801.00,3637.78338,N,12727.25518,E,2,12,61.3
2026-05-16 23:58:03,145803.00,3637.78343,N,12727.25519,E,2,12,61.5
2026-05-16 23:58:05,145805.00,3637.78348,N,12727.25519,E,2,12,61.6
2026-05-16 23:58:07,145807.00,3637.78353,N,12727.25521,E,2,12,61.7
2026-05-16 23:58:08,145808.00,3637.78355,N,12727.25522,E,2,12,61.8
2026-05-16 23:58:09,145809.00,3637.78358,N,12727.25522,E,2,12,61.8
2026-05-16 23:58:11,145811.00,3637.78363,N,12727.25517,E,2,12,61.8
2026-05-16 23:58:12,145812.00,3637.78365,N,12727.25514,E,2,12,61.8
2026-05-16 23:58:14,145814.00,3637.78370,N,12727.25506,E,2,12,61.7
2026-05-16 23:58:16,145816.00,3637.78371,N,12727.25499,E,1,12,61.6
2026-05-16 23:58:17,145817.00,3637.78369,N,12727.25496,E,1,12,61.6
2026-05-16 23:58:18,145818.00,3637.78371,N,12727.25492,E,1,12,61.5
2026-05-16 23:58:20,145820.00,3637.78372,N,12727.25486,E,1,12,61.4
2026-05-16 23:58:21,145821.00,3637.78372,N,12727.25484,E,1,12,61.3
2026-05-16 23:58:23,145823.00,3637.78375,N,12727.25480,E,2,12,61.3
2026-05-16 23:58:24,145824.00,3637.78378,N,12727.25479,E,2,12,61.3
2026-05-16 23:58:26,145826.00,3637.78381,N,12727.25478,E,2,12,61.3
2026-05-16 23:58:27,145827.00,3637.78381,N,12727.25478,E,2,12,61.3
2026-05-16 23:58:28,145828.00,3637.78382,N,12727.25477,E,2,12,61.4
2026-05-16 23:58:30,145830.00,3637.78383,N,12727.25476,E,2,12,61.3
2026-05-16 23:58:31,145831.00,3637.78383,N,12727.25476,E,2,12,61.4
2026-05-16 23:58:33,145833.00,3637.78386,N,12727.25474,E,2,12,61.3
2026-05-16 23:58:35,145835.00,3637.78389,N,12727.25474,E,2,12,61.2
2026-05-16 23:58:36,145836.00,3637.78389,N,12727.25473,E,2,12,61.2
2026-05-16 23:58:38,145838.00,3637.78388,N,12727.25474,E,2,12,61.3
2026-05-16 23:58:39,145839.00,3637.78388,N,12727.25473,E,2,12,61.3
2026-05-16 23:58:40,145840.00,3637.78390,N,12727.25471,E,2,12,61.2
2026-05-16 23:58:41,145841.00,3637.78391,N,12727.25471,E,2,12,61.2
2026-05-16 23:58:43,145843.00,3637.78394,N,12727.25468,E,2,12,61.0
2026-05-16 23:58:44,145844.00,3637.78396,N,12727.25468,E,2,12,61.0
2026-05-16 23:58:46,145846.00,3637.78400,N,12727.25469,E,2,12,60.9
2026-05-16 23:58:47,145847.00,3637.78401,N,12727.25469,E,2,12,60.9
2026-05-16 23:58:49,145849.00,3637.78381,N,12727.25456,E,1,12,60.7
2026-05-16 23:58:51,145851.00,3637.78371,N,12727.25448,E,1,12,60.5
2026-05-16 23:58:52,145852.00,3637.78366,N,12727.25442,E,1,12,60.5
2026-05-16 23:58:54,145854.00,3637.78353,N,12727.25442,E,1,12,60.6
2026-05-16 23:58:56,145856.00,3637.78345,N,12727.25435,E,1,12,60.7
2026-05-16 23:58:58,145858.00,3637.78335,N,12727.25434,E,1,12,61.0
2026-05-16 23:59:00,145900.00,3637.78325,N,12727.25435,E,1,12,61.2
2026-05-16 23:59:02,145902.00,3637.78318,N,12727.25435,E,1,12,61.3
2026-05-16 23:59:03,145903.00,3637.78317,N,12727.25436,E,1,12,61.3
2026-05-16 23:59:04,145904.00,3637.78317,N,12727.25436,E,1,12,61.3
2026-05-16 23:59:06,145906.00,3637.78312,N,12727.25442,E,1,12,61.3
2026-05-16 23:59:07,145907.00,3637.78309,N,12727.25445,E,1,12,61.3
2026-05-16 23:59:09,145909.00,3637.78307,N,12727.25449,E,1,12,61.5
2026-05-16 23:59:11,145911.00,3637.78310,N,12727.25449,E,1,12,61.5
2026-05-16 23:59:13,145913.00,3637.78310,N,12727.25452,E,1,12,61.6
2026-05-16 23:59:14,145914.00,3637.78312,N,12727.25452,E,1,12,61.5
2026-05-16 23:59:16,145916.00,3637.78312,N,12727.25456,E,1,12,61.6
2026-05-16 23:59:17,145917.00,3637.78315,N,12727.25456,E,1,12,61.6
2026-05-16 23:59:18,145918.00,3637.78317,N,12727.25456,E,1,12,61.6
2026-05-16 23:59:20,145920.00,3637.78340,N,12727.25460,E,1,12,61.0
2026-05-16 23:59:22,145922.00,3637.78347,N,12727.25468,E,1,12,60.7
2026-05-16 23:59:23,145923.00,3637.78350,N,12727.25471,E,1,12,60.7
2026-05-16 23:59:25,145925.00,3637.78353,N,12727.25473,E,1,12,60.6
2026-05-16 23:59:26,145926.00,3637.78355,N,12727.25474,E,1,12,60.6
2026-05-16 23:59:27,145927.00,3637.78359,N,12727.25469,E,1,12,60.5
2026-05-16 23:59:29,145929.00,3637.78361,N,12727.25464,E,1,12,60.5
2026-05-16 23:59:31,145931.00,3637.78366,N,12727.25462,E,1,12,60.3
2026-05-16 23:59:33,145933.00,3637.78372,N,12727.25458,E,1,12,60.0
2026-05-16 23:59:34,145934.00,3637.78375,N,12727.25456,E,1,12,60.0
2026-05-16 23:59:36,145936.00,3637.78381,N,12727.25453,E,1,12,59.8
2026-05-16 23:59:38,145938.00,3637.78385,N,12727.25451,E,1,12,59.8
2026-05-16 23:59:40,145940.00,3637.78391,N,12727.25449,E,1,12,59.8
2026-05-16 23:59:42,145942.00,3637.78397,N,12727.25447,E,1,12,59.7
2026-05-16 23:59:44,145944.00,3637.78404,N,12727.25449,E,1,12,59.5
2026-05-16 23:59:46,145946.00,3637.78411,N,12727.25451,E,1,12,59.3
2026-05-16 23:59:47,145947.00,3637.78415,N,12727.25451,E,1,12,59.2
2026-05-16 23:59:48,145948.00,3637.78419,N,12727.25455,E,1,12,59.2
2026-05-16 23:59:49,145949.00,3637.78426,N,12727.25455,E,1,12,59.1
2026-05-16 23:59:50,145950.00,3637.78430,N,12727.25457,E,1,12,59.0
2026-05-16 23:59:52,145952.00,3637.78446,N,12727.25462,E,1,12,58.8
2026-05-16 23:59:53,145953.00,3637.78458,N,12727.25468,E,1,12,58.8
2026-05-16 23:59:55,145955.00,3637.78490,N,12727.25476,E,1,12,58.4
2026-05-16 23:59:56,145956.00,3637.78503,N,12727.25480,E,1,12,58.3
2026-05-16 23:59:58,145958.00,3637.78529,N,12727.25490,E,1,12,58.2
2026-05-17 00:00:00,150000.00,3637.78558,N,12727.25497,E,1,12,57.9
2026-05-17 00:00:02,150002.00,3637.78575,N,12727.25501,E,1,12,57.8
2026-05-17 00:00:04,150004.00,3637.78578,N,12727.25503,E,1,12,57.7
2026-05-17 00:00:05,150005.00,3637.78576,N,12727.25506,E,1,12,57.7
2026-05-17 00:00:06,150006.00,3637.78578,N,12727.25509,E,1,12,57.3
2026-05-17 00:00:08,150008.00,3637.78576,N,12727.25521,E,1,12,57.2
2026-05-17 00:00:10,150010.00,3637.78573,N,12727.25525,E,1,12,56.9
2026-05-17 00:00:11,150011.00,3637.78568,N,12727.25526,E,1,12,56.9
2026-05-17 00:00:13,150013.00,3637.78566,N,12727.25528,E,1,12,56.8
2026-05-17 00:00:14,150014.00,3637.78565,N,12727.25529,E,1,12,56.8
2026-05-17 00:00:16,150016.00,3637.78548,N,12727.25519,E,1,12,56.2
2026-05-17 00:00:17,150017.00,3637.78507,N,12727.25486,E,1,12,55.3
2026-05-17 00:00:19,150019.00,3637.78485,N,12727.25468,E,1,12,55.0
2026-05-17 00:00:21,150021.00,3637.78483,N,12727.25472,E,1,12,55.1
2026-05-17 00:00:22,150022.00,3637.78487,N,12727.25474,E,1,12,55.0
2026-05-17 00:00:24,150024.00,3637.78495,N,12727.25479,E,1,12,55.1
2026-05-17 00:00:26,150026.00,3637.78570,N,12727.25505,E,1,12,55.1
2026-05-17 00:00:27,150027.00,3637.78540,N,12727.25525,E,1,12,56.5
2026-05-17 00:00:28,150028.00,3637.78518,N,12727.25529,E,1,12,57.7
2026-05-17 00:00:29,150029.00,3637.78541,N,12727.25475,E,1,12,57.3
2026-05-17 00:00:31,150031.00,3637.78539,N,12727.25434,E,1,12,56.5
2026-05-17 00:00:33,150033.00,3637.78531,N,12727.25430,E,1,12,56.6
2026-05-17 00:00:34,150034.00,3637.78531,N,12727.25426,E,1,12,57.0
2026-05-17 00:00:35,150035.00,3637.78538,N,12727.25392,E,1,12,57.5
2026-05-17 00:00:37,150037.00,3637.78553,N,12727.25343,E,1,12,57.1
2026-05-17 00:00:38,150038.00,3637.78562,N,12727.25326,E,1,12,56.7
2026-05-17 00:00:40,150040.00,3637.78579,N,12727.25317,E,1,12,56.4
2026-05-17 00:00:41,150041.00,3637.78583,N,12727.25314,E,1,12,56.4
2026-05-17 00:00:42,150042.00,3637.78584,N,12727.25310,E,1,12,56.4
2026-05-17 00:00:44,150044.00,3637.78588,N,12727.25306,E,1,12,56.4
2026-05-17 00:00:46,150046.00,3637.78588,N,12727.25301,E,1,12,56.4
2026-05-17 00:00:47,150047.00,3637.78588,N,12727.25298,E,1,12,56.5
2026-05-17 00:00:48,150048.00,3637.78588,N,12727.25297,E,1,12,56.5
2026-05-17 00:00:50,150050.00,3637.78591,N,12727.25294,E,1,12,56.5
2026-05-17 00:00:52,150052.00,3637.78595,N,12727.25292,E,1,12,56.4
2026-05-17 00:00:53,150053.00,3637.78597,N,12727.25291,E,1,12,56.4
2026-05-17 00:00:55,150055.00,3637.78602,N,12727.25293,E,1,12,56.4
2026-05-17 00:00:57,150057.00,3637.78608,N,12727.25296,E,1,12,56.3
2026-05-17 00:00:59,150059.00,3637.78612,N,12727.25299,E,1,12,56.2
2026-05-17 00:01:01,150101.00,3637.78616,N,12727.25304,E,1,12,56.1
2026-05-17 00:01:02,150102.00,3637.78619,N,12727.25306,E,1,12,56.0
2026-05-17 00:01:04,150104.00,3637.78625,N,12727.25311,E,1,12,55.8
2026-05-17 00:01:05,150105.00,3637.78627,N,12727.25314,E,1,12,55.8
2026-05-17 00:01:06,150106.00,3637.78630,N,12727.25316,E,1,12,55.7
2026-05-17 00:01:08,150108.00,3637.78633,N,12727.25321,E,1,12,55.6
2026-05-17 00:01:09,150109.00,3637.78634,N,12727.25323,E,1,12,55.5
2026-05-17 00:01:10,150110.00,3637.78635,N,12727.25325,E,1,12,55.5
2026-05-17 00:01:12,150112.00,3637.78636,N,12727.25328,E,1,12,55.5
2026-05-17 00:01:14,150114.00,3637.78638,N,12727.25332,E,1,12,55.4
2026-05-17 00:01:15,150115.00,3637.78638,N,12727.25334,E,1,12,55.4
2026-05-17 00:01:17,150117.00,3637.78640,N,12727.25340,E,1,12,55.4
2026-05-17 00:01:18,150118.00,3637.78642,N,12727.25342,E,1,12,55.3
2026-05-17 00:01:20,150120.00,3637.78646,N,12727.25346,E,1,12,55.3
2026-05-17 00:01:21,150121.00,3637.78649,N,12727.25348,E,1,12,55.3
2026-05-17 00:01:22,150122.00,3637.78651,N,12727.25350,E,1,12,55.3
2026-05-17 00:01:24,150124.00,3637.78649,N,12727.25352,E,1,12,55.3
2026-05-17 00:01:26,150126.00,3637.78648,N,12727.25356,E,1,12,55.4
2026-05-17 00:01:27,150127.00,3637.78646,N,12727.25359,E,1,12,55.5
2026-05-17 00:01:29,150129.00,3637.78641,N,12727.25363,E,1,12,55.6
2026-05-17 00:01:31,150131.00,3637.78637,N,12727.25369,E,1,12,55.8
2026-05-17 00:01:33,150133.00,3637.78636,N,12727.25375,E,1,12,55.9
2026-05-17 00:01:35,150135.00,3637.78637,N,12727.25380,E,1,12,56.0
2026-05-17 00:01:37,150137.00,3637.78637,N,12727.25386,E,1,12,56.1
2026-05-17 00:01:38,150138.00,3637.78637,N,12727.25390,E,1,12,56.1
2026-05-17 00:01:40,150140.00,3637.78638,N,12727.25395,E,1,12,56.2
2026-05-17 00:01:42,150142.00,3637.78642,N,12727.25401,E,1,12,56.3
2026-05-17 00:01:44,150144.00,3637.78643,N,12727.25406,E,1,12,56.4
2026-05-17 00:01:45,150145.00,3637.78644,N,12727.25408,E,1,12,56.4
2026-05-17 00:01:47,150147.00,3637.78648,N,12727.25413,E,1,12,56.5
2026-05-17 00:01:48,150148.00,3637.78650,N,12727.25416,E,1,12,56.6
2026-05-17 00:01:49,150149.00,3637.78649,N,12727.25419,E,1,12,56.6
2026-05-17 00:01:51,150151.00,3637.78653,N,12727.25424,E,1,12,56.7
2026-05-17 00:01:53,150153.00,3637.78654,N,12727.25427,E,1,12,56.7
2026-05-17 00:01:54,150154.00,3637.78657,N,12727.25429,E,1,12,56.8
2026-05-17 00:01:56,150156.00,3637.78655,N,12727.25432,E,1,12,56.8
2026-05-17 00:01:58,150158.00,3637.78656,N,12727.25435,E,1,12,56.8
2026-05-17 00:01:59,150159.00,3637.78658,N,12727.25437,E,1,12,56.9
2026-05-17 00:02:01,150201.00,3637.78663,N,12727.25441,E,1,12,57.0
2026-05-17 00:02:02,150202.00,3637.78665,N,12727.25442,E,1,12,57.1
2026-05-17 00:02:04,150204.00,3637.78669,N,12727.25444,E,1,12,57.2
2026-05-17 00:02:05,150205.00,3637.78670,N,12727.25445,E,1,12,57.3
2026-05-17 00:02:07,150207.00,3637.78673,N,12727.25447,E,1,12,57.4
2026-05-17 00:02:08,150208.00,3637.78674,N,12727.25449,E,1,12,57.5
2026-05-17 00:02:10,150210.00,3637.78676,N,12727.25452,E,1,12,57.7
2026-05-17 00:02:12,150212.00,3637.78676,N,12727.25455,E,1,12,57.8
2026-05-17 00:02:14,150214.00,3637.78676,N,12727.25458,E,1,12,58.0
2026-05-17 00:02:16,150216.00,3637.78678,N,12727.25462,E,1,12,58.1
2026-05-17 00:02:17,150217.00,3637.78676,N,12727.25464,E,1,12,58.1
2026-05-17 00:02:18,150218.00,3637.78675,N,12727.25466,E,1,12,58.2
2026-05-17 00:02:20,150220.00,3637.78672,N,12727.25469,E,1,12,58.2
2026-05-17 00:02:22,150222.00,3637.78669,N,12727.25474,E,1,12,58.4
2026-05-17 00:02:24,150224.00,3637.78665,N,12727.25478,E,1,12,58.5
2026-05-17 00:02:26,150226.00,3637.78659,N,12727.25484,E,1,12,58.7
2026-05-17 00:02:27,150227.00,3637.78654,N,12727.25487,E,1,12,58.8
2026-05-17 00:02:29,150229.00,3637.78647,N,12727.25492,E,1,12,59.1
2026-05-17 00:02:31,150231.00,3637.78642,N,12727.25498,E,1,12,59.3
2026-05-17 00:02:32,150232.00,3637.78640,N,12727.25501,E,1,12,59.4
2026-05-17 00:02:34,150234.00,3637.78634,N,12727.25505,E,1,12,59.5
2026-05-17 00:02:36,150236.00,3637.78627,N,12727.25509,E,1,12,59.7
2026-05-17 00:02:37,150237.00,3637.78624,N,12727.25511,E,1,12,59.8
2026-05-17 00:02:38,150238.00,3637.78621,N,12727.25512,E,1,12,59.9
2026-05-17 00:02:40,150240.00,3637.78615,N,12727.25512,E,1,12,60.0
2026-05-17 00:02:42,150242.00,3637.78610,N,12727.25508,E,1,12,59.9
2026-05-17 00:02:44,150244.00,3637.78604,N,12727.25504,E,1,12,59.9
2026-05-17 00:02:46,150246.00,3637.78599,N,12727.25502,E,1,12,59.9
2026-05-17 00:02:48,150248.00,3637.78593,N,12727.25501,E,1,12,59.9
2026-05-17 00:02:50,150250.00,3637.78589,N,12727.25499,E,1,12,59.9
2026-05-17 00:02:51,150251.00,3637.78587,N,12727.25499,E,1,12,59.9
2026-05-17 00:02:52,150252.00,3637.78586,N,12727.25499,E,1,12,59.9
2026-05-17 00:02:54,150254.00,3637.78583,N,12727.25499,E,1,12,59.9
2026-05-17 00:02:56,150256.00,3637.78580,N,12727.25499,E,1,12,59.9
2026-05-17 00:02:58,150258.00,3637.78580,N,12727.25499,E,1,12,59.9
2026-05-17 00:02:59,150259.00,3637.78579,N,12727.25499,E,1,12,59.9
2026-05-17 00:03:01,150301.00,3637.78580,N,12727.25500,E,1,12,59.9
2026-05-17 00:03:03,150303.00,3637.78582,N,12727.25501,E,1,12,60.0
2026-05-17 00:03:05,150305.00,3637.78585,N,12727.25505,E,1,12,60.1
2026-05-17 00:03:07,150307.00,3637.78624,N,12727.25534,E,1,12,61.8
2026-05-17 00:03:08,150308.00,3637.78647,N,12727.25550,E,2,12,62.6
2026-05-17 00:03:09,150309.00,3637.78666,N,12727.25563,E,2,12,63.3
2026-05-17 00:03:11,150311.00,3637.78686,N,12727.25577,E,2,12,63.8
2026-05-17 00:03:12,150312.00,3637.78698,N,12727.25587,E,2,12,64.3
2026-05-17 00:03:14,150314.00,3637.78721,N,12727.25602,E,2,12,64.9
2026-05-17 00:03:16,150316.00,3637.78740,N,12727.25614,E,2,12,65.3
2026-05-17 00:03:17,150317.00,3637.78747,N,12727.25619,E,2,12,65.4
2026-05-17 00:03:19,150319.00,3637.78761,N,12727.25628,E,2,12,65.7
2026-05-17 00:03:20,150320.00,3637.78767,N,12727.25632,E,2,12,65.8
2026-05-17 00:03:22,150322.00,3637.78778,N,12727.25640,E,2,12,65.9
2026-05-17 00:03:23,150323.00,3637.78783,N,12727.25643,E,2,12,65.9
2026-05-17 00:03:25,150325.00,3637.78793,N,12727.25649,E,2,12,66.0
2026-05-17 00:03:26,150326.00,3637.78794,N,12727.25650,E,2,12,65.9
2026-05-17 00:03:28,150328.00,3637.78796,N,12727.25652,E,2,12,65.9
2026-05-17 00:03:29,150329.00,3637.78796,N,12727.25654,E,2,12,65.9
2026-05-17 00:03:30,150330.00,3637.78797,N,12727.25657,E,2,12,65.8
2026-05-17 00:03:32,150332.00,3637.78797,N,12727.25659,E,2,12,65.7
2026-05-17 00:03:33,150333.00,3637.78797,N,12727.25659,E,2,12,65.6
2026-05-17 00:03:35,150335.00,3637.78796,N,12727.25661,E,2,12,65.5
2026-05-17 00:03:36,150336.00,3637.78796,N,12727.25661,E,2,12,65.5
2026-05-17 00:03:38,150338.00,3637.78795,N,12727.25664,E,2,12,65.3
2026-05-17 00:03:39,150339.00,3637.78795,N,12727.25664,E,2,12,65.2
2026-05-17 00:03:41,150341.00,3637.78793,N,12727.25661,E,2,12,65.2
2026-05-17 00:03:42,150342.00,3637.78791,N,12727.25660,E,2,12,65.1
2026-05-17 00:03:44,150344.00,3637.78788,N,12727.25659,E,2,12,65.0
2026-05-17 00:03:46,150346.00,3637.78786,N,12727.25654,E,2,12,64.9
2026-05-17 00:03:47,150347.00,3637.78783,N,12727.25653,E,2,12,64.8
2026-05-17 00:03:49,150349.00,3637.78776,N,12727.25655,E,2,12,64.7
2026-05-17 00:03:51,150351.00,3637.78771,N,12727.25652,E,2,12,64.4
2026-05-17 00:03:52,150352.00,3637.78769,N,12727.25649,E,2,12,64.3
2026-05-17 00:03:54,150354.00,3637.78764,N,12727.25644,E,2,12,64.0
2026-05-17 00:03:55,150355.00,3637.78762,N,12727.25643,E,2,12,63.8
2026-05-17 00:03:56,150356.00,3637.78759,N,12727.25644,E,2,12,63.5
2026-05-17 00:03:58,150358.00,3637.78779,N,12727.25604,E,2,12,61.6
2026-05-17 00:03:59,150359.00,3637.78778,N,12727.25602,E,2,12,61.5
2026-05-17 00:04:00,150400.00,3637.78787,N,12727.25584,E,2,12,60.9
2026-05-17 00:04:02,150402.00,3637.78790,N,12727.25563,E,2,12,60.4
2026-05-17 00:04:04,150404.00,3637.78796,N,12727.25539,E,2,12,59.6
2026-05-17 00:04:06,150406.00,3637.78797,N,12727.25524,E,2,12,59.1
2026-05-17 00:04:08,150408.00,3637.78797,N,12727.25513,E,2,12,58.6
2026-05-17 00:04:10,150410.00,3637.78797,N,12727.25504,E,2,12,58.3
2026-05-17 00:04:11,150411.00,3637.78797,N,12727.25500,E,2,12,58.3
2026-05-17 00:04:13,150413.00,3637.78797,N,12727.25497,E,2,12,58.3
2026-05-17 00:04:14,150414.00,3637.78796,N,12727.25496,E,2,12,58.3
2026-05-17 00:04:16,150416.00,3637.78773,N,12727.25492,E,2,12,58.4
2026-05-17 00:04:17,150417.00,3637.78763,N,12727.25491,E,2,12,58.5
2026-05-17 00:04:19,150419.00,3637.78749,N,12727.25491,E,2,12,58.5
2026-05-17 00:04:20,150420.00,3637.78743,N,12727.25489,E,2,12,58.5
2026-05-17 00:04:21,150421.00,3637.78737,N,12727.25488,E,2,12,58.6
2026-05-17 00:04:23,150423.00,3637.78726,N,12727.25487,E,2,12,58.7
2026-05-17 00:04:24,150424.00,3637.78722,N,12727.25487,E,2,12,58.7
2026-05-17 00:04:25,150425.00,3637.78719,N,12727.25486,E,2,12,58.7
2026-05-17 00:04:27,150427.00,3637.78715,N,12727.25486,E,2,12,58.8
2026-05-17 00:04:28,150428.00,3637.78712,N,12727.25487,E,2,12,58.7
2026-05-17 00:04:29,150429.00,3637.78710,N,12727.25487,E,2,12,58.7
2026-05-17 00:04:31,150431.00,3637.78712,N,12727.25489,E,2,12,58.7
2026-05-17 00:04:33,150433.00,3637.78711,N,12727.25489,E,2,12,58.7
2026-05-17 00:04:35,150435.00,3637.78712,N,12727.25491,E,2,12,58.7
2026-05-17 00:04:36,150436.00,3637.78712,N,12727.25492,E,2,12,58.7
2026-05-17 00:04:38,150438.00,3637.78714,N,12727.25492,E,2,12,58.7
2026-05-17 00:04:39,150439.00,3637.78716,N,12727.25492,E,2,12,58.7
2026-05-17 00:04:41,150441.00,3637.78720,N,12727.25492,E,2,12,58.7
2026-05-17 00:04:43,150443.00,3637.78726,N,12727.25492,E,2,12,58.8
2026-05-17 00:04:45,150445.00,3637.78734,N,12727.25493,E,2,12,58.8
2026-05-17 00:04:47,150447.00,3637.78744,N,12727.25493,E,2,12,58.9
2026-05-17 00:04:48,150448.00,3637.78750,N,12727.25493,E,2,12,58.9
2026-05-17 00:04:50,150450.00,3637.78760,N,12727.25495,E,2,12,58.9
2026-05-17 00:04:52,150452.00,3637.78770,N,12727.25497,E,2,12,58.9
2026-05-17 00:04:54,150454.00,3637.78779,N,12727.25499,E,2,12,58.8
2026-05-17 00:04:56,150456.00,3637.78791,N,12727.25502,E,2,12,58.7
2026-05-17 00:04:58,150458.00,3637.78804,N,12727.25506,E,2,12,58.6
2026-05-17 00:04:59,150459.00,3637.78810,N,12727.25508,E,2,12,58.5
2026-05-17 00:05:00,150500.00,3637.78817,N,12727.25509,E,2,12,58.5
2026-05-17 00:05:02,150502.00,3637.78830,N,12727.25511,E,2,12,58.4
2026-05-17 00:05:04,150504.00,3637.78840,N,12727.25513,E,2,12,58.3
2026-05-17 00:05:06,150506.00,3637.78850,N,12727.25515,E,2,12,58.1
2026-05-17 00:05:07,150507.00,3637.78853,N,12727.25516,E,2,12,58.1
2026-05-17 00:05:08,150508.00,3637.78857,N,12727.25516,E,2,12,58.0
2026-05-17 00:05:10,150510.00,3637.78862,N,12727.25516,E,2,12,57.9
2026-05-17 00:05:12,150512.00,3637.78865,N,12727.25516,E,2,12,57.8
2026-05-17 00:05:14,150514.00,3637.78866,N,12727.25515,E,2,12,57.8
2026-05-17 00:05:15,150515.00,3637.78866,N,12727.25515,E,2,12,57.8
2026-05-17 00:05:17,150517.00,3637.78865,N,12727.25513,E,2,12,57.7
2026-05-17 00:05:18,150518.00,3637.78864,N,12727.25512,E,2,12,57.8
2026-05-17 00:05:20,150520.00,3637.78860,N,12727.25509,E,2,12,57.8
2026-05-17 00:05:21,150521.00,3637.78857,N,12727.25508,E,2,12,57.9
2026-05-17 00:05:23,150523.00,3637.78851,N,12727.25503,E,2,12,58.0
2026-05-17 00:05:24,150524.00,3637.78847,N,12727.25501,E,2,12,58.0
2026-05-17 00:05:26,150526.00,3637.78846,N,12727.25497,E,2,12,58.0
2026-05-17 00:05:27,150527.00,3637.78845,N,12727.25494,E,2,12,58.0
2026-05-17 00:05:29,150529.00,3637.78843,N,12727.25488,E,2,12,58.1
2026-05-17 00:05:30,150530.00,3637.78843,N,12727.25485,E,2,12,58.2
2026-05-17 00:05:32,150532.00,3637.78842,N,12727.25480,E,2,12,58.2
2026-05-17 00:05:33,150533.00,3637.78842,N,12727.25478,E,2,12,58.3
2026-05-17 00:05:35,150535.00,3637.78840,N,12727.25473,E,2,12,58.3
2026-05-17 00:05:37,150537.00,3637.78840,N,12727.25467,E,2,12,58.3
2026-05-17 00:05:39,150539.00,3637.78840,N,12727.25461,E,2,12,58.4
2026-05-17 00:05:40,150540.00,3637.78839,N,12727.25459,E,2,12,58.4
2026-05-17 00:05:41,150541.00,3637.78839,N,12727.25456,E,2,12,58.5
2026-05-17 00:05:42,150542.00,3637.78838,N,12727.25454,E,2,12,58.5
2026-05-17 00:05:44,150544.00,3637.78837,N,12727.25450,E,2,12,58.5
2026-05-17 00:05:45,150545.00,3637.78836,N,12727.25448,E,2,12,58.5
2026-05-17 00:05:47,150547.00,3637.78834,N,12727.25445,E,2,12,58.5
2026-05-17 00:05:48,150548.00,3637.78840,N,12727.25443,E,2,12,58.4
2026-05-17 00:05:49,150549.00,3637.78844,N,12727.25442,E,2,12,58.3
2026-05-17 00:05:50,150550.00,3637.78849,N,12727.25441,E,2,12,58.2
2026-05-17 00:05:52,150552.00,3637.78859,N,12727.25439,E,2,12,57.9
2026-05-17 00:05:53,150553.00,3637.78858,N,12727.25438,E,2,12,57.8
2026-05-17 00:05:55,150555.00,3637.78858,N,12727.25438,E,2,12,57.7
2026-05-17 00:05:56,150556.00,3637.78859,N,12727.25438,E,2,12,57.6
2026-05-17 00:05:58,150558.00,3637.78867,N,12727.25437,E,2,12,57.4
2026-05-17 00:05:59,150559.00,3637.78868,N,12727.25437,E,2,12,57.4
2026-05-17 00:06:00,150600.00,3637.78869,N,12727.25436,E,2,12,57.3
2026-05-17 00:06:02,150602.00,3637.78870,N,12727.25436,E,2,12,57.3
2026-05-17 00:06:04,150604.00,3637.78870,N,12727.25437,E,2,12,57.1
2026-05-17 00:06:05,150605.00,3637.78870,N,12727.25438,E,2,12,57.1
2026-05-17 00:06:07,150607.00,3637.78870,N,12727.25439,E,2,12,57.0
2026-05-17 00:06:09,150609.00,3637.78869,N,12727.25439,E,2,12,56.9
2026-05-17 00:06:11,150611.00,3637.78867,N,12727.25442,E,2,12,56.9
2026-05-17 00:06:12,150612.00,3637.78867,N,12727.25442,E,2,12,56.9
2026-05-17 00:06:14,150614.00,3637.78865,N,12727.25443,E,2,12,56.8
2026-05-17 00:06:16,150616.00,3637.78862,N,12727.25446,E,2,12,56.9
2026-05-17 00:06:17,150617.00,3637.78860,N,12727.25447,E,2,12,56.9
2026-05-17 00:06:19,150619.00,3637.78857,N,12727.25448,E,2,12,57.0
2026-05-17 00:06:20,150620.00,3637.78855,N,12727.25448,E,2,12,57.0
2026-05-17 00:06:22,150622.00,3637.78851,N,12727.25449,E,2,12,57.0
2026-05-17 00:06:24,150624.00,3637.78847,N,12727.25453,E,2,12,57.1
2026-05-17 00:06:26,150626.00,3637.78845,N,12727.25452,E,2,12,57.0
2026-05-17 00:06:28,150628.00,3637.78842,N,12727.25453,E,2,12,57.1
2026-05-17 00:06:29,150629.00,3637.78840,N,12727.25454,E,2,12,57.1
2026-05-17 00:06:31,150631.00,3637.78837,N,12727.25455,E,2,12,57.2
2026-05-17 00:06:33,150633.00,3637.78833,N,12727.25455,E,2,12,57.2
2026-05-17 00:06:35,150635.00,3637.78829,N,12727.25456,E,2,12,57.2
2026-05-17 00:06:36,150636.00,3637.78827,N,12727.25456,E,2,12,57.2
2026-05-17 00:06:38,150638.00,3637.78820,N,12727.25459,E,2,12,57.0
2026-05-17 00:06:40,150640.00,3637.78812,N,12727.25464,E,2,12,56.8
2026-05-17 00:06:41,150641.00,3637.78808,N,12727.25466,E,2,12,56.7
2026-05-17 00:06:42,150642.00,3637.78805,N,12727.25468,E,2,12,56.6
2026-05-17 00:06:44,150644.00,3637.78801,N,12727.25471,E,2,12,56.4
2026-05-17 00:06:45,150645.00,3637.78799,N,12727.25472,E,2,12,56.3
2026-05-17 00:06:46,150646.00,3637.78797,N,12727.25473,E,2,12,56.2
2026-05-17 00:06:48,150648.00,3637.78794,N,12727.25475,E,2,12,56.1
2026-05-17 00:06:50,150650.00,3637.78793,N,12727.25475,E,2,12,55.9
2026-05-17 00:06:52,150652.00,3637.78798,N,12727.25476,E,2,12,55.9
2026-05-17 00:06:53,150653.00,3637.78799,N,12727.25476,E,2,12,55.8
2026-05-17 00:06:54,150654.00,3637.78801,N,12727.25476,E,2,12,55.7
2026-05-17 00:06:56,150656.00,3637.78808,N,12727.25478,E,2,12,55.6
2026-05-17 00:06:58,150658.00,3637.78814,N,12727.25481,E,2,12,55.5
2026-05-17 00:06:59,150659.00,3637.78816,N,12727.25482,E,2,12,55.5
2026-05-17 00:07:00,150700.00,3637.78819,N,12727.25483,E,2,12,55.5
2026-05-17 00:07:01,150701.00,3637.78821,N,12727.25483,E,2,12,55.4
2026-05-17 00:07:03,150703.00,3637.78826,N,12727.25483,E,2,12,55.4
2026-05-17 00:07:05,150705.00,3637.78831,N,12727.25482,E,2,12,55.4
2026-05-17 00:07:07,150707.00,3637.78834,N,12727.25482,E,2,12,55.4
2026-05-17 00:07:09,150709.00,3637.78836,N,12727.25481,E,2,12,55.3
2026-05-17 00:07:11,150711.00,3637.78837,N,12727.25480,E,2,12,55.3
2026-05-17 00:07:12,150712.00,3637.78837,N,12727.25479,E,2,12,55.3
2026-05-17 00:07:14,150714.00,3637.78834,N,12727.25476,E,2,12,55.3
2026-05-17 00:07:15,150715.00,3637.78833,N,12727.25475,E,2,12,55.4
2026-05-17 00:07:17,150717.00,3637.78831,N,12727.25472,E,2,12,55.4
2026-05-17 00:07:18,150718.00,3637.78830,N,12727.25470,E,2,12,55.4
2026-05-17 00:07:20,150720.00,3637.78816,N,12727.25468,E,2,12,55.6
2026-05-17 00:07:21,150721.00,3637.78811,N,12727.25467,E,2,12,55.6
2026-05-17 00:07:23,150723.00,3637.78804,N,12727.25466,E,2,12,55.7
2026-05-17 00:07:25,150725.00,3637.78802,N,12727.25465,E,2,12,55.7
2026-05-17 00:07:26,150726.00,3637.78802,N,12727.25465,E,2,12,55.6
2026-05-17 00:07:27,150727.00,3637.78801,N,12727.25464,E,2,12,55.6
2026-05-17 00:07:29,150729.00,3637.78803,N,12727.25463,E,2,12,55.6
2026-05-17 00:07:30,150730.00,3637.78803,N,12727.25462,E,2,12,55.5
2026-05-17 00:07:32,150732.00,3637.78804,N,12727.25461,E,2,12,55.4
2026-05-17 00:07:33,150733.00,3637.78805,N,12727.25461,E,2,12,55.4
2026-05-17 00:07:35,150735.00,3637.78807,N,12727.25460,E,2,12,55.3
2026-05-17 00:07:36,150736.00,3637.78809,N,12727.25460,E,2,12,55.2
2026-05-17 00:07:38,150738.00,3637.78814,N,12727.25460,E,2,12,55.1
2026-05-17 00:07:39,150739.00,3637.78817,N,12727.25460,E,2,12,55.0
2026-05-17 00:07:41,150741.00,3637.78814,N,12727.25468,E,2,12,54.5
2026-05-17 00:07:43,150743.00,3637.78811,N,12727.25474,E,2,12,54.1
2026-05-17 00:07:44,150744.00,3637.78811,N,12727.25476,E,2,12,53.9
2026-05-17 00:07:45,150745.00,3637.78809,N,12727.25478,E,2,12,53.8
2026-05-17 00:07:47,150747.00,3637.78806,N,12727.25480,E,2,12,53.6
2026-05-17 00:07:49,150749.00,3637.78808,N,12727.25480,E,2,12,53.6
2026-05-17 00:07:50,150750.00,3637.78807,N,12727.25482,E,2,12,53.5
2026-05-17 00:07:52,150752.00,3637.78806,N,12727.25484,E,2,12,53.3
2026-05-17 00:07:54,150754.00,3637.78806,N,12727.25486,E,2,12,53.2
2026-05-17 00:07:55,150755.00,3637.78808,N,12727.25487,E,2,12,53.1
2026-05-17 00:07:57,150757.00,3637.78810,N,12727.25488,E,2,12,53.0
2026-05-17 00:07:59,150759.00,3637.78813,N,12727.25489,E,2,12,52.9
2026-05-17 00:08:00,150800.00,3637.78816,N,12727.25489,E,2,12,52.9
2026-05-17 00:08:02,150802.00,3637.78818,N,12727.25489,E,2,12,52.8
2026-05-17 00:08:04,150804.00,3637.78820,N,12727.25488,E,2,12,52.7
2026-05-17 00:08:05,150805.00,3637.78820,N,12727.25487,E,2,12,52.7
2026-05-17 00:08:07,150807.00,3637.78819,N,12727.25485,E,2,12,52.6
2026-05-17 00:08:09,150809.00,3637.78815,N,12727.25482,E,2,12,52.6
2026-05-17 00:08:10,150810.00,3637.78813,N,12727.25481,E,2,12,52.7
2026-05-17 00:08:12,150812.00,3637.78809,N,12727.25479,E,2,12,52.7
2026-05-17 00:08:14,150814.00,3637.78804,N,12727.25476,E,2,12,52.7
2026-05-17 00:08:16,150816.00,3637.78800,N,12727.25473,E,2,12,52.7
2026-05-17 00:08:17,150817.00,3637.78798,N,12727.25471,E,2,12,52.7
2026-05-17 00:08:19,150819.00,3637.78794,N,12727.25468,E,2,12,52.8
2026-05-17 00:08:20,150820.00,3637.78792,N,12727.25467,E,2,12,52.8
2026-05-17 00:08:22,150822.00,3637.78787,N,12727.25463,E,2,12,52.9
2026-05-17 00:08:23,150823.00,3637.78785,N,12727.25462,E,2,12,52.9
2026-05-17 00:08:24,150824.00,3637.78782,N,12727.25461,E,2,12,52.9
2026-05-17 00:08:26,150826.00,3637.78777,N,12727.25459,E,2,12,53.0
2026-05-17 00:08:27,150827.00,3637.78776,N,12727.25458,E,2,12,53.0
2026-05-17 00:08:29,150829.00,3637.78776,N,12727.25457,E,2,12,53.0
2026-05-17 00:08:31,150831.00,3637.78775,N,12727.25456,E,2,12,53.0
2026-05-17 00:08:33,150833.00,3637.78775,N,12727.25456,E,2,12,52.9
2026-05-17 00:08:34,150834.00,3637.78775,N,12727.25455,E,2,12,52.9
2026-05-17 00:08:36,150836.00,3637.78776,N,12727.25455,E,2,12,52.9
2026-05-17 00:08:38,150838.00,3637.78776,N,12727.25456,E,2,12,52.9
2026-05-17 00:08:39,150839.00,3637.78776,N,12727.25456,E,2,12,52.8
2026-05-17 00:08:41,150841.00,3637.78777,N,12727.25457,E,2,12,52.8
2026-05-17 00:08:43,150843.00,3637.78778,N,12727.25458,E,2,12,52.8
2026-05-17 00:08:44,150844.00,3637.78779,N,12727.25458,E,2,12,52.8
2026-05-17 00:08:46,150846.00,3637.78778,N,12727.25459,E,2,12,52.8
2026-05-17 00:08:48,150848.00,3637.78777,N,12727.25459,E,2,12,52.8
2026-05-17 00:08:49,150849.00,3637.78777,N,12727.25458,E,2,12,52.8
2026-05-17 00:08:51,150851.00,3637.78776,N,12727.25457,E,2,12,52.8
2026-05-17 00:08:52,150852.00,3637.78776,N,12727.25456,E,2,12,52.8
2026-05-17 00:08:54,150854.00,3637.78777,N,12727.25456,E,2,12,52.8
2026-05-17 00:08:56,150856.00,3637.78777,N,12727.25457,E,2,12,52.8
2026-05-17 00:08:58,150858.00,3637.78776,N,12727.25455,E,2,12,52.8
2026-05-17 00:08:59,150859.00,3637.78776,N,12727.25455,E,2,12,52.9
2026-05-17 00:09:01,150901.00,3637.78775,N,12727.25454,E,2,12,52.9
2026-05-17 00:09:03,150903.00,3637.78774,N,12727.25452,E,2,12,52.9
2026-05-17 00:09:04,150904.00,3637.78774,N,12727.25451,E,2,12,52.9
2026-05-17 00:09:06,150906.00,3637.78772,N,12727.25449,E,2,12,53.0
2026-05-17 00:09:08,150908.00,3637.78771,N,12727.25447,E,2,12,53.1
2026-05-17 00:09:09,150909.00,3637.78770,N,12727.25445,E,2,12,53.1
2026-05-17 00:09:10,150910.00,3637.78770,N,12727.25445,E,2,12,53.1
2026-05-17 00:09:11,150911.00,3637.78770,N,12727.25445,E,2,12,53.2
2026-05-17 00:09:13,150913.00,3637.78771,N,12727.25445,E,2,12,53.3
2026-05-17 00:09:14,150914.00,3637.78772,N,12727.25444,E,2,12,53.3
2026-05-17 00:09:16,150916.00,3637.78779,N,12727.25447,E,2,12,53.0
2026-05-17 00:09:18,150918.00,3637.78798,N,12727.25453,E,2,12,52.5
2026-05-17 00:09:20,150920.00,3637.78815,N,12727.25458,E,2,12,52.0
2026-05-17 00:09:22,150922.00,3637.78823,N,12727.25461,E,2,12,51.8
2026-05-17 00:09:23,150923.00,3637.78825,N,12727.25461,E,2,12,51.8
2026-05-17 00:09:25,150925.00,3637.78815,N,12727.25459,E,2,12,52.0
2026-05-17 00:09:26,150926.00,3637.78810,N,12727.25457,E,2,12,52.1
2026-05-17 00:09:28,150928.00,3637.78804,N,12727.25456,E,2,12,52.4
2026-05-17 00:09:30,150930.00,3637.78799,N,12727.25456,E,2,12,52.6
2026-05-17 00:09:32,150932.00,3637.78795,N,12727.25456,E,2,12,52.7
2026-05-17 00:09:33,150933.00,3637.78793,N,12727.25456,E,2,12,52.8
2026-05-17 00:09:34,150934.00,3637.78791,N,12727.25456,E,2,12,52.8
2026-05-17 00:09:35,150935.00,3637.78789,N,12727.25457,E,2,12,52.9
2026-05-17 00:09:37,150937.00,3637.78786,N,12727.25459,E,2,12,53.0
2026-05-17 00:09:38,150938.00,3637.78785,N,12727.25460,E,2,12,53.1
2026-05-17 00:09:39,150939.00,3637.78784,N,12727.25460,E,2,12,53.1
2026-05-17 00:09:41,150941.00,3637.78781,N,12727.25462,E,2,12,53.2
2026-05-17 00:09:42,150942.00,3637.78779,N,12727.25462,E,2,12,53.3
2026-05-17 00:09:44,150944.00,3637.78777,N,12727.25464,E,2,12,53.3
2026-05-17 00:09:46,150946.00,3637.78776,N,12727.25465,E,2,12,53.4
2026-05-17 00:09:48,150948.00,3637.78777,N,12727.25467,E,2,12,53.4
2026-05-17 00:09:50,150950.00,3637.78775,N,12727.25467,E,2,12,53.4
2026-05-17 00:09:51,150951.00,3637.78774,N,12727.25467,E,2,12,53.5
2026-05-17 00:09:53,150953.00,3637.78772,N,12727.25467,E,2,12,53.5
2026-05-17 00:09:54,150954.00,3637.78772,N,12727.25468,E,2,12,53.5
2026-05-17 00:09:56,150956.00,3637.78771,N,12727.25470,E,2,12,53.6
2026-05-17 00:09:58,150958.00,3637.78768,N,12727.25470,E,2,12,53.6
2026-05-17 00:09:59,150959.00,3637.78767,N,12727.25470,E,2,12,53.6
2026-05-17 00:10:00,151000.00,3637.78766,N,12727.25470,E,2,12,53.6
2026-05-17 00:10:02,151002.00,3637.78768,N,12727.25470,E,2,12,53.5
2026-05-17 00:10:04,151004.00,3637.78777,N,12727.25470,E,2,12,53.3
2026-05-17 00:10:05,151005.00,3637.78781,N,12727.25469,E,2,12,53.3
2026-05-17 00:10:07,151007.00,3637.78789,N,12727.25468,E,2,12,53.1
2026-05-17 00:10:09,151009.00,3637.78796,N,12727.25468,E,2,12,53.0
2026-05-17 00:10:10,151010.00,3637.78800,N,12727.25468,E,2,12,52.9
2026-05-17 00:10:12,151012.00,3637.78806,N,12727.25467,E,2,12,52.9
2026-05-17 00:10:14,151014.00,3637.78811,N,12727.25467,E,2,12,52.8
2026-05-17 00:10:15,151015.00,3637.78812,N,12727.25466,E,2,12,52.8
2026-05-17 00:10:16,151016.00,3637.78813,N,12727.25465,E,2,12,52.8
2026-05-17 00:10:18,151018.00,3637.78816,N,12727.25464,E,2,12,52.9
2026-05-17 00:10:20,151020.00,3637.78818,N,12727.25461,E,2,12,53.0
2026-05-17 00:10:22,151022.00,3637.78817,N,12727.25460,E,2,12,53.1
2026-05-17 00:10:24,151024.00,3637.78819,N,12727.25458,E,2,12,53.2
2026-05-17 00:10:26,151026.00,3637.78817,N,12727.25455,E,2,12,53.3
2026-05-17 00:10:28,151028.00,3637.78815,N,12727.25453,E,2,12,53.5
2026-05-17 00:10:30,151030.00,3637.78812,N,12727.25450,E,2,12,53.7
2026-05-17 00:10:31,151031.00,3637.78810,N,12727.25448,E,2,12,53.8
2026-05-17 00:10:32,151032.00,3637.78809,N,12727.25446,E,2,12,53.9
2026-05-17 00:10:34,151034.00,3637.78807,N,12727.25441,E,2,12,54.0
2026-05-17 00:10:35,151035.00,3637.78806,N,12727.25440,E,2,12,54.0
2026-05-17 00:10:37,151037.00,3637.78806,N,12727.25438,E,2,12,54.0
2026-05-17 00:10:39,151039.00,3637.78806,N,12727.25436,E,2,12,54.1
2026-05-17 00:10:41,151041.00,3637.78806,N,12727.25434,E,2,12,54.1
2026-05-17 00:10:42,151042.00,3637.78806,N,12727.25433,E,2,12,54.1
2026-05-17 00:10:44,151044.00,3637.78804,N,12727.25431,E,2,12,54.1
2026-05-17 00:10:45,151045.00,3637.78801,N,12727.25430,E,2,12,54.2
2026-05-17 00:10:47,151047.00,3637.78797,N,12727.25427,E,2,12,54.3
2026-05-17 00:10:48,151048.00,3637.78794,N,12727.25427,E,2,12,54.3
2026-05-17 00:10:50,151050.00,3637.78786,N,12727.25427,E,2,12,54.4
2026-05-17 00:10:51,151051.00,3637.78782,N,12727.25428,E,2,12,54.5
2026-05-17 00:10:53,151053.00,3637.78773,N,12727.25430,E,2,12,54.7
2026-05-17 00:10:54,151054.00,3637.78768,N,12727.25434,E,2,12,54.8
2026-05-17 00:10:55,151055.00,3637.78764,N,12727.25434,E,2,12,54.9
2026-05-17 00:10:57,151057.00,3637.78754,N,12727.25435,E,2,12,55.2
2026-05-17 00:10:59,151059.00,3637.78745,N,12727.25437,E,2,12,55.4
2026-05-17 00:11:01,151101.00,3637.78738,N,12727.25433,E,2,12,55.6
2026-05-17 00:11:02,151102.00,3637.78735,N,12727.25431,E,2,12,55.7
2026-05-17 00:11:03,151103.00,3637.78732,N,12727.25429,E,2,12,55.7
2026-05-17 00:11:04,151104.00,3637.78728,N,12727.25426,E,2,12,55.9
2026-05-17 00:11:05,151105.00,3637.78724,N,12727.25423,E,2,12,56.0
2026-05-17 00:11:07,151107.00,3637.78716,N,12727.25419,E,2,12,56.1
2026-05-17 00:11:09,151109.00,3637.78710,N,12727.25414,E,2,12,56.3
2026-05-17 00:11:11,151111.00,3637.78705,N,12727.25409,E,2,12,56.4
2026-05-17 00:11:12,151112.00,3637.78703,N,12727.25408,E,2,12,56.5
2026-05-17 00:11:14,151114.00,3637.78699,N,12727.25403,E,2,12,56.6
2026-05-17 00:11:16,151116.00,3637.78696,N,12727.25399,E,2,12,56.6
2026-05-17 00:11:17,151117.00,3637.78693,N,12727.25402,E,2,12,56.8
2026-05-17 00:11:19,151119.00,3637.78687,N,12727.25406,E,2,12,57.1
2026-05-17 00:11:20,151120.00,3637.78684,N,12727.25409,E,2,12,57.2
2026-05-17 00:11:21,151121.00,3637.78682,N,12727.25411,E,2,12,57.3
2026-05-17 00:11:23,151123.00,3637.78679,N,12727.25415,E,2,12,57.4
2026-05-17 00:11:25,151125.00,3637.78675,N,12727.25418,E,2,12,57.5
2026-05-17 00:11:27,151127.00,3637.78670,N,12727.25419,E,2,12,57.6
2026-05-17 00:11:28,151128.00,3637.78667,N,12727.25419,E,2,12,57.7
2026-05-17 00:11:29,151129.00,3637.78665,N,12727.25421,E,2,12,57.7
2026-05-17 00:11:30,151130.00,3637.78663,N,12727.25423,E,2,12,57.7
2026-05-17 00:11:32,151132.00,3637.78659,N,12727.25426,E,2,12,57.8
2026-05-17 00:11:33,151133.00,3637.78658,N,12727.25428,E,2,12,57.7
2026-05-17 00:11:34,151134.00,3637.78656,N,12727.25430,E,2,12,57.7
2026-05-17 00:11:36,151136.00,3637.78654,N,12727.25434,E,2,12,57.7
2026-05-17 00:11:38,151138.00,3637.78654,N,12727.25438,E,2,12,57.6
2026-05-17 00:11:39,151139.00,3637.78653,N,12727.25440,E,2,12,57.6
2026-05-17 00:11:41,151141.00,3637.78654,N,12727.25444,E,2,12,57.4
2026-05-17 00:11:43,151143.00,3637.78656,N,12727.25448,E,2,12,57.2
2026-05-17 00:11:44,151144.00,3637.78657,N,12727.25450,E,2,12,57.1
2026-05-17 00:11:45,151145.00,3637.78657,N,12727.25452,E,2,12,57.1
2026-05-17 00:11:47,151147.00,3637.78658,N,12727.25455,E,2,12,56.9
2026-05-17 00:11:49,151149.00,3637.78658,N,12727.25457,E,2,12,56.8
2026-05-17 00:11:50,151150.00,3637.78659,N,12727.25458,E,2,12,56.7
2026-05-17 00:11:52,151152.00,3637.78658,N,12727.25459,E,2,12,56.6
2026-05-17 00:11:53,151153.00,3637.78659,N,12727.25461,E,2,12,56.5
2026-05-17 00:11:55,151155.00,3637.78661,N,12727.25464,E,2,12,56.4
2026-05-17 00:11:56,151156.00,3637.78662,N,12727.25465,E,2,12,56.3
2026-05-17 00:11:58,151158.00,3637.78664,N,12727.25465,E,2,12,56.2
2026-05-17 00:11:59,151159.00,3637.78665,N,12727.25466,E,2,12,56.2
2026-05-17 00:12:00,151200.00,3637.78666,N,12727.25466,E,2,12,56.2
2026-05-17 00:12:02,151202.00,3637.78667,N,12727.25467,E,2,12,56.1
2026-05-17 00:12:04,151204.00,3637.78666,N,12727.25467,E,2,12,56.1
2026-05-17 00:12:05,151205.00,3637.78665,N,12727.25466,E,2,12,56.1
2026-05-17 00:12:07,151207.00,3637.78664,N,12727.25463,E,2,12,56.2
2026-05-17 00:12:08,151208.00,3637.78663,N,12727.25461,E,2,12,56.3
2026-05-17 00:12:10,151210.00,3637.78662,N,12727.25457,E,2,12,56.4
2026-05-17 00:12:11,151211.00,3637.78660,N,12727.25455,E,2,12,56.4
2026-05-17 00:12:12,151212.00,3637.78659,N,12727.25454,E,2,12,56.5
2026-05-17 00:12:14,151214.00,3637.78657,N,12727.25452,E,2,12,56.6
2026-05-17 00:12:16,151216.00,3637.78657,N,12727.25448,E,2,12,56.7
2026-05-17 00:12:17,151217.00,3637.78656,N,12727.25446,E,2,12,56.7
2026-05-17 00:12:18,151218.00,3637.78657,N,12727.25445,E,2,12,56.7
2026-05-17 00:12:20,151220.00,3637.78659,N,12727.25442,E,2,12,56.8
2026-05-17 00:12:22,151222.00,3637.78662,N,12727.25438,E,2,12,56.8
2026-05-17 00:12:24,151224.00,3637.78665,N,12727.25435,E,2,12,56.9
2026-05-17 00:12:26,151226.00,3637.78667,N,12727.25433,E,2,12,57.0
2026-05-17 00:12:28,151228.00,3637.78672,N,12727.25429,E,2,12,57.0
2026-05-17 00:12:30,151230.00,3637.78676,N,12727.25421,E,2,12,56.9
2026-05-17 00:12:32,151232.00,3637.78679,N,12727.25417,E,2,12,57.0
2026-05-17 00:12:34,151234.00,3637.78682,N,12727.25414,E,2,12,57.1
2026-05-17 00:12:36,151236.00,3637.78682,N,12727.25407,E,2,12,57.2
2026-05-17 00:12:38,151238.00,3637.78700,N,12727.25376,E,2,12,56.6
2026-05-17 00:12:39,151239.00,3637.78692,N,12727.25380,E,2,12,57.0
2026-05-17 00:12:41,151241.00,3637.78646,N,12727.25377,E,2,12,57.8
2026-05-17 00:12:42,151242.00,3637.78644,N,12727.25350,E,2,12,58.1
2026-05-17 00:12:43,151243.00,3637.78641,N,12727.25341,E,2,12,58.0
2026-05-17 00:12:44,151244.00,3637.78621,N,12727.25365,E,2,12,57.4
2026-05-17 00:12:45,151245.00,3637.78593,N,12727.25395,E,2,12,57.6
2026-05-17 00:12:47,151247.00,3637.78525,N,12727.25470,E,2,12,57.5
2026-05-17 00:12:49,151249.00,3637.78423,N,12727.25571,E,2,12,57.4
2026-05-17 00:12:51,151251.00,3637.78387,N,12727.25669,E,2,12,57.4
2026-05-17 00:12:52,151252.00,3637.78344,N,12727.25722,E,2,12,57.0
2026-05-17 00:12:54,151254.00,3637.78256,N,12727.25811,E,2,12,56.8
2026-05-17 00:12:56,151256.00,3637.78165,N,12727.25897,E,2,12,56.6
2026-05-17 00:12:57,151257.00,3637.78089,N,12727.25904,E,2,12,57.6
2026-05-17 00:12:59,151259.00,3637.77983,N,12727.25970,E,2,12,58.5
2026-05-17 00:13:01,151301.00,3637.77946,N,12727.26070,E,2,12,58.9
2026-05-17 00:13:02,151302.00,3637.77914,N,12727.26150,E,2,12,59.3
2026-05-17 00:13:04,151304.00,3637.77841,N,12727.26232,E,2,12,58.8
2026-05-17 00:13:05,151305.00,3637.77800,N,12727.26262,E,2,12,58.8
2026-05-17 00:13:06,151306.00,3637.77720,N,12727.26293,E,2,12,59.7
2026-05-17 00:13:08,151308.00,3637.77604,N,12727.26339,E,2,12,61.3
2026-05-17 00:13:09,151309.00,3637.77544,N,12727.26383,E,2,12,61.7
2026-05-17 00:13:11,151311.00,3637.77439,N,12727.26496,E,2,12,62.5
2026-05-17 00:13:13,151313.00,3637.77365,N,12727.26578,E,2,12,62.4
2026-05-17 00:13:14,151314.00,3637.77325,N,12727.26624,E,2,12,62.4
2026-05-17 00:13:16,151316.00,3637.77236,N,12727.26765,E,2,12,63.1
2026-05-17 00:13:18,151318.00,3637.77171,N,12727.26868,E,2,12,63.3
2026-05-17 00:13:19,151319.00,3637.77144,N,12727.26915,E,2,12,63.5
2026-05-17 00:13:21,151321.00,3637.77047,N,12727.27030,E,2,12,63.9
2026-05-17 00:13:22,151322.00,3637.77005,N,12727.27093,E,2,12,64.0
2026-05-17 00:13:23,151323.00,3637.76960,N,12727.27137,E,2,12,64.1
2026-05-17 00:13:25,151325.00,3637.76885,N,12727.27199,E,2,12,63.7
2026-05-17 00:13:26,151326.00,3637.76834,N,12727.27239,E,2,12,63.6
2026-05-17 00:13:27,151327.00,3637.76785,N,12727.27286,E,2,12,63.6
2026-05-17 00:13:29,151329.00,3637.76725,N,12727.27407,E,2,12,63.8
2026-05-17 00:13:30,151330.00,3637.76681,N,12727.27451,E,2,12,63.3
2026-05-17 00:13:32,151332.00,3637.76571,N,12727.27555,E,2,12,63.1
2026-05-17 00:13:34,151334.00,3637.76464,N,12727.27677,E,2,12,63.4
2026-05-17 00:13:35,151335.00,3637.76437,N,12727.27725,E,2,12,63.8
2026-05-17 00:13:36,151336.00,3637.76414,N,12727.27756,E,2,12,63.9
2026-05-17 00:13:38,151338.00,3637.76324,N,12727.27836,E,2,12,63.7
2026-05-17 00:13:39,151339.00,3637.76280,N,12727.27881,E,2,12,63.9
2026-05-17 00:13:40,151340.00,3637.76231,N,12727.27939,E,2,12,63.7
2026-05-17 00:13:42,151342.00,3637.76162,N,12727.28034,E,2,12,63.6
2026-05-17 00:13:44,151344.00,3637.76095,N,12727.28144,E,2,12,64.2
2026-05-17 00:13:45,151345.00,3637.76042,N,12727.28195,E,2,12,63.9
2026-05-17 00:13:47,151347.00,3637.75950,N,12727.28289,E,2,12,63.2
2026-05-17 00:13:49,151349.00,3637.75890,N,12727.28391,E,2,12,63.2
2026-05-17 00:13:51,151351.00,3637.75807,N,12727.28489,E,2,12,63.1
2026-05-17 00:13:53,151353.00,3637.75710,N,12727.28621,E,2,12,63.9
2026-05-17 00:13:54,151354.00,3637.75672,N,12727.28684,E,2,12,64.3
2026-05-17 00:13:56,151356.00,3637.75597,N,12727.28765,E,2,12,64.7
2026-05-17 00:13:58,151358.00,3637.75513,N,12727.28858,E,2,12,64.8
2026-05-17 00:14:00,151400.00,3637.75400,N,12727.28959,E,2,12,65.0
2026-05-17 00:14:02,151402.00,3637.75313,N,12727.29087,E,2,12,64.7
2026-05-17 00:14:04,151404.00,3637.75212,N,12727.29166,E,2,12,64.4
2026-05-17 00:14:05,151405.00,3637.75168,N,12727.29210,E,2,12,64.4
2026-05-17 00:14:07,151407.00,3637.75076,N,12727.29317,E,2,12,65.3
2026-05-17 00:14:09,151409.00,3637.75020,N,12727.29419,E,2,12,64.9
2026-05-17 00:14:11,151411.00,3637.74906,N,12727.29534,E,2,12,65.6
2026-05-17 00:14:13,151413.00,3637.74808,N,12727.29662,E,2,12,66.2
2026-05-17 00:14:14,151414.00,3637.74766,N,12727.29717,E,2,12,66.2
2026-05-17 00:14:16,151416.00,3637.74689,N,12727.29808,E,2,12,65.7
2026-05-17 00:14:17,151417.00,3637.74620,N,12727.29845,E,2,12,65.7
2026-05-17 00:14:18,151418.00,3637.74561,N,12727.29911,E,2,12,65.8
2026-05-17 00:14:20,151420.00,3637.74438,N,12727.30055,E,2,12,66.6
2026-05-17 00:14:21,151421.00,3637.74401,N,12727.30134,E,2,12,67.0
2026-05-17 00:14:23,151423.00,3637.74322,N,12727.30215,E,2,12,66.9
2026-05-17 00:14:25,151425.00,3637.74198,N,12727.30267,E,2,12,66.3
2026-05-17 00:14:26,151426.00,3637.74140,N,12727.30318,E,2,12,66.7
2026-05-17 00:14:28,151428.00,3637.74063,N,12727.30439,E,2,12,66.4
2026-05-17 00:14:29,151429.00,3637.74026,N,12727.30494,E,2,12,66.3
2026-05-17 00:14:31,151431.00,3637.73937,N,12727.30604,E,2,12,66.5
2026-05-17 00:14:33,151433.00,3637.73857,N,12727.30733,E,2,12,66.3
2026-05-17 00:14:34,151434.00,3637.73828,N,12727.30795,E,2,12,66.2
2026-05-17 00:14:36,151436.00,3637.73762,N,12727.30900,E,2,12,66.0
2026-05-17 00:14:37,151437.00,3637.73718,N,12727.30944,E,2,12,65.7
2026-05-17 00:14:38,151438.00,3637.73672,N,12727.30997,E,2,12,65.7
2026-05-17 00:14:39,151439.00,3637.73639,N,12727.31060,E,2,12,65.8
2026-05-17 00:14:41,151441.00,3637.73566,N,12727.31159,E,2,12,65.2
2026-05-17 00:14:42,151442.00,3637.73517,N,12727.31199,E,2,12,65.1
2026-05-17 00:14:44,151444.00,3637.73405,N,12727.31264,E,2,12,64.3
2026-05-17 00:14:46,151446.00,3637.73305,N,12727.31366,E,2,12,63.7
2026-05-17 00:14:47,151447.00,3637.73261,N,12727.31413,E,2,12,63.4
2026-05-17 00:14:49,151449.00,3637.73175,N,12727.31517,E,2,12,63.7
2026-05-17 00:14:50,151450.00,3637.73126,N,12727.31578,E,2,12,63.7
2026-05-17 00:14:51,151451.00,3637.73072,N,12727.31622,E,2,12,63.8
2026-05-17 00:14:53,151453.00,3637.72965,N,12727.31735,E,2,12,63.4
2026-05-17 00:14:54,151454.00,3637.72931,N,12727.31795,E,2,12,63.0
2026-05-17 00:14:55,151455.00,3637.72883,N,12727.31858,E,2,12,63.0
2026-05-17 00:14:57,151457.00,3637.72782,N,12727.31981,E,2,12,63.2
2026-05-17 00:14:59,151459.00,3637.72667,N,12727.32080,E,2,12,63.5
2026-05-17 00:15:01,151501.00,3637.72579,N,12727.32183,E,2,12,63.7
2026-05-17 00:15:02,151502.00,3637.72542,N,12727.32231,E,2,12,63.6
2026-05-17 00:15:04,151504.00,3637.72457,N,12727.32321,E,2,12,63.5
2026-05-17 00:15:06,151506.00,3637.72365,N,12727.32457,E,2,12,63.6
2026-05-17 00:15:08,151508.00,3637.72309,N,12727.32580,E,2,12,63.6
2026-05-17 00:15:09,151509.00,3637.72274,N,12727.32634,E,2,12,63.6
2026-05-17 00:15:11,151511.00,3637.72190,N,12727.32750,E,2,12,63.5
2026-05-17 00:15:13,151513.00,3637.72113,N,12727.32885,E,2,12,63.3
2026-05-17 00:15:14,151514.00,3637.72066,N,12727.32930,E,2,12,63.1
2026-05-17 00:15:15,151515.00,3637.72031,N,12727.32967,E,2,12,63.0
2026-05-17 00:15:17,151517.00,3637.71921,N,12727.33028,E,2,12,63.3
2026-05-17 00:15:19,151519.00,3637.71833,N,12727.33144,E,2,12,63.5
2026-05-17 00:15:20,151520.00,3637.71804,N,12727.33201,E,2,12,63.4
2026-05-17 00:15:22,151522.00,3637.71745,N,12727.33296,E,2,12,63.2
2026-05-17 00:15:24,151524.00,3637.71667,N,12727.33372,E,2,12,63.5
2026-05-17 00:15:26,151526.00,3637.71638,N,12727.33415,E,2,12,63.4
2026-05-17 00:15:28,151528.00,3637.71602,N,12727.33463,E,2,12,63.4
2026-05-17 00:15:29,151529.00,3637.71569,N,12727.33515,E,2,12,63.4
2026-05-17 00:15:30,151530.00,3637.71544,N,12727.33562,E,2,12,63.7
2026-05-17 00:15:32,151532.00,3637.71484,N,12727.33660,E,2,12,63.8
2026-05-17 00:15:34,151534.00,3637.71384,N,12727.33793,E,2,12,63.6
2026-05-17 00:15:36,151536.00,3637.71312,N,12727.33932,E,2,12,63.7
2026-05-17 00:15:38,151538.00,3637.71247,N,12727.34041,E,2,12,63.9
2026-05-17 00:15:39,151539.00,3637.71218,N,12727.34106,E,2,12,63.8
2026-05-17 00:15:41,151541.00,3637.71120,N,12727.34258,E,2,12,63.9
2026-05-17 00:15:43,151543.00,3637.71009,N,12727.34400,E,2,12,64.5
2026-05-17 00:15:44,151544.00,3637.70976,N,12727.34466,E,2,12,64.7
2026-05-17 00:15:46,151546.00,3637.70911,N,12727.34573,E,2,12,64.9
2026-05-17 00:15:48,151548.00,3637.70824,N,12727.34696,E,2,12,65.1
2026-05-17 00:15:50,151550.00,3637.70734,N,12727.34823,E,2,12,65.2
2026-05-17 00:15:52,151552.00,3637.70670,N,12727.34919,E,2,12,64.6
2026-05-17 00:15:54,151554.00,3637.70585,N,12727.35027,E,2,12,64.4
2026-05-17 00:15:56,151556.00,3637.70505,N,12727.35141,E,2,12,64.3
2026-05-17 00:15:57,151557.00,3637.70485,N,12727.35199,E,2,12,64.4
2026-05-17 00:15:59,151559.00,3637.70465,N,12727.35319,E,2,12,64.4
2026-05-17 00:16:01,151601.00,3637.70375,N,12727.35445,E,2,12,63.6
2026-05-17 00:16:03,151603.00,3637.70334,N,12727.35577,E,2,12,63.5
2026-05-17 00:16:04,151604.00,3637.70315,N,12727.35633,E,2,12,63.9
2026-05-17 00:16:06,151606.00,3637.70235,N,12727.35751,E,2,12,63.8
2026-05-17 00:16:08,151608.00,3637.70175,N,12727.35888,E,2,12,64.0
2026-05-17 00:16:09,151609.00,3637.70152,N,12727.35931,E,2,12,63.6
2026-05-17 00:16:11,151611.00,3637.70103,N,12727.36025,E,2,12,63.5
2026-05-17 00:16:12,151612.00,3637.70100,N,12727.36070,E,2,12,63.6
2026-05-17 00:16:14,151614.00,3637.70067,N,12727.36207,E,2,12,63.5
2026-05-17 00:16:16,151616.00,3637.70013,N,12727.36321,E,2,12,63.5
2026-05-17 00:16:17,151617.00,3637.69996,N,12727.36330,E,2,12,63.5
2026-05-17 00:16:19,151619.00,3637.70002,N,12727.36327,E,2,12,63.4
2026-05-17 00:16:20,151620.00,3637.69994,N,12727.36363,E,2,12,63.5
2026-05-17 00:16:22,151622.00,3637.69963,N,12727.36458,E,2,12,63.5
2026-05-17 00:16:24,151624.00,3637.69907,N,12727.36574,E,2,12,63.4
2026-05-17 00:16:26,151626.00,3637.69877,N,12727.36690,E,2,12,63.2
2026-05-17 00:16:27,151627.00,3637.69849,N,12727.36762,E,2,12,63.2
2026-05-17 00:16:29,151629.00,3637.69782,N,12727.36885,E,2,12,63.4
2026-05-17 00:16:31,151631.00,3637.69750,N,12727.37014,E,2,12,63.0
2026-05-17 00:16:33,151633.00,3637.69706,N,12727.37124,E,2,12,62.8
2026-05-17 00:16:35,151635.00,3637.69681,N,12727.37232,E,2,12,62.7
2026-05-17 00:16:37,151637.00,3637.69662,N,12727.37328,E,2,12,63.0
2026-05-17 00:16:38,151638.00,3637.69633,N,12727.37388,E,2,12,63.0
2026-05-17 00:16:40,151640.00,3637.69548,N,12727.37485,E,2,12,63.2
2026-05-17 00:16:41,151641.00,3637.69494,N,12727.37521,E,2,12,63.2
2026-05-17 00:16:43,151643.00,3637.69397,N,12727.37623,E,2,12,63.6
2026-05-17 00:16:44,151644.00,3637.69378,N,12727.37678,E,2,12,63.4
2026-05-17 00:16:46,151646.00,3637.69352,N,12727.37805,E,2,12,63.3
2026-05-17 00:16:47,151647.00,3637.69333,N,12727.37879,E,2,12,63.2
2026-05-17 00:16:49,151649.00,3637.69294,N,12727.38053,E,2,12,63.1
2026-05-17 00:16:51,151651.00,3637.69309,N,12727.38213,E,2,12,63.2
2026-05-17 00:16:52,151652.00,3637.69324,N,12727.38274,E,2,12,63.4
2026-05-17 00:16:53,151653.00,3637.69338,N,12727.38347,E,2,12,63.7
2026-05-17 00:16:54,151654.00,3637.69362,N,12727.38430,E,2,12,63.9
2026-05-17 00:16:56,151656.00,3637.69442,N,12727.38562,E,2,12,64.0
2026-05-17 00:16:58,151658.00,3637.69535,N,12727.38606,E,2,12,63.7
2026-05-17 00:16:59,151659.00,3637.69585,N,12727.38644,E,2,12,63.8
2026-05-17 00:17:01,151701.00,3637.69673,N,12727.38757,E,2,12,63.8
2026-05-17 00:17:03,151703.00,3637.69770,N,12727.38830,E,2,12,63.5
2026-05-17 00:17:05,151705.00,3637.69849,N,12727.38934,E,2,12,63.3
2026-05-17 00:17:07,151707.00,3637.69959,N,12727.39063,E,2,12,63.4
2026-05-17 00:17:09,151709.00,3637.70062,N,12727.39117,E,2,12,63.1
2026-05-17 00:17:10,151710.00,3637.70105,N,12727.39155,E,2,12,63.2
2026-05-17 00:17:12,151712.00,3637.70204,N,12727.39225,E,2,12,63.0
2026-05-17 00:17:14,151714.00,3637.70310,N,12727.39280,E,2,12,62.9
2026-05-17 00:17:16,151716.00,3637.70401,N,12727.39336,E,2,12,63.0
2026-05-17 00:17:18,151718.00,3637.70495,N,12727.39426,E,2,12,62.9
2026-05-17 00:17:20,151720.00,3637.70602,N,12727.39496,E,2,12,62.7
2026-05-17 00:17:22,151722.00,3637.70685,N,12727.39569,E,2,12,62.7
2026-05-17 00:17:23,151723.00,3637.70722,N,12727.39623,E,2,12,62.7
2026-05-17 00:17:24,151724.00,3637.70758,N,12727.39673,E,2,12,62.7
2026-05-17 00:17:26,151726.00,3637.70789,N,12727.39716,E,2,12,62.7
2026-05-17 00:17:28,151728.00,3637.70814,N,12727.39763,E,2,12,62.6
2026-05-17 00:17:29,151729.00,3637.70856,N,12727.39816,E,2,12,62.7
2026-05-17 00:17:31,151731.00,3637.70958,N,12727.39922,E,2,12,62.7
2026-05-17 00:17:32,151732.00,3637.70996,N,12727.39955,E,2,12,62.5
2026-05-17 00:17:34,151734.00,3637.71072,N,12727.40043,E,2,12,62.5
2026-05-17 00:17:36,151736.00,3637.71176,N,12727.40187,E,2,12,62.8
2026-05-17 00:17:38,151738.00,3637.71277,N,12727.40286,E,2,12,62.7
2026-05-17 00:17:40,151740.00,3637.71364,N,12727.40360,E,2,12,62.7
2026-05-17 00:17:41,151741.00,3637.71406,N,12727.40409,E,2,12,62.7
2026-05-17 00:17:42,151742.00,3637.71452,N,12727.40479,E,2,12,62.7
2026-05-17 00:17:43,151743.00,3637.71504,N,12727.40552,E,2,12,62.8
2026-05-17 00:17:45,151745.00,3637.71608,N,12727.40635,E,2,12,62.7
2026-05-17 00:17:46,151746.00,3637.71656,N,12727.40654,E,2,12,62.6
2026-05-17 00:17:47,151747.00,3637.71699,N,12727.40689,E,2,12,62.5
2026-05-17 00:17:48,151748.00,3637.71746,N,12727.40739,E,2,12,62.4
2026-05-17 00:17:50,151750.00,3637.71858,N,12727.40842,E,2,12,62.5
2026-05-17 00:17:52,151752.00,3637.71963,N,12727.40913,E,2,12,61.6
2026-05-17 00:17:54,151754.00,3637.72039,N,12727.40980,E,2,12,61.4
2026-05-17 00:17:56,151756.00,3637.72133,N,12727.41117,E,2,12,61.4
2026-05-17 00:17:58,151758.00,3637.72244,N,12727.41245,E,2,12,61.3
2026-05-17 00:17:59,151759.00,3637.72293,N,12727.41280,E,2,12,61.0
2026-05-17 00:18:00,151800.00,3637.72340,N,12727.41309,E,2,12,61.1
2026-05-17 00:18:02,151802.00,3637.72440,N,12727.41414,E,2,12,60.9
2026-05-17 00:18:04,151804.00,3637.72550,N,12727.41537,E,2,12,60.9
2026-05-17 00:18:06,151806.00,3637.72662,N,12727.41597,E,2,12,61.1
2026-05-17 00:18:08,151808.00,3637.72755,N,12727.41652,E,2,12,61.1
2026-05-17 00:18:10,151810.00,3637.72855,N,12727.41736,E,2,12,60.9
2026-05-17 00:18:11,151811.00,3637.72906,N,12727.41767,E,2,12,61.4
2026-05-17 00:18:12,151812.00,3637.72950,N,12727.41812,E,2,12,61.5
2026-05-17 00:18:14,151814.00,3637.73041,N,12727.41868,E,2,12,61.2
2026-05-17 00:18:16,151816.00,3637.73132,N,12727.41951,E,2,12,61.4
2026-05-17 00:18:17,151817.00,3637.73181,N,12727.42015,E,2,12,61.2
2026-05-17 00:18:18,151818.00,3637.73233,N,12727.42084,E,2,12,61.2
2026-05-17 00:18:19,151819.00,3637.73290,N,12727.42138,E,2,12,61.1
2026-05-17 00:18:21,151821.00,3637.73393,N,12727.42214,E,2,12,60.9
2026-05-17 00:18:22,151822.00,3637.73439,N,12727.42250,E,2,12,61.0
2026-05-17 00:18:24,151824.00,3637.73532,N,12727.42356,E,2,12,60.9
2026-05-17 00:18:25,151825.00,3637.73587,N,12727.42394,E,2,12,61.2
2026-05-17 00:18:27,151827.00,3637.73677,N,12727.42439,E,2,12,61.5
2026-05-17 00:18:28,151828.00,3637.73718,N,12727.42471,E,2,12,61.7
2026-05-17 00:18:29,151829.00,3637.73760,N,12727.42525,E,2,12,61.9
2026-05-17 00:18:31,151831.00,3637.73846,N,12727.42674,E,2,12,62.3
2026-05-17 00:18:33,151833.00,3637.73955,N,12727.42756,E,2,12,62.6
2026-05-17 00:18:35,151835.00,3637.74049,N,12727.42832,E,2,12,62.6
2026-05-17 00:18:37,151837.00,3637.74129,N,12727.42941,E,2,12,62.6
2026-05-17 00:18:39,151839.00,3637.74233,N,12727.43025,E,2,12,62.5
2026-05-17 00:18:41,151841.00,3637.74321,N,12727.43097,E,2,12,62.5
2026-05-17 00:18:43,151843.00,3637.74414,N,12727.43213,E,2,12,62.5
2026-05-17 00:18:44,151844.00,3637.74464,N,12727.43291,E,2,12,62.4
2026-05-17 00:18:45,151845.00,3637.74519,N,12727.43361,E,2,12,62.5
2026-05-17 00:18:46,151846.00,3637.74568,N,12727.43377,E,2,12,62.4
2026-05-17 00:18:48,151848.00,3637.74661,N,12727.43409,E,2,12,62.1
2026-05-17 00:18:50,151850.00,3637.74767,N,12727.43476,E,2,12,62.0
2026-05-17 00:18:51,151851.00,3637.74825,N,12727.43515,E,2,12,62.0
2026-05-17 00:18:53,151853.00,3637.74918,N,12727.43559,E,2,12,61.6
2026-05-17 00:18:55,151855.00,3637.75004,N,12727.43611,E,2,12,61.7
2026-05-17 00:18:57,151857.00,3637.75115,N,12727.43691,E,2,12,61.8
2026-05-17 00:18:59,151859.00,3637.75217,N,12727.43705,E,2,12,61.8
2026-05-17 00:19:00,151900.00,3637.75263,N,12727.43719,E,2,12,61.8
2026-05-17 00:19:01,151901.00,3637.75319,N,12727.43738,E,2,12,61.7
2026-05-17 00:19:03,151903.00,3637.75447,N,12727.43720,E,2,12,61.8
2026-05-17 00:19:04,151904.00,3637.75498,N,12727.43677,E,2,12,61.8
2026-05-17 00:19:06,151906.00,3637.75559,N,12727.43557,E,2,12,61.7
2026-05-17 00:19:07,151907.00,3637.75583,N,12727.43501,E,2,12,61.7
2026-05-17 00:19:09,151909.00,3637.75658,N,12727.43383,E,2,12,61.7
2026-05-17 00:19:11,151911.00,3637.75741,N,12727.43262,E,2,12,61.8
2026-05-17 00:19:13,151913.00,3637.75799,N,12727.43164,E,2,12,61.3
2026-05-17 00:19:15,151915.00,3637.75865,N,12727.43053,E,2,12,61.4
2026-05-17 00:19:17,151917.00,3637.75946,N,12727.42917,E,2,12,61.1
2026-05-17 00:19:18,151918.00,3637.75987,N,12727.42857,E,2,12,61.0
2026-05-17 00:19:20,151920.00,3637.76038,N,12727.42749,E,2,12,60.8
2026-05-17 00:19:21,151921.00,3637.76066,N,12727.42694,E,2,12,60.7
2026-05-17 00:19:23,151923.00,3637.76159,N,12727.42571,E,2,12,60.6
2026-05-17 00:19:25,151925.00,3637.76228,N,12727.42435,E,2,12,60.5
2026-05-17 00:19:27,151927.00,3637.76257,N,12727.42316,E,2,12,60.8
2026-05-17 00:19:29,151929.00,3637.76345,N,12727.42182,E,2,12,60.6
2026-05-17 00:19:30,151930.00,3637.76400,N,12727.42123,E,2,12,60.7
2026-05-17 00:19:31,151931.00,3637.76442,N,12727.42053,E,2,12,60.7
2026-05-17 00:19:33,151933.00,3637.76470,N,12727.42018,E,2,12,60.8
2026-05-17 00:19:34,151934.00,3637.76507,N,12727.42027,E,2,12,61.1
2026-05-17 00:19:36,151936.00,3637.76549,N,12727.42042,E,2,12,61.4
2026-05-17 00:19:37,151937.00,3637.76542,N,12727.42035,E,2,12,61.2
2026-05-17 00:19:38,151938.00,3637.76543,N,12727.42032,E,2,12,61.1
2026-05-17 00:19:40,151940.00,3637.76546,N,12727.42108,E,2,12,61.2
2026-05-17 00:19:41,151941.00,3637.76509,N,12727.42129,E,2,12,61.2
2026-05-17 00:19:43,151943.00,3637.76395,N,12727.42187,E,2,12,61.0
2026-05-17 00:19:44,151944.00,3637.76347,N,12727.42227,E,2,12,61.0
2026-05-17 00:19:46,151946.00,3637.76288,N,12727.42306,E,2,12,60.8
2026-05-17 00:19:47,151947.00,3637.76254,N,12727.42359,E,2,12,60.8
2026-05-17 00:19:48,151948.00,3637.76208,N,12727.42406,E,2,12,60.7
2026-05-17 00:19:49,151949.00,3637.76158,N,12727.42461,E,2,12,60.7
2026-05-17 00:19:50,151950.00,3637.76110,N,12727.42518,E,2,12,60.6
2026-05-17 00:19:52,151952.00,3637.76042,N,12727.42643,E,2,12,60.4
2026-05-17 00:19:54,151954.00,3637.75990,N,12727.42765,E,2,12,60.4
2026-05-17 00:19:56,151956.00,3637.75911,N,12727.42878,E,2,12,60.2
2026-05-17 00:19:57,151957.00,3637.75859,N,12727.42939,E,2,12,60.3
2026-05-17 00:19:59,151959.00,3637.75792,N,12727.43069,E,2,12,60.0
2026-05-17 00:20:00,152000.00,3637.75756,N,12727.43115,E,2,12,59.9
2026-05-17 00:20:02,152002.00,3637.75672,N,12727.43225,E,2,12,59.9
2026-05-17 00:20:04,152004.00,3637.75579,N,12727.43361,E,2,12,59.9
2026-05-17 00:20:06,152006.00,3637.75508,N,12727.43498,E,2,12,59.9
2026-05-17 00:20:08,152008.00,3637.75435,N,12727.43624,E,2,12,59.8
2026-05-17 00:20:09,152009.00,3637.75402,N,12727.43682,E,2,12,60.0
2026-05-17 00:20:11,152011.00,3637.75317,N,12727.43800,E,2,12,60.3
2026-05-17 00:20:12,152012.00,3637.75284,N,12727.43864,E,2,12,60.4
2026-05-17 00:20:14,152014.00,3637.75259,N,12727.44008,E,2,12,60.4
2026-05-17 00:20:16,152016.00,3637.75283,N,12727.44056,E,2,12,60.6
2026-05-17 00:20:17,152017.00,3637.75273,N,12727.44032,E,2,12,60.8
2026-05-17 00:20:18,152018.00,3637.75250,N,12727.43995,E,2,12,61.2
2026-05-17 00:20:20,152020.00,3637.75213,N,12727.43842,E,2,12,61.1
2026-05-17 00:20:22,152022.00,3637.75148,N,12727.43687,E,2,12,61.7
2026-05-17 00:20:23,152023.00,3637.75095,N,12727.43633,E,2,12,61.9
2026-05-17 00:20:25,152025.00,3637.74984,N,12727.43604,E,2,12,61.9
2026-05-17 00:20:27,152027.00,3637.74894,N,12727.43542,E,2,12,62.1
2026-05-17 00:20:28,152028.00,3637.74837,N,12727.43490,E,2,12,62.2
2026-05-17 00:20:29,152029.00,3637.74786,N,12727.43437,E,2,12,62.2
2026-05-17 00:20:30,152030.00,3637.74740,N,12727.43381,E,2,12,62.3
2026-05-17 00:20:32,152032.00,3637.74642,N,12727.43294,E,2,12,62.1
2026-05-17 00:20:34,152034.00,3637.74548,N,12727.43208,E,2,12,62.1
2026-05-17 00:20:36,152036.00,3637.74440,N,12727.43082,E,2,12,61.8
2026-05-17 00:20:38,152038.00,3637.74325,N,12727.42976,E,2,12,61.7
2026-05-17 00:20:39,152039.00,3637.74268,N,12727.42930,E,2,12,61.5
2026-05-17 00:20:41,152041.00,3637.74156,N,12727.42848,E,2,12,61.5
2026-05-17 00:20:42,152042.00,3637.74110,N,12727.42831,E,2,12,61.5
2026-05-17 00:20:44,152044.00,3637.74035,N,12727.42757,E,2,12,61.3
2026-05-17 00:20:46,152046.00,3637.73943,N,12727.42661,E,2,12,61.2
2026-05-17 00:20:47,152047.00,3637.73904,N,12727.42603,E,2,12,61.1
2026-05-17 00:20:49,152049.00,3637.73820,N,12727.42453,E,2,12,61.5
2026-05-17 00:20:51,152051.00,3637.73740,N,12727.42349,E,2,12,61.5
2026-05-17 00:20:52,152052.00,3637.73708,N,12727.42316,E,2,12,61.3
2026-05-17 00:20:54,152054.00,3637.73602,N,12727.42227,E,2,12,61.3
2026-05-17 00:20:56,152056.00,3637.73481,N,12727.42105,E,2,12,61.7
2026-05-17 00:20:58,152058.00,3637.73367,N,12727.42014,E,2,12,61.7
2026-05-17 00:20:59,152059.00,3637.73313,N,12727.41985,E,2,12,61.5
2026-05-17 00:21:01,152101.00,3637.73217,N,12727.41896,E,2,12,61.7
2026-05-17 00:21:03,152103.00,3637.73123,N,12727.41739,E,2,12,61.9
2026-05-17 00:21:05,152105.00,3637.73015,N,12727.41622,E,2,12,62.1
2026-05-17 00:21:06,152106.00,3637.72959,N,12727.41591,E,2,12,62.1
2026-05-17 00:21:08,152108.00,3637.72862,N,12727.41532,E,2,12,62.0
2026-05-17 00:21:10,152110.00,3637.72761,N,12727.41440,E,2,12,62.3
2026-05-17 00:21:12,152112.00,3637.72656,N,12727.41311,E,2,12,63.0
2026-05-17 00:21:14,152114.00,3637.72556,N,12727.41217,E,2,12,63.2
2026-05-17 00:21:16,152116.00,3637.72530,N,12727.41205,E,2,12,63.3
2026-05-17 00:21:18,152118.00,3637.72464,N,12727.41153,E,2,12,63.3
2026-05-17 00:21:20,152120.00,3637.72341,N,12727.41098,E,2,12,63.4
2026-05-17 00:21:22,152122.00,3637.72240,N,12727.41037,E,2,12,63.8
2026-05-17 00:21:24,152124.00,3637.72149,N,12727.40930,E,2,12,63.8
2026-05-17 00:21:26,152126.00,3637.72039,N,12727.40839,E,2,12,64.0
2026-05-17 00:21:28,152128.00,3637.71921,N,12727.40738,E,2,12,64.8
2026-05-17 00:21:30,152130.00,3637.71820,N,12727.40644,E,2,12,65.0
2026-05-17 00:21:32,152132.00,3637.71728,N,12727.40525,E,2,12,65.3
2026-05-17 00:21:34,152134.00,3637.71636,N,12727.40367,E,2,12,65.7
2026-05-17 00:21:36,152136.00,3637.71535,N,12727.40239,E,2,12,65.9
2026-05-17 00:21:38,152138.00,3637.71419,N,12727.40163,E,2,12,65.5
2026-05-17 00:21:39,152139.00,3637.71361,N,12727.40126,E,2,12,65.4
2026-05-17 00:21:41,152141.00,3637.71270,N,12727.40029,E,2,12,65.5
2026-05-17 00:21:43,152143.00,3637.71178,N,12727.39915,E,2,12,65.2
2026-05-17 00:21:44,152144.00,3637.71118,N,12727.39860,E,2,12,65.3
2026-05-17 00:21:46,152146.00,3637.70998,N,12727.39774,E,2,12,65.1
2026-05-17 00:21:47,152147.00,3637.70950,N,12727.39733,E,2,12,65.2
2026-05-17 00:21:49,152149.00,3637.70858,N,12727.39649,E,2,12,65.4
2026-05-17 00:21:51,152151.00,3637.70759,N,12727.39519,E,2,12,65.1
2026-05-17 00:21:53,152153.00,3637.70646,N,12727.39430,E,2,12,65.0
2026-05-17 00:21:54,152154.00,3637.70586,N,12727.39395,E,2,12,64.9
2026-05-17 00:21:56,152156.00,3637.70485,N,12727.39323,E,2,12,65.0
2026-05-17 00:21:58,152158.00,3637.70394,N,12727.39224,E,2,12,64.7
2026-05-17 00:21:59,152159.00,3637.70342,N,12727.39161,E,2,12,64.7
2026-05-17 00:22:00,152200.00,3637.70292,N,12727.39110,E,2,12,64.6
2026-05-17 00:22:01,152201.00,3637.70234,N,12727.39060,E,2,12,64.6
2026-05-17 00:22:02,152202.00,3637.70178,N,12727.39020,E,2,12,64.4
2026-05-17 00:22:04,152204.00,3637.70077,N,12727.38958,E,2,12,64.1
2026-05-17 00:22:05,152205.00,3637.70027,N,12727.38914,E,2,12,64.1
2026-05-17 00:22:07,152207.00,3637.69920,N,12727.38798,E,2,12,63.9
2026-05-17 00:22:08,152208.00,3637.69866,N,12727.38743,E,2,12,63.9
2026-05-17 00:22:10,152210.00,3637.69753,N,12727.38675,E,2,12,63.6
2026-05-17 00:22:12,152212.00,3637.69647,N,12727.38615,E,2,12,63.3
2026-05-17 00:22:14,152214.00,3637.69551,N,12727.38506,E,2,12,63.3
2026-05-17 00:22:15,152215.00,3637.69503,N,12727.38439,E,2,12,63.1
2026-05-17 00:22:17,152217.00,3637.69425,N,12727.38301,E,2,12,63.3
2026-05-17 00:22:18,152218.00,3637.69382,N,12727.38250,E,2,12,63.3
2026-05-17 00:22:20,152220.00,3637.69305,N,12727.38132,E,2,12,62.3
2026-05-17 00:22:21,152221.00,3637.69284,N,12727.38070,E,2,12,61.9
2026-05-17 00:22:23,152223.00,3637.69307,N,12727.37929,E,2,12,62.0
2026-05-17 00:22:25,152225.00,3637.69376,N,12727.37794,E,2,12,61.6
2026-05-17 00:22:26,152226.00,3637.69413,N,12727.37720,E,2,12,61.6
2026-05-17 00:22:28,152228.00,3637.69474,N,12727.37568,E,2,12,61.6
2026-05-17 00:22:30,152230.00,3637.69487,N,12727.37436,E,2,12,61.1
2026-05-17 00:22:31,152231.00,3637.69499,N,12727.37380,E,2,12,61.0
2026-05-17 00:22:33,152233.00,3637.69554,N,12727.37250,E,2,12,61.1
2026-05-17 00:22:35,152235.00,3637.69658,N,12727.37095,E,2,12,61.9
2026-05-17 00:22:37,152237.00,3637.69753,N,12727.36950,E,2,12,62.3
2026-05-17 00:22:39,152239.00,3637.69783,N,12727.36845,E,2,12,62.1
2026-05-17 00:22:41,152241.00,3637.69846,N,12727.36703,E,2,12,62.1
2026-05-17 00:22:42,152242.00,3637.69881,N,12727.36627,E,2,12,61.9
2026-05-17 00:22:44,152244.00,3637.69945,N,12727.36475,E,2,12,61.8
2026-05-17 00:22:46,152246.00,3637.69999,N,12727.36314,E,2,12,61.8
2026-05-17 00:22:47,152247.00,3637.70016,N,12727.36241,E,2,12,61.5
2026-05-17 00:22:49,152249.00,3637.70063,N,12727.36100,E,2,12,61.8
2026-05-17 00:22:50,152250.00,3637.70096,N,12727.36036,E,2,12,61.8
2026-05-17 00:22:51,152251.00,3637.70134,N,12727.35956,E,2,12,61.8
2026-05-17 00:22:53,152253.00,3637.70196,N,12727.35812,E,2,12,62.2
2026-05-17 00:22:55,152255.00,3637.70247,N,12727.35673,E,2,12,62.5
2026-05-17 00:22:56,152256.00,3637.70273,N,12727.35607,E,2,12,62.4
2026-05-17 00:22:58,152258.00,3637.70325,N,12727.35461,E,2,12,62.9
2026-05-17 00:23:00,152300.00,3637.70397,N,12727.35312,E,2,12,63.1
2026-05-17 00:23:02,152302.00,3637.70468,N,12727.35162,E,2,12,63.4
2026-05-17 00:23:04,152304.00,3637.70512,N,12727.35028,E,2,12,63.5
2026-05-17 00:23:05,152305.00,3637.70549,N,12727.34962,E,2,12,63.9
2026-05-17 00:23:07,152307.00,3637.70641,N,12727.34837,E,2,12,64.5
2026-05-17 00:23:08,152308.00,3637.70696,N,12727.34765,E,2,12,64.8
2026-05-17 00:23:09,152309.00,3637.70739,N,12727.34677,E,2,12,65.1
2026-05-17 00:23:11,152311.00,3637.70816,N,12727.34503,E,2,12,65.4
2026-05-17 00:23:13,152313.00,3637.70871,N,12727.34362,E,2,12,65.2
2026-05-17 00:23:15,152315.00,3637.70954,N,12727.34239,E,2,12,65.5
2026-05-17 00:23:16,152316.00,3637.71002,N,12727.34169,E,2,12,65.4
2026-05-17 00:23:18,152318.00,3637.71102,N,12727.34044,E,2,12,65.4
2026-05-17 00:23:20,152320.00,3637.71184,N,12727.33921,E,2,12,65.2
2026-05-17 00:23:21,152321.00,3637.71212,N,12727.33858,E,2,12,65.0
2026-05-17 00:23:23,152323.00,3637.71289,N,12727.33765,E,2,12,64.8
2026-05-17 00:23:24,152324.00,3637.71335,N,12727.33707,E,2,12,64.6
2026-05-17 00:23:26,152326.00,3637.71436,N,12727.33595,E,2,12,64.8
2026-05-17 00:23:27,152327.00,3637.71464,N,12727.33535,E,2,12,64.7
2026-05-17 00:23:28,152328.00,3637.71485,N,12727.33476,E,2,12,64.7
2026-05-17 00:23:30,152330.00,3637.71542,N,12727.33368,E,2,12,64.7
2026-05-17 00:23:31,152331.00,3637.71594,N,12727.33313,E,2,12,64.6
2026-05-17 00:23:33,152333.00,3637.71690,N,12727.33205,E,2,12,64.4
2026-05-17 00:23:35,152335.00,3637.71759,N,12727.33066,E,2,12,64.1
2026-05-17 00:23:36,152336.00,3637.71786,N,12727.33016,E,2,12,63.9
2026-05-17 00:23:38,152338.00,3637.71877,N,12727.32903,E,2,12,63.8
2026-05-17 00:23:40,152340.00,3637.71993,N,12727.32813,E,2,12,63.4
2026-05-17 00:23:41,152341.00,3637.72043,N,12727.32757,E,2,12,63.4
2026-05-17 00:23:42,152342.00,3637.72091,N,12727.32692,E,2,12,63.7
2026-05-17 00:23:44,152344.00,3637.72169,N,12727.32564,E,2,12,63.6
2026-05-17 00:23:46,152346.00,3637.72264,N,12727.32458,E,2,12,63.9
2026-05-17 00:23:47,152347.00,3637.72325,N,12727.32392,E,2,12,63.7
2026-05-17 00:23:49,152349.00,3637.72438,N,12727.32248,E,2,12,63.6
2026-05-17 00:23:50,152350.00,3637.72507,N,12727.32186,E,2,12,64.0
2026-05-17 00:23:52,152352.00,3637.72621,N,12727.32035,E,2,12,64.3
2026-05-17 00:23:54,152354.00,3637.72696,N,12727.31901,E,2,12,63.7
2026-05-17 00:23:56,152356.00,3637.72789,N,12727.31791,E,2,12,64.0
2026-05-17 00:23:58,152358.00,3637.72916,N,12727.31693,E,2,12,64.1
2026-05-17 00:24:00,152400.00,3637.73018,N,12727.31578,E,2,12,64.2
2026-05-17 00:24:01,152401.00,3637.73051,N,12727.31514,E,2,12,63.7
2026-05-17 00:24:03,152403.00,3637.73117,N,12727.31417,E,2,12,63.2
2026-05-17 00:24:04,152404.00,3637.73159,N,12727.31364,E,2,12,63.1
2026-05-17 00:24:06,152406.00,3637.73237,N,12727.31267,E,2,12,62.5
2026-05-17 00:24:08,152408.00,3637.73342,N,12727.31170,E,2,12,62.6
2026-05-17 00:24:10,152410.00,3637.73421,N,12727.31081,E,2,12,61.8
2026-05-17 00:24:11,152411.00,3637.73449,N,12727.31042,E,2,12,61.7
2026-05-17 00:24:12,152412.00,3637.73478,N,12727.30995,E,2,12,61.4
2026-05-17 00:24:14,152414.00,3637.73574,N,12727.30892,E,2,12,61.3
2026-05-17 00:24:15,152415.00,3637.73631,N,12727.30812,E,2,12,61.2
2026-05-17 00:24:17,152417.00,3637.73715,N,12727.30667,E,2,12,61.1
2026-05-17 00:24:18,152418.00,3637.73764,N,12727.30593,E,2,12,61.0
2026-05-17 00:24:19,152419.00,3637.73801,N,12727.30530,E,2,12,61.1
2026-05-17 00:24:21,152421.00,3637.73897,N,12727.30412,E,2,12,61.3
2026-05-17 00:24:23,152423.00,3637.74004,N,12727.30316,E,2,12,61.4
2026-05-17 00:24:25,152425.00,3637.74115,N,12727.30169,E,2,12,61.6
2026-05-17 00:24:26,152426.00,3637.74166,N,12727.30102,E,2,12,62.1
2026-05-17 00:24:27,152427.00,3637.74225,N,12727.30043,E,2,12,61.4
2026-05-17 00:24:29,152429.00,3637.74313,N,12727.29913,E,2,12,61.1
2026-05-17 00:24:31,152431.00,3637.74396,N,12727.29808,E,2,12,61.0
2026-05-17 00:24:32,152432.00,3637.74446,N,12727.29767,E,2,12,60.9
2026-05-17 00:24:33,152433.00,3637.74502,N,12727.29716,E,2,12,61.3
2026-05-17 00:24:35,152435.00,3637.74590,N,12727.29570,E,2,12,61.6
2026-05-17 00:24:36,152436.00,3637.74623,N,12727.29508,E,2,12,61.3
2026-05-17 00:24:38,152438.00,3637.74706,N,12727.29396,E,2,12,60.8
2026-05-17 00:24:39,152439.00,3637.74750,N,12727.29332,E,2,12,60.3
2026-05-17 00:24:41,152441.00,3637.74863,N,12727.29216,E,2,12,60.3
2026-05-17 00:24:42,152442.00,3637.74917,N,12727.29153,E,2,12,60.6
2026-05-17 00:24:44,152444.00,3637.75009,N,12727.29036,E,2,12,60.3
2026-05-17 00:24:46,152446.00,3637.75088,N,12727.28927,E,2,12,60.0
2026-05-17 00:24:47,152447.00,3637.75139,N,12727.28857,E,2,12,60.7
2026-05-17 00:24:49,152449.00,3637.75260,N,12727.28754,E,2,12,61.0
2026-05-17 00:24:50,152450.00,3637.75308,N,12727.28705,E,2,12,60.9
2026-05-17 00:24:51,152451.00,3637.75357,N,12727.28644,E,2,12,60.9
2026-05-17 00:24:52,152452.00,3637.75405,N,12727.28593,E,2,12,60.3
2026-05-17 00:24:54,152454.00,3637.75483,N,12727.28473,E,2,12,60.2
2026-05-17 00:24:55,152455.00,3637.75516,N,12727.28424,E,2,12,60.2
2026-05-17 00:24:57,152457.00,3637.75614,N,12727.28294,E,2,12,60.4
2026-05-17 00:24:58,152458.00,3637.75667,N,12727.28244,E,2,12,60.3
2026-05-17 00:25:00,152500.00,3637.75761,N,12727.28130,E,2,12,61.1
2026-05-17 00:25:02,152502.00,3637.75856,N,12727.28035,E,2,12,61.4
2026-05-17 00:25:04,152504.00,3637.75952,N,12727.27924,E,2,12,61.8
2026-05-17 00:25:05,152505.00,3637.76009,N,12727.27873,E,2,12,61.6
2026-05-17 00:25:06,152506.00,3637.76073,N,12727.27807,E,2,12,61.9
2026-05-17 00:25:08,152508.00,3637.76203,N,12727.27706,E,2,12,61.3
2026-05-17 00:25:10,152510.00,3637.76325,N,12727.27560,E,2,12,61.3
2026-05-17 00:25:11,152511.00,3637.76370,N,12727.27490,E,2,12,61.0
2026-05-17 00:25:13,152513.00,3637.76439,N,12727.27363,E,2,12,60.8
2026-05-17 00:25:15,152515.00,3637.76544,N,12727.27258,E,2,12,61.1
2026-05-17 00:25:16,152516.00,3637.76606,N,12727.27202,E,2,12,60.4
2026-05-17 00:25:18,152518.00,3637.76722,N,12727.27067,E,2,12,60.8
2026-05-17 00:25:20,152520.00,3637.76824,N,12727.26927,E,2,12,60.7
2026-05-17 00:25:21,152521.00,3637.76879,N,12727.26870,E,2,12,60.7
2026-05-17 00:25:22,152522.00,3637.76917,N,12727.26802,E,2,12,60.5
2026-05-17 00:25:24,152524.00,3637.76991,N,12727.26658,E,2,12,60.4
2026-05-17 00:25:26,152526.00,3637.77084,N,12727.26551,E,2,12,60.3
2026-05-17 00:25:27,152527.00,3637.77125,N,12727.26506,E,2,12,60.0
2026-05-17 00:25:29,152529.00,3637.77210,N,12727.26418,E,2,12,60.2
2026-05-17 00:25:30,152530.00,3637.77262,N,12727.26367,E,2,12,60.5
2026-05-17 00:25:32,152532.00,3637.77380,N,12727.26255,E,2,12,60.4
2026-05-17 00:25:34,152534.00,3637.77479,N,12727.26159,E,2,12,60.3
2026-05-17 00:25:35,152535.00,3637.77514,N,12727.26127,E,2,12,60.4
2026-05-17 00:25:37,152537.00,3637.77576,N,12727.26071,E,2,12,60.7
2026-05-17 00:25:39,152539.00,3637.77641,N,12727.25952,E,2,12,60.7
2026-05-17 00:25:41,152541.00,3637.77737,N,12727.25832,E,2,12,60.6
2026-05-17 00:25:43,152543.00,3637.77872,N,12727.25694,E,2,12,60.7
2026-05-17 00:25:45,152545.00,3637.77993,N,12727.25563,E,2,12,60.9
2026-05-17 00:25:46,152546.00,3637.78040,N,12727.25497,E,2,12,60.8
2026-05-17 00:25:48,152548.00,3637.78137,N,12727.25459,E,2,12,60.6
2026-05-17 00:25:50,152550.00,3637.78206,N,12727.25415,E,2,12,60.5
2026-05-17 00:25:52,152552.00,3637.78234,N,12727.25322,E,2,12,60.2
2026-05-17 00:25:53,152553.00,3637.78260,N,12727.25258,E,2,12,60.2
2026-05-17 00:25:55,152555.00,3637.78343,N,12727.25140,E,2,12,59.6
2026-05-17 00:25:56,152556.00,3637.78394,N,12727.25097,E,2,12,59.7
2026-05-17 00:25:57,152557.00,3637.78449,N,12727.25056,E,2,12,59.4
2026-05-17 00:25:58,152558.00,3637.78508,N,12727.25005,E,2,12,59.4
2026-05-17 00:25:59,152559.00,3637.78558,N,12727.24950,E,2,12,59.0
2026-05-17 00:26:01,152601.00,3637.78630,N,12727.24838,E,2,12,59.0
2026-05-17 00:26:02,152602.00,3637.78682,N,12727.24800,E,2,12,59.0
2026-05-17 00:26:04,152604.00,3637.78810,N,12727.24749,E,2,12,59.2
2026-05-17 00:26:05,152605.00,3637.78890,N,12727.24708,E,2,12,59.2
2026-05-17 00:26:07,152607.00,3637.79046,N,12727.24655,E,2,12,59.5
2026-05-17 00:26:09,152609.00,3637.79181,N,12727.24594,E,2,12,60.0
2026-05-17 00:26:10,152610.00,3637.79236,N,12727.24571,E,2,12,60.3
2026-05-17 00:26:12,152612.00,3637.79356,N,12727.24578,E,2,12,60.0
2026-05-17 00:26:14,152614.00,3637.79476,N,12727.24658,E,2,12,59.6
2026-05-17 00:26:16,152616.00,3637.79622,N,12727.24752,E,2,12,59.4
2026-05-17 00:26:17,152617.00,3637.79686,N,12727.24810,E,2,12,59.5
2026-05-17 00:26:19,152619.00,3637.79814,N,12727.24880,E,2,12,59.3
2026-05-17 00:26:20,152620.00,3637.79871,N,12727.24907,E,2,12,59.2
2026-05-17 00:26:21,152621.00,3637.79936,N,12727.24926,E,2,12,59.1
2026-05-17 00:26:23,152623.00,3637.80059,N,12727.24996,E,2,12,59.3
2026-05-17 00:26:25,152625.00,3637.80184,N,12727.25087,E,2,12,59.0
2026-05-17 00:26:26,152626.00,3637.80257,N,12727.25127,E,2,12,59.2
2026-05-17 00:26:28,152628.00,3637.80383,N,12727.25195,E,2,12,59.5
2026-05-17 00:26:29,152629.00,3637.80448,N,12727.25213,E,2,12,59.3
2026-05-17 00:26:30,152630.00,3637.80510,N,12727.25238,E,2,12,59.2
2026-05-17 00:26:32,152632.00,3637.80629,N,12727.25294,E,2,12,59.7
2026-05-17 00:26:34,152634.00,3637.80763,N,12727.25348,E,2,12,59.9
2026-05-17 00:26:36,152636.00,3637.80906,N,12727.25404,E,2,12,59.8
2026-05-17 00:26:38,152638.00,3637.81040,N,12727.25468,E,2,12,59.8
2026-05-17 00:26:40,152640.00,3637.81169,N,12727.25526,E,2,12,59.6
2026-05-17 00:26:42,152642.00,3637.81268,N,12727.25591,E,2,12,59.8
2026-05-17 00:26:44,152644.00,3637.81366,N,12727.25676,E,2,12,60.0
2026-05-17 00:26:45,152645.00,3637.81428,N,12727.25726,E,2,12,60.1
2026-05-17 00:26:46,152646.00,3637.81486,N,12727.25764,E,2,12,60.2
2026-05-17 00:26:48,152648.00,3637.81621,N,12727.25842,E,2,12,59.9
2026-05-17 00:26:50,152650.00,3637.81737,N,12727.25927,E,2,12,59.3
2026-05-17 00:26:51,152651.00,3637.81792,N,12727.25955,E,2,12,59.1
2026-05-17 00:26:53,152653.00,3637.81893,N,12727.26002,E,2,12,59.1
2026-05-17 00:26:54,152654.00,3637.81951,N,12727.26041,E,2,12,58.9
2026-05-17 00:26:56,152656.00,3637.82070,N,12727.26122,E,2,12,59.0
2026-05-17 00:26:58,152658.00,3637.82190,N,12727.26178,E,2,12,58.6
2026-05-17 00:26:59,152659.00,3637.82245,N,12727.26200,E,2,12,58.2
2026-05-17 00:27:00,152700.00,3637.82301,N,12727.26223,E,2,12,58.2
2026-05-17 00:27:01,152701.00,3637.82359,N,12727.26254,E,2,12,58.4
2026-05-17 00:27:02,152702.00,3637.82419,N,12727.26293,E,2,12,58.2
2026-05-17 00:27:04,152704.00,3637.82544,N,12727.26391,E,2,12,58.3
2026-05-17 00:27:06,152706.00,3637.82669,N,12727.26503,E,2,12,58.9
2026-05-17 00:27:07,152707.00,3637.82739,N,12727.26533,E,2,12,58.9
2026-05-17 00:27:09,152709.00,3637.82868,N,12727.26576,E,2,12,58.8
2026-05-17 00:27:11,152711.00,3637.82985,N,12727.26637,E,2,12,58.9
2026-05-17 00:27:13,152713.00,3637.83116,N,12727.26717,E,2,12,58.8
2026-05-17 00:27:14,152714.00,3637.83189,N,12727.26762,E,2,12,58.8
2026-05-17 00:27:16,152716.00,3637.83322,N,12727.26853,E,2,12,59.1
2026-05-17 00:27:18,152718.00,3637.83447,N,12727.26901,E,2,12,59.0
2026-05-17 00:27:20,152720.00,3637.83566,N,12727.26928,E,2,12,58.8
2026-05-17 00:27:22,152722.00,3637.83680,N,12727.27009,E,2,12,58.9
2026-05-17 00:27:23,152723.00,3637.83736,N,12727.27061,E,2,12,58.6
2026-05-17 00:27:24,152724.00,3637.83789,N,12727.27128,E,2,12,58.4
2026-05-17 00:27:25,152725.00,3637.83824,N,12727.27212,E,2,12,58.4
2026-05-17 00:27:26,152726.00,3637.83847,N,12727.27306,E,2,12,58.6
2026-05-17 00:27:28,152728.00,3637.83907,N,12727.27470,E,2,12,58.6
2026-05-17 00:27:29,152729.00,3637.83942,N,12727.27542,E,2,12,58.5
2026-05-17 00:27:31,152731.00,3637.83985,N,12727.27680,E,2,12,58.5
2026-05-17 00:27:32,152732.00,3637.84014,N,12727.27757,E,2,12,58.5
2026-05-17 00:27:34,152734.00,3637.84013,N,12727.27932,E,2,12,58.6
2026-05-17 00:27:35,152735.00,3637.84014,N,12727.28015,E,2,12,58.5
2026-05-17 00:27:37,152737.00,3637.84001,N,12727.28175,E,2,12,58.4
2026-05-17 00:27:38,152738.00,3637.83986,N,12727.28253,E,2,12,58.3
2026-05-17 00:27:40,152740.00,3637.83979,N,12727.28406,E,2,12,58.2
2026-05-17 00:27:41,152741.00,3637.83962,N,12727.28480,E,2,12,58.1
2026-05-17 00:27:42,152742.00,3637.83939,N,12727.28568,E,2,12,58.0
2026-05-17 00:27:44,152744.00,3637.83894,N,12727.28739,E,2,12,57.9
2026-05-17 00:27:45,152745.00,3637.83883,N,12727.28819,E,2,12,57.8
2026-05-17 00:27:46,152746.00,3637.83859,N,12727.28890,E,2,12,57.7
2026-05-17 00:27:48,152748.00,3637.83811,N,12727.29022,E,2,12,57.6
2026-05-17 00:27:49,152749.00,3637.83781,N,12727.29084,E,2,12,57.6
2026-05-17 00:27:51,152751.00,3637.83695,N,12727.29211,E,2,12,57.4
2026-05-17 00:27:52,152752.00,3637.83648,N,12727.29271,E,2,12,57.4
2026-05-17 00:27:54,152754.00,3637.83574,N,12727.29407,E,2,12,57.1
2026-05-17 00:27:56,152756.00,3637.83542,N,12727.29527,E,2,12,57.0
2026-05-17 00:27:58,152758.00,3637.83472,N,12727.29641,E,2,12,56.9
2026-05-17 00:27:59,152759.00,3637.83416,N,12727.29691,E,2,12,56.8
2026-05-17 00:28:00,152800.00,3637.83368,N,12727.29749,E,2,12,56.7
2026-05-17 00:28:02,152802.00,3637.83311,N,12727.29880,E,2,12,56.6
2026-05-17 00:28:04,152804.00,3637.83235,N,12727.29968,E,2,12,56.6
2026-05-17 00:28:05,152805.00,3637.83203,N,12727.30021,E,2,12,56.7
2026-05-17 00:28:07,152807.00,3637.83129,N,12727.30148,E,2,12,56.5
2026-05-17 00:28:08,152808.00,3637.83094,N,12727.30219,E,2,12,56.6
2026-05-17 00:28:10,152810.00,3637.83041,N,12727.30341,E,2,12,56.5
2026-05-17 00:28:11,152811.00,3637.83011,N,12727.30400,E,2,12,56.6
2026-05-17 00:28:12,152812.00,3637.82976,N,12727.30468,E,2,12,56.6
2026-05-17 00:28:14,152814.00,3637.82888,N,12727.30608,E,2,12,56.5
2026-05-17 00:28:15,152815.00,3637.82844,N,12727.30672,E,2,12,56.6
2026-05-17 00:28:16,152816.00,3637.82804,N,12727.30732,E,2,12,56.7
2026-05-17 00:28:17,152817.00,3637.82771,N,12727.30784,E,2,12,56.6
2026-05-17 00:28:19,152819.00,3637.82719,N,12727.30894,E,2,12,56.3
2026-05-17 00:28:21,152821.00,3637.82653,N,12727.31026,E,2,12,56.6
2026-05-17 00:28:23,152823.00,3637.82564,N,12727.31173,E,2,12,56.8
2026-05-17 00:28:25,152825.00,3637.82459,N,12727.31297,E,2,12,56.9
2026-05-17 00:28:27,152827.00,3637.82394,N,12727.31442,E,2,12,56.8
2026-05-17 00:28:29,152829.00,3637.82341,N,12727.31563,E,2,12,56.6
2026-05-17 00:28:30,152830.00,3637.82302,N,12727.31614,E,2,12,56.7
2026-05-17 00:28:32,152832.00,3637.82200,N,12727.31733,E,2,12,56.6
2026-05-17 00:28:33,152833.00,3637.82141,N,12727.31805,E,2,12,56.9
2026-05-17 00:28:35,152835.00,3637.82057,N,12727.31944,E,2,12,57.3
2026-05-17 00:28:37,152837.00,3637.81990,N,12727.32066,E,2,12,57.0
2026-05-17 00:28:38,152838.00,3637.81967,N,12727.32122,E,2,12,57.0
2026-05-17 00:28:40,152840.00,3637.81885,N,12727.32234,E,2,12,57.1
2026-05-17 00:28:42,152842.00,3637.81796,N,12727.32367,E,2,12,57.1
2026-05-17 00:28:43,152843.00,3637.81766,N,12727.32442,E,2,12,57.0
2026-05-17 00:28:45,152845.00,3637.81714,N,12727.32575,E,2,12,56.8
2026-05-17 00:28:46,152846.00,3637.81682,N,12727.32629,E,2,12,56.8
2026-05-17 00:28:47,152847.00,3637.81638,N,12727.32685,E,2,12,56.8
2026-05-17 00:28:49,152849.00,3637.81546,N,12727.32814,E,2,12,57.1
2026-05-17 00:28:50,152850.00,3637.81511,N,12727.32880,E,2,12,57.2
2026-05-17 00:28:52,152852.00,3637.81467,N,12727.33009,E,2,12,57.0
2026-05-17 00:28:53,152853.00,3637.81438,N,12727.33064,E,2,12,57.0
2026-05-17 00:28:55,152855.00,3637.81369,N,12727.33176,E,2,12,56.6
2026-05-17 00:28:56,152856.00,3637.81324,N,12727.33238,E,2,12,56.7
2026-05-17 00:28:58,152858.00,3637.81258,N,12727.33370,E,2,12,56.5
2026-05-17 00:28:59,152859.00,3637.81238,N,12727.33433,E,2,12,56.6
2026-05-17 00:29:00,152900.00,3637.81205,N,12727.33476,E,2,12,56.6
2026-05-17 00:29:02,152902.00,3637.81115,N,12727.33598,E,2,12,56.7
2026-05-17 00:29:04,152904.00,3637.81045,N,12727.33741,E,2,12,56.7
2026-05-17 00:29:05,152905.00,3637.81024,N,12727.33789,E,2,12,56.8
2026-05-17 00:29:06,152906.00,3637.81008,N,12727.33803,E,2,12,56.8
2026-05-17 00:29:08,152908.00,3637.81009,N,12727.33801,E,2,12,56.6
2026-05-17 00:29:09,152909.00,3637.80996,N,12727.33816,E,2,12,56.6
2026-05-17 00:29:11,152911.00,3637.80948,N,12727.33909,E,2,12,56.6
2026-05-17 00:29:12,152912.00,3637.80911,N,12727.33970,E,2,12,56.4
2026-05-17 00:29:13,152913.00,3637.80878,N,12727.34034,E,2,12,56.5
2026-05-17 00:29:15,152915.00,3637.80823,N,12727.34170,E,2,12,56.6
2026-05-17 00:29:16,152916.00,3637.80789,N,12727.34210,E,2,12,56.4
2026-05-17 00:29:17,152917.00,3637.80756,N,12727.34269,E,2,12,56.5
2026-05-17 00:29:19,152919.00,3637.80673,N,12727.34411,E,2,12,56.6
2026-05-17 00:29:21,152921.00,3637.80614,N,12727.34550,E,2,12,56.5
2026-05-17 00:29:22,152922.00,3637.80582,N,12727.34600,E,2,12,56.5
2026-05-17 00:29:24,152924.00,3637.80483,N,12727.34682,E,2,12,56.6
2026-05-17 00:29:25,152925.00,3637.80424,N,12727.34741,E,2,12,56.8
2026-05-17 00:29:26,152926.00,3637.80381,N,12727.34806,E,2,12,56.9
2026-05-17 00:29:28,152928.00,3637.80325,N,12727.34950,E,2,12,56.6
2026-05-17 00:29:30,152930.00,3637.80265,N,12727.35052,E,2,12,56.7
2026-05-17 00:29:32,152932.00,3637.80197,N,12727.35178,E,2,12,56.2
2026-05-17 00:29:33,152933.00,3637.80165,N,12727.35249,E,2,12,56.4
2026-05-17 00:29:35,152935.00,3637.80127,N,12727.35373,E,2,12,55.8
2026-05-17 00:29:36,152936.00,3637.80102,N,12727.35423,E,2,12,55.9
2026-05-17 00:29:37,152937.00,3637.80063,N,12727.35476,E,2,12,56.0
2026-05-17 00:29:38,152938.00,3637.80022,N,12727.35529,E,2,12,55.8
2026-05-17 00:29:40,152940.00,3637.79957,N,12727.35668,E,2,12,55.7
2026-05-17 00:29:41,152941.00,3637.79921,N,12727.35737,E,2,12,55.7
2026-05-17 00:29:42,152942.00,3637.79894,N,12727.35799,E,2,12,55.5
2026-05-17 00:29:44,152944.00,3637.79831,N,12727.35900,E,2,12,55.7
2026-05-17 00:29:45,152945.00,3637.79777,N,12727.35943,E,2,12,55.6
2026-05-17 00:29:47,152947.00,3637.79672,N,12727.36089,E,2,12,56.4
2026-05-17 00:29:48,152948.00,3637.79645,N,12727.36166,E,2,12,56.5
2026-05-17 00:29:50,152950.00,3637.79608,N,12727.36293,E,2,12,56.4
2026-05-17 00:29:51,152951.00,3637.79573,N,12727.36350,E,2,12,56.5
2026-05-17 00:29:52,152952.00,3637.79521,N,12727.36410,E,2,12,56.4
2026-05-17 00:29:54,152954.00,3637.79418,N,12727.36543,E,2,12,56.5
2026-05-17 00:29:56,152956.00,3637.79345,N,12727.36672,E,2,12,56.4
2026-05-17 00:29:57,152957.00,3637.79313,N,12727.36725,E,2,12,56.2
2026-05-17 00:29:59,152959.00,3637.79226,N,12727.36837,E,2,12,56.4
2026-05-17 00:30:00,153000.00,3637.79165,N,12727.36892,E,2,12,56.6
2026-05-17 00:30:02,153002.00,3637.79069,N,12727.37020,E,2,12,56.9
2026-05-17 00:30:04,153004.00,3637.79018,N,12727.37134,E,2,12,56.9
2026-05-17 00:30:06,153006.00,3637.78919,N,12727.37258,E,2,12,57.3
2026-05-17 00:30:08,153008.00,3637.78803,N,12727.37417,E,2,12,58.4
2026-05-17 00:30:09,153009.00,3637.78763,N,12727.37493,E,2,12,58.7
2026-05-17 00:30:11,153011.00,3637.78732,N,12727.37625,E,2,12,58.3
2026-05-17 00:30:12,153012.00,3637.78706,N,12727.37685,E,2,12,58.2
2026-05-17 00:30:14,153014.00,3637.78611,N,12727.37806,E,2,12,58.4
2026-05-17 00:30:15,153015.00,3637.78581,N,12727.37877,E,2,12,58.4
2026-05-17 00:30:17,153017.00,3637.78525,N,12727.37991,E,2,12,58.5
2026-05-17 00:30:18,153018.00,3637.78487,N,12727.38042,E,2,12,58.6
2026-05-17 00:30:20,153020.00,3637.78398,N,12727.38155,E,2,12,58.7
2026-05-17 00:30:22,153022.00,3637.78344,N,12727.38283,E,2,12,58.4
2026-05-17 00:30:23,153023.00,3637.78321,N,12727.38337,E,2,12,58.4
2026-05-17 00:30:25,153025.00,3637.78234,N,12727.38448,E,2,12,58.2
2026-05-17 00:30:27,153027.00,3637.78164,N,12727.38568,E,2,12,57.8
2026-05-17 00:30:29,153029.00,3637.78127,N,12727.38671,E,2,12,57.3
2026-05-17 00:30:30,153030.00,3637.78089,N,12727.38731,E,2,12,57.1
2026-05-17 00:30:32,153032.00,3637.78006,N,12727.38865,E,2,12,57.2
2026-05-17 00:30:33,153033.00,3637.77980,N,12727.38940,E,2,12,57.3
2026-05-17 00:30:34,153034.00,3637.77962,N,12727.39005,E,2,12,57.1
2026-05-17 00:30:35,153035.00,3637.77927,N,12727.39062,E,2,12,57.2
2026-05-17 00:30:37,153037.00,3637.77843,N,12727.39177,E,2,12,57.2
2026-05-17 00:30:38,153038.00,3637.77795,N,12727.39237,E,2,12,57.4
2026-05-17 00:30:40,153040.00,3637.77752,N,12727.39360,E,2,12,57.4
2026-05-17 00:30:41,153041.00,3637.77716,N,12727.39420,E,2,12,57.4
2026-05-17 00:30:42,153042.00,3637.77679,N,12727.39475,E,2,12,57.3
2026-05-17 00:30:44,153044.00,3637.77592,N,12727.39597,E,2,12,57.7
2026-05-17 00:30:45,153045.00,3637.77565,N,12727.39666,E,2,12,57.6
2026-05-17 00:30:47,153047.00,3637.77508,N,12727.39764,E,2,12,57.6
2026-05-17 00:30:49,153049.00,3637.77400,N,12727.39874,E,2,12,57.9
2026-05-17 00:30:50,153050.00,3637.77355,N,12727.39941,E,2,12,58.2
2026-05-17 00:30:51,153051.00,3637.77327,N,12727.40010,E,2,12,58.4
2026-05-17 00:30:53,153053.00,3637.77279,N,12727.40134,E,2,12,58.3
2026-05-17 00:30:54,153054.00,3637.77236,N,12727.40178,E,2,12,58.3
2026-05-17 00:30:55,153055.00,3637.77188,N,12727.40231,E,2,12,58.5
2026-05-17 00:30:57,153057.00,3637.77092,N,12727.40361,E,2,12,59.0
2026-05-17 00:30:59,153059.00,3637.77052,N,12727.40485,E,2,12,59.0
2026-05-17 00:31:00,153100.00,3637.77016,N,12727.40536,E,2,12,58.9
2026-05-17 00:31:01,153101.00,3637.76966,N,12727.40591,E,2,12,59.0
2026-05-17 00:31:03,153103.00,3637.76893,N,12727.40727,E,2,12,59.4
2026-05-17 00:31:05,153105.00,3637.76859,N,12727.40855,E,2,12,59.2
2026-05-17 00:31:07,153107.00,3637.76782,N,12727.40963,E,2,12,59.4
2026-05-17 00:31:09,153109.00,3637.76687,N,12727.41101,E,2,12,59.7
2026-05-17 00:31:10,153110.00,3637.76668,N,12727.41175,E,2,12,59.5
2026-05-17 00:31:12,153112.00,3637.76638,N,12727.41289,E,2,12,59.3
2026-05-17 00:31:14,153114.00,3637.76560,N,12727.41409,E,2,12,59.1
2026-05-17 00:31:15,153115.00,3637.76517,N,12727.41471,E,2,12,59.3
2026-05-17 00:31:17,153117.00,3637.76455,N,12727.41595,E,2,12,59.2
2026-05-17 00:31:19,153119.00,3637.76398,N,12727.41703,E,2,12,59.5
2026-05-17 00:31:21,153121.00,3637.76313,N,12727.41820,E,2,12,59.5
2026-05-17 00:31:23,153123.00,3637.76248,N,12727.41950,E,2,12,59.3
2026-05-17 00:31:25,153125.00,3637.76194,N,12727.42060,E,2,12,59.1
2026-05-17 00:31:27,153127.00,3637.76106,N,12727.42188,E,2,12,59.0
2026-05-17 00:31:28,153128.00,3637.76071,N,12727.42257,E,2,12,59.0
2026-05-17 00:31:30,153130.00,3637.76011,N,12727.42387,E,2,12,58.9
2026-05-17 00:31:32,153132.00,3637.75959,N,12727.42472,E,2,12,58.7
2026-05-17 00:31:33,153133.00,3637.75920,N,12727.42525,E,2,12,58.5
2026-05-17 00:31:35,153135.00,3637.75837,N,12727.42666,E,2,12,58.6
2026-05-17 00:31:37,153137.00,3637.75758,N,12727.42786,E,2,12,58.8
2026-05-17 00:31:39,153139.00,3637.75693,N,12727.42868,E,2,12,59.0
2026-05-17 00:31:41,153141.00,3637.75616,N,12727.43002,E,2,12,59.4
2026-05-17 00:31:43,153143.00,3637.75576,N,12727.43145,E,2,12,59.6
2026-05-17 00:31:44,153144.00,3637.75550,N,12727.43208,E,2,12,59.6
2026-05-17 00:31:46,153146.00,3637.75462,N,12727.43325,E,2,12,59.6
2026-05-17 00:31:48,153148.00,3637.75378,N,12727.43468,E,2,12,59.9
2026-05-17 00:31:49,153149.00,3637.75352,N,12727.43523,E,2,12,59.9
2026-05-17 00:31:50,153150.00,3637.75325,N,12727.43583,E,2,12,59.9
2026-05-17 00:31:52,153152.00,3637.75237,N,12727.43703,E,2,12,59.8
2026-05-17 00:31:54,153154.00,3637.75166,N,12727.43848,E,2,12,60.6
2026-05-17 00:31:56,153156.00,3637.75106,N,12727.43984,E,2,12,61.0
2026-05-17 00:31:57,153157.00,3637.75066,N,12727.44043,E,2,12,61.4
2026-05-17 00:31:59,153159.00,3637.74955,N,12727.44152,E,2,12,61.2
2026-05-17 00:32:01,153201.00,3637.74862,N,12727.44266,E,2,12,61.2
2026-05-17 00:32:02,153202.00,3637.74832,N,12727.44332,E,2,12,61.3
2026-05-17 00:32:04,153204.00,3637.74758,N,12727.44450,E,2,12,61.4
2026-05-17 00:32:05,153205.00,3637.74714,N,12727.44509,E,2,12,61.3
2026-05-17 00:32:06,153206.00,3637.74683,N,12727.44579,E,2,12,61.1
2026-05-17 00:32:08,153208.00,3637.74622,N,12727.44725,E,2,12,60.9
2026-05-17 00:32:09,153209.00,3637.74595,N,12727.44789,E,2,12,60.7
2026-05-17 00:32:10,153210.00,3637.74568,N,12727.44849,E,2,12,60.7
2026-05-17 00:32:12,153212.00,3637.74492,N,12727.44975,E,2,12,60.6
2026-05-17 00:32:13,153213.00,3637.74442,N,12727.45034,E,2,12,60.8
2026-05-17 00:32:14,153214.00,3637.74393,N,12727.45094,E,2,12,61.0
2026-05-17 00:32:16,153216.00,3637.74326,N,12727.45224,E,2,12,61.1
2026-05-17 00:32:18,153218.00,3637.74280,N,12727.45347,E,2,12,61.1
2026-05-17 00:32:20,153220.00,3637.74215,N,12727.45479,E,2,12,61.0
2026-05-17 00:32:22,153222.00,3637.74143,N,12727.45607,E,2,12,60.9
2026-05-17 00:32:24,153224.00,3637.74092,N,12727.45739,E,2,12,60.6
2026-05-17 00:32:26,153226.00,3637.74026,N,12727.45860,E,2,12,60.8
2026-05-17 00:32:27,153227.00,3637.73987,N,12727.45917,E,2,12,60.6
2026-05-17 00:32:29,153229.00,3637.73903,N,12727.46043,E,2,12,61.0
2026-05-17 00:32:31,153231.00,3637.73866,N,12727.46178,E,2,12,60.6
2026-05-17 00:32:33,153233.00,3637.73802,N,12727.46301,E,2,12,60.5
2026-05-17 00:32:35,153235.00,3637.73703,N,12727.46418,E,2,12,60.7
2026-05-17 00:32:37,153237.00,3637.73648,N,12727.46548,E,2,12,60.5
2026-05-17 00:32:38,153238.00,3637.73630,N,12727.46607,E,2,12,60.3
2026-05-17 00:32:40,153240.00,3637.73562,N,12727.46716,E,2,12,60.3
2026-05-17 00:32:41,153241.00,3637.73508,N,12727.46769,E,2,12,60.3
2026-05-17 00:32:42,153242.00,3637.73450,N,12727.46820,E,2,12,60.5
2026-05-17 00:32:44,153244.00,3637.73387,N,12727.46960,E,2,12,60.4
2026-05-17 00:32:46,153246.00,3637.73331,N,12727.47080,E,2,12,60.6
2026-05-17 00:32:47,153247.00,3637.73293,N,12727.47145,E,2,12,60.6
2026-05-17 00:32:49,153249.00,3637.73178,N,12727.47260,E,2,12,60.8
2026-05-17 00:32:50,153250.00,3637.73134,N,12727.47319,E,2,12,60.8
2026-05-17 00:32:52,153252.00,3637.73096,N,12727.47433,E,2,12,60.4
2026-05-17 00:32:54,153254.00,3637.73012,N,12727.47523,E,2,12,60.4
2026-05-17 00:32:56,153256.00,3637.72916,N,12727.47658,E,2,12,60.4
2026-05-17 00:32:57,153257.00,3637.72875,N,12727.47726,E,2,12,60.6
2026-05-17 00:32:59,153259.00,3637.72838,N,12727.47857,E,2,12,60.0
2026-05-17 00:33:00,153300.00,3637.72818,N,12727.47917,E,2,12,60.0
2026-05-17 00:33:02,153302.00,3637.72729,N,12727.48030,E,2,12,59.9
2026-05-17 00:33:04,153304.00,3637.72650,N,12727.48147,E,2,12,60.2
2026-05-17 00:33:05,153305.00,3637.72624,N,12727.48221,E,2,12,60.1
2026-05-17 00:33:06,153306.00,3637.72600,N,12727.48291,E,2,12,60.0
2026-05-17 00:33:07,153307.00,3637.72569,N,12727.48350,E,2,12,60.1
2026-05-17 00:33:09,153309.00,3637.72484,N,12727.48470,E,2,12,60.2
2026-05-17 00:33:11,153311.00,3637.72388,N,12727.48596,E,2,12,60.3
2026-05-17 00:33:12,153312.00,3637.72357,N,12727.48665,E,2,12,60.2
2026-05-17 00:33:14,153314.00,3637.72317,N,12727.48800,E,2,12,59.9
2026-05-17 00:33:16,153316.00,3637.72237,N,12727.48910,E,2,12,59.9
2026-05-17 00:33:17,153317.00,3637.72185,N,12727.48971,E,2,12,59.8
2026-05-17 00:33:18,153318.00,3637.72128,N,12727.49037,E,2,12,60.0
2026-05-17 00:33:19,153319.00,3637.72080,N,12727.49102,E,2,12,60.3
2026-05-17 00:33:20,153320.00,3637.72052,N,12727.49164,E,2,12,60.1
2026-05-17 00:33:22,153322.00,3637.72026,N,12727.49286,E,2,12,59.8
2026-05-17 00:33:23,153323.00,3637.71987,N,12727.49337,E,2,12,60.0
2026-05-17 00:33:25,153325.00,3637.71903,N,12727.49463,E,2,12,60.1
2026-05-17 00:33:27,153327.00,3637.71828,N,12727.49601,E,2,12,60.3
2026-05-17 00:33:28,153328.00,3637.71801,N,12727.49672,E,2,12,60.2
2026-05-17 00:33:29,153329.00,3637.71780,N,12727.49736,E,2,12,60.1
2026-05-17 00:33:30,153330.00,3637.71751,N,12727.49794,E,2,12,60.3
2026-05-17 00:33:32,153332.00,3637.71648,N,12727.49915,E,2,12,60.5
2026-05-17 00:33:34,153334.00,3637.71569,N,12727.50052,E,2,12,61.0
2026-05-17 00:33:36,153336.00,3637.71536,N,12727.50189,E,2,12,60.6
2026-05-17 00:33:37,153337.00,3637.71532,N,12727.50256,E,2,12,60.5
2026-05-17 00:33:39,153339.00,3637.71476,N,12727.50391,E,2,12,60.4
2026-05-17 00:33:40,153340.00,3637.71443,N,12727.50463,E,2,12,60.4
2026-05-17 00:33:41,153341.00,3637.71417,N,12727.50541,E,2,12,60.7
2026-05-17 00:33:43,153343.00,3637.71402,N,12727.50698,E,2,12,60.9
2026-05-17 00:33:44,153344.00,3637.71408,N,12727.50782,E,2,12,61.0
2026-05-17 00:33:46,153346.00,3637.71428,N,12727.50904,E,2,12,61.6
2026-05-17 00:33:47,153347.00,3637.71452,N,12727.50980,E,2,12,62.0
2026-05-17 00:33:49,153349.00,3637.71525,N,12727.51110,E,2,12,61.7
2026-05-17 00:33:50,153350.00,3637.71567,N,12727.51171,E,2,12,61.8
2026-05-17 00:33:51,153351.00,3637.71613,N,12727.51212,E,2,12,61.7
2026-05-17 00:33:52,153352.00,3637.71666,N,12727.51243,E,2,12,61.7
2026-05-17 00:33:54,153354.00,3637.71756,N,12727.51338,E,2,12,62.1
2026-05-17 00:33:56,153356.00,3637.71847,N,12727.51464,E,2,12,62.2
2026-05-17 00:33:57,153357.00,3637.71898,N,12727.51520,E,2,12,62.3
2026-05-17 00:33:59,153359.00,3637.71993,N,12727.51597,E,2,12,62.0
2026-05-17 00:34:00,153400.00,3637.72032,N,12727.51637,E,2,12,62.0
2026-05-17 00:34:01,153401.00,3637.72062,N,12727.51700,E,2,12,62.0
2026-05-17 00:34:02,153402.00,3637.72096,N,12727.51757,E,2,12,62.3
2026-05-17 00:34:04,153404.00,3637.72173,N,12727.51834,E,2,12,62.2
2026-05-17 00:34:05,153405.00,3637.72212,N,12727.51889,E,2,12,62.3
2026-05-17 00:34:07,153407.00,3637.72318,N,12727.52009,E,2,12,62.8
2026-05-17 00:34:08,153408.00,3637.72379,N,12727.52045,E,2,12,63.1
2026-05-17 00:34:09,153409.00,3637.72432,N,12727.52063,E,2,12,63.0
2026-05-17 00:34:11,153411.00,3637.72522,N,12727.52137,E,2,12,63.2
2026-05-17 00:34:12,153412.00,3637.72561,N,12727.52192,E,2,12,63.2
2026-05-17 00:34:14,153414.00,3637.72602,N,12727.52332,E,2,12,62.7
2026-05-17 00:34:15,153415.00,3637.72599,N,12727.52393,E,2,12,62.7
2026-05-17 00:34:17,153417.00,3637.72560,N,12727.52540,E,2,12,62.6
2026-05-17 00:34:19,153419.00,3637.72577,N,12727.52666,E,2,12,62.5
2026-05-17 00:34:20,153420.00,3637.72601,N,12727.52721,E,2,12,62.6
2026-05-17 00:34:21,153421.00,3637.72633,N,12727.52786,E,2,12,62.8
2026-05-17 00:34:23,153423.00,3637.72706,N,12727.52927,E,2,12,63.0
2026-05-17 00:34:24,153424.00,3637.72752,N,12727.52980,E,2,12,63.2
2026-05-17 00:34:26,153426.00,3637.72830,N,12727.53051,E,2,12,63.1
2026-05-17 00:34:27,153427.00,3637.72864,N,12727.53081,E,2,12,63.0
2026-05-17 00:34:28,153428.00,3637.72906,N,12727.53123,E,2,12,62.9
2026-05-17 00:34:29,153429.00,3637.72955,N,12727.53170,E,2,12,62.9
2026-05-17 00:34:31,153431.00,3637.73039,N,12727.53248,E,2,12,63.2
2026-05-17 00:34:33,153433.00,3637.73141,N,12727.53331,E,2,12,63.4
2026-05-17 00:34:35,153435.00,3637.73244,N,12727.53383,E,2,12,63.6
2026-05-17 00:34:36,153436.00,3637.73291,N,12727.53427,E,2,12,63.7
2026-05-17 00:34:38,153438.00,3637.73411,N,12727.53533,E,2,12,63.9
2026-05-17 00:34:39,153439.00,3637.73469,N,12727.53578,E,2,12,64.1
2026-05-17 00:34:41,153441.00,3637.73563,N,12727.53616,E,2,12,64.4
2026-05-17 00:34:43,153443.00,3637.73666,N,12727.53704,E,2,12,64.6
2026-05-17 00:34:45,153445.00,3637.73786,N,12727.53758,E,2,12,64.8
2026-05-17 00:34:46,153446.00,3637.73845,N,12727.53765,E,2,12,64.7
2026-05-17 00:34:47,153447.00,3637.73898,N,12727.53780,E,2,12,64.7
2026-05-17 00:34:48,153448.00,3637.73947,N,12727.53798,E,2,12,64.9
2026-05-17 00:34:50,153450.00,3637.74062,N,12727.53837,E,2,12,65.2
2026-05-17 00:34:51,153451.00,3637.74119,N,12727.53860,E,2,12,65.2
2026-05-17 00:34:52,153452.00,3637.74170,N,12727.53882,E,2,12,65.0
2026-05-17 00:34:54,153454.00,3637.74248,N,12727.53966,E,2,12,65.4
2026-05-17 00:34:56,153456.00,3637.74357,N,12727.54082,E,2,12,65.7
2026-05-17 00:34:57,153457.00,3637.74411,N,12727.54104,E,2,12,65.8
2026-05-17 00:34:59,153459.00,3637.74491,N,12727.54174,E,2,12,66.0
2026-05-17 00:35:01,153501.00,3637.74576,N,12727.54261,E,2,12,65.8
2026-05-17 00:35:03,153503.00,3637.74674,N,12727.54351,E,2,12,65.9
2026-05-17 00:35:04,153504.00,3637.74705,N,12727.54399,E,2,12,66.2
2026-05-17 00:35:06,153506.00,3637.74776,N,12727.54521,E,2,12,66.5
2026-05-17 00:35:07,153507.00,3637.74837,N,12727.54560,E,2,12,66.7
2026-05-17 00:35:08,153508.00,3637.74886,N,12727.54597,E,2,12,66.7
2026-05-17 00:35:10,153510.00,3637.74950,N,12727.54685,E,2,12,66.6
2026-05-17 00:35:11,153511.00,3637.74975,N,12727.54756,E,2,12,66.6
2026-05-17 00:35:12,153512.00,3637.75019,N,12727.54801,E,2,12,66.7
2026-05-17 00:35:14,153514.00,3637.75095,N,12727.54879,E,2,12,66.6
2026-05-17 00:35:15,153515.00,3637.75133,N,12727.54933,E,2,12,66.9
2026-05-17 00:35:17,153517.00,3637.75223,N,12727.55041,E,2,12,67.3
2026-05-17 00:35:18,153518.00,3637.75268,N,12727.55064,E,2,12,67.3
2026-05-17 00:35:20,153520.00,3637.75340,N,12727.55146,E,2,12,67.8
2026-05-17 00:35:21,153521.00,3637.75389,N,12727.55169,E,2,12,67.9
2026-05-17 00:35:23,153523.00,3637.75474,N,12727.55253,E,2,12,68.1
2026-05-17 00:35:24,153524.00,3637.75505,N,12727.55324,E,2,12,68.3
2026-05-17 00:35:26,153526.00,3637.75567,N,12727.55417,E,2,12,68.0
2026-05-17 00:35:28,153528.00,3637.75618,N,12727.55577,E,2,12,68.4
2026-05-17 00:35:29,153529.00,3637.75650,N,12727.55648,E,2,12,68.8
2026-05-17 00:35:30,153530.00,3637.75688,N,12727.55681,E,2,12,68.8
2026-05-17 00:35:32,153532.00,3637.75751,N,12727.55780,E,2,12,68.9
2026-05-17 00:35:33,153533.00,3637.75788,N,12727.55844,E,2,12,69.3
2026-05-17 00:35:35,153535.00,3637.75850,N,12727.55954,E,2,12,69.2
2026-05-17 00:35:36,153536.00,3637.75877,N,12727.56017,E,2,12,69.0
2026-05-17 00:35:38,153538.00,3637.75930,N,12727.56155,E,2,12,69.1
2026-05-17 00:35:39,153539.00,3637.75968,N,12727.56194,E,2,12,68.8
2026-05-17 00:35:41,153541.00,3637.76019,N,12727.56312,E,2,12,69.0
2026-05-17 00:35:43,153543.00,3637.76094,N,12727.56460,E,2,12,68.9
2026-05-17 00:35:44,153544.00,3637.76131,N,12727.56521,E,2,12,68.8
2026-05-17 00:35:45,153545.00,3637.76162,N,12727.56573,E,2,12,68.8
2026-05-17 00:35:47,153547.00,3637.76197,N,12727.56732,E,2,12,69.2
2026-05-17 00:35:49,153549.00,3637.76230,N,12727.56826,E,2,12,69.0
2026-05-17 00:35:50,153550.00,3637.76239,N,12727.56875,E,2,12,68.9
2026-05-17 00:35:52,153552.00,3637.76283,N,12727.56962,E,2,12,68.8
2026-05-17 00:35:54,153554.00,3637.76309,N,12727.57052,E,2,12,68.5
2026-05-17 00:35:55,153555.00,3637.76315,N,12727.57091,E,2,12,68.3
2026-05-17 00:35:56,153556.00,3637.76316,N,12727.57147,E,2,12,68.4
2026-05-17 00:35:58,153558.00,3637.76336,N,12727.57257,E,2,12,67.7
2026-05-17 00:36:00,153600.00,3637.76360,N,12727.57386,E,2,12,67.8
2026-05-17 00:36:02,153602.00,3637.76375,N,12727.57510,E,2,12,67.7
2026-05-17 00:36:03,153603.00,3637.76376,N,12727.57580,E,2,12,67.6
2026-05-17 00:36:04,153604.00,3637.76390,N,12727.57652,E,2,12,67.7
2026-05-17 00:36:06,153606.00,3637.76433,N,12727.57793,E,2,12,67.7
2026-05-17 00:36:08,153608.00,3637.76475,N,12727.57936,E,2,12,68.2
2026-05-17 00:36:09,153609.00,3637.76498,N,12727.58020,E,2,12,68.3
2026-05-17 00:36:11,153611.00,3637.76585,N,12727.58180,E,2,12,68.8
2026-05-17 00:36:13,153613.00,3637.76671,N,12727.58268,E,2,12,68.6
2026-05-17 00:36:15,153615.00,3637.76759,N,12727.58382,E,2,12,68.8
2026-05-17 00:36:16,153616.00,3637.76816,N,12727.58411,E,2,12,68.8
2026-05-17 00:36:18,153618.00,3637.76927,N,12727.58457,E,2,12,68.7
2026-05-17 00:36:20,153620.00,3637.77037,N,12727.58518,E,2,12,69.2
2026-05-17 00:36:22,153622.00,3637.77162,N,12727.58563,E,2,12,69.1
2026-05-17 00:36:24,153624.00,3637.77221,N,12727.58558,E,2,12,69.6
2026-05-17 00:36:26,153626.00,3637.77236,N,12727.58572,E,2,12,70.4
2026-05-17 00:36:27,153627.00,3637.77245,N,12727.58579,E,2,12,70.6
2026-05-17 00:36:29,153629.00,3637.77322,N,12727.58591,E,2,12,70.8
2026-05-17 00:36:30,153630.00,3637.77383,N,12727.58605,E,2,12,70.9
2026-05-17 00:36:31,153631.00,3637.77457,N,12727.58623,E,2,12,71.0
2026-05-17 00:36:33,153633.00,3637.77596,N,12727.58613,E,2,12,71.4
2026-05-17 00:36:35,153635.00,3637.77714,N,12727.58631,E,2,12,72.1
2026-05-17 00:36:37,153637.00,3637.77848,N,12727.58687,E,2,12,72.4
2026-05-17 00:36:38,153638.00,3637.77905,N,12727.58692,E,2,12,72.4
2026-05-17 00:36:40,153640.00,3637.77997,N,12727.58692,E,2,12,72.6
2026-05-17 00:36:41,153641.00,3637.78051,N,12727.58715,E,2,12,72.5
2026-05-17 00:36:43,153643.00,3637.78177,N,12727.58761,E,2,12,72.5
2026-05-17 00:36:45,153645.00,3637.78290,N,12727.58796,E,2,12,72.5
2026-05-17 00:36:46,153646.00,3637.78340,N,12727.58822,E,2,12,72.7
2026-05-17 00:36:47,153647.00,3637.78393,N,12727.58863,E,2,12,72.5
2026-05-17 00:36:49,153649.00,3637.78507,N,12727.58930,E,2,12,72.9
2026-05-17 00:36:51,153651.00,3637.78601,N,12727.58948,E,2,12,72.8
2026-05-17 00:36:52,153652.00,3637.78660,N,12727.58975,E,2,12,72.8
2026-05-17 00:36:54,153654.00,3637.78797,N,12727.59046,E,2,12,73.3
2026-05-17 00:36:55,153655.00,3637.78859,N,12727.59062,E,2,12,73.4
2026-05-17 00:36:57,153657.00,3637.78982,N,12727.59104,E,2,12,73.8
2026-05-17 00:36:58,153658.00,3637.79051,N,12727.59127,E,2,12,73.9
2026-05-17 00:36:59,153659.00,3637.79111,N,12727.59146,E,2,12,73.9
2026-05-17 00:37:00,153700.00,3637.79170,N,12727.59167,E,2,12,73.9
2026-05-17 00:37:02,153702.00,3637.79273,N,12727.59192,E,2,12,74.0
2026-05-17 00:37:04,153704.00,3637.79386,N,12727.59219,E,2,12,73.9
2026-05-17 00:37:05,153705.00,3637.79460,N,12727.59234,E,2,12,73.8
2026-05-17 00:37:07,153707.00,3637.79599,N,12727.59264,E,2,12,74.0
2026-05-17 00:37:09,153709.00,3637.79701,N,12727.59273,E,2,12,74.4
2026-05-17 00:37:11,153711.00,3637.79833,N,12727.59315,E,2,12,74.2
2026-05-17 00:37:13,153713.00,3637.79977,N,12727.59326,E,2,12,74.1
2026-05-17 00:37:15,153715.00,3637.80113,N,12727.59312,E,2,12,73.8
2026-05-17 00:37:17,153717.00,3637.80239,N,12727.59342,E,2,12,74.4
2026-05-17 00:37:18,153718.00,3637.80310,N,12727.59363,E,2,12,74.5
2026-05-17 00:37:19,153719.00,3637.80374,N,12727.59363,E,2,12,74.5
2026-05-17 00:37:21,153721.00,3637.80482,N,12727.59367,E,2,12,74.3
2026-05-17 00:37:23,153723.00,3637.80609,N,12727.59425,E,2,12,74.3
2026-05-17 00:37:24,153724.00,3637.80675,N,12727.59455,E,2,12,74.6
2026-05-17 00:37:25,153725.00,3637.80733,N,12727.59460,E,2,12,74.5
2026-05-17 00:37:26,153726.00,3637.80786,N,12727.59457,E,2,12,74.5
2026-05-17 00:37:28,153728.00,3637.80899,N,12727.59435,E,2,12,74.5
2026-05-17 00:37:29,153729.00,3637.80954,N,12727.59457,E,2,12,74.5
2026-05-17 00:37:30,153730.00,3637.81010,N,12727.59470,E,2,12,74.6
2026-05-17 00:37:32,153732.00,3637.81121,N,12727.59460,E,2,12,74.8
2026-05-17 00:37:33,153733.00,3637.81176,N,12727.59472,E,2,12,75.1
2026-05-17 00:37:34,153734.00,3637.81235,N,12727.59487,E,2,12,75.2
2026-05-17 00:37:36,153736.00,3637.81357,N,12727.59493,E,2,12,75.4
2026-05-17 00:37:37,153737.00,3637.81411,N,12727.59500,E,2,12,75.4
2026-05-17 00:37:39,153739.00,3637.81533,N,12727.59541,E,2,12,75.6
2026-05-17 00:37:41,153741.00,3637.81657,N,12727.59575,E,2,12,75.9
2026-05-17 00:37:42,153742.00,3637.81710,N,12727.59594,E,2,12,75.6
2026-05-17 00:37:44,153744.00,3637.81830,N,12727.59639,E,2,12,75.9
2026-05-17 00:37:45,153745.00,3637.81885,N,12727.59686,E,2,12,75.8
2026-05-17 00:37:47,153747.00,3637.81971,N,12727.59830,E,2,12,76.0
2026-05-17 00:37:49,153749.00,3637.82042,N,12727.59950,E,2,12,75.7
2026-05-17 00:37:50,153750.00,3637.82061,N,12727.60011,E,2,12,75.6
2026-05-17 00:37:52,153752.00,3637.82065,N,12727.60184,E,2,12,75.4
2026-05-17 00:37:53,153753.00,3637.82059,N,12727.60289,E,2,12,75.6
2026-05-17 00:37:55,153755.00,3637.82069,N,12727.60471,E,2,12,75.8
2026-05-17 00:37:56,153756.00,3637.82091,N,12727.60542,E,2,12,75.7
2026-05-17 00:37:58,153758.00,3637.82126,N,12727.60671,E,2,12,75.7
2026-05-17 00:37:59,153759.00,3637.82132,N,12727.60746,E,2,12,75.8
2026-05-17 00:38:01,153801.00,3637.82129,N,12727.60896,E,2,12,75.4
2026-05-17 00:38:02,153802.00,3637.82125,N,12727.60973,E,2,12,75.4
2026-05-17 00:38:04,153804.00,3637.82141,N,12727.61106,E,2,12,75.1
2026-05-17 00:38:05,153805.00,3637.82145,N,12727.61171,E,2,12,75.2
2026-05-17 00:38:06,153806.00,3637.82138,N,12727.61247,E,2,12,75.3
2026-05-17 00:38:08,153808.00,3637.82113,N,12727.61419,E,2,12,75.4
2026-05-17 00:38:10,153810.00,3637.82121,N,12727.61568,E,2,12,75.2
2026-05-17 00:38:12,153812.00,3637.82108,N,12727.61711,E,2,12,75.1
2026-05-17 00:38:13,153813.00,3637.82118,N,12727.61773,E,2,12,75.0
2026-05-17 00:38:15,153815.00,3637.82192,N,12727.61864,E,2,12,74.0
2026-05-17 00:38:17,153817.00,3637.82285,N,12727.61953,E,2,12,74.3
2026-05-17 00:38:18,153818.00,3637.82353,N,12727.61999,E,2,12,74.3
2026-05-17 00:38:20,153820.00,3637.82491,N,12727.62055,E,2,12,74.1
2026-05-17 00:38:22,153822.00,3637.82591,N,12727.62080,E,2,12,73.7
2026-05-17 00:38:23,153823.00,3637.82641,N,12727.62106,E,2,12,73.4
2026-05-17 00:38:25,153825.00,3637.82767,N,12727.62141,E,2,12,73.5
2026-05-17 00:38:26,153826.00,3637.82828,N,12727.62157,E,2,12,73.5
2026-05-17 00:38:28,153828.00,3637.82915,N,12727.62180,E,2,12,75.0
2026-05-17 00:38:30,153830.00,3637.82914,N,12727.62175,E,2,12,75.4
2026-05-17 00:38:31,153831.00,3637.82914,N,12727.62172,E,2,12,75.4
2026-05-17 00:38:32,153832.00,3637.82916,N,12727.62174,E,2,12,75.3
2026-05-17 00:38:34,153834.00,3637.82912,N,12727.62173,E,2,12,75.3
2026-05-17 00:38:35,153835.00,3637.82910,N,12727.62173,E,2,12,75.4
2026-05-17 00:38:37,153837.00,3637.82911,N,12727.62177,E,2,12,75.4
2026-05-17 00:38:38,153838.00,3637.82919,N,12727.62184,E,2,12,75.2
2026-05-17 00:38:40,153840.00,3637.82992,N,12727.62221,E,2,12,75.2
2026-05-17 00:38:41,153841.00,3637.83050,N,12727.62245,E,2,12,75.2
2026-05-17 00:38:42,153842.00,3637.83111,N,12727.62274,E,2,12,75.3
2026-05-17 00:38:44,153844.00,3637.83223,N,12727.62328,E,2,12,75.5
2026-05-17 00:38:46,153846.00,3637.83332,N,12727.62383,E,2,12,75.6
2026-05-17 00:38:48,153848.00,3637.83397,N,12727.62501,E,2,12,75.1
2026-05-17 00:38:50,153850.00,3637.83456,N,12727.62580,E,2,12,74.5
2026-05-17 00:38:52,153852.00,3637.83546,N,12727.62675,E,2,12,74.7
2026-05-17 00:38:54,153854.00,3637.83631,N,12727.62780,E,2,12,75.1
2026-05-17 00:38:55,153855.00,3637.83668,N,12727.62844,E,2,12,75.2
2026-05-17 00:38:57,153857.00,3637.83745,N,12727.63002,E,2,12,75.4
2026-05-17 00:38:58,153858.00,3637.83787,N,12727.63076,E,2,12,75.6
2026-05-17 00:38:59,153859.00,3637.83826,N,12727.63143,E,2,12,75.7
2026-05-17 00:39:00,153900.00,3637.83888,N,12727.63184,E,2,12,75.6
2026-05-17 00:39:02,153902.00,3637.83984,N,12727.63264,E,2,12,75.4
2026-05-17 00:39:03,153903.00,3637.84021,N,12727.63319,E,2,12,75.4
2026-05-17 00:39:04,153904.00,3637.84058,N,12727.63381,E,2,12,75.3
2026-05-17 00:39:06,153906.00,3637.84129,N,12727.63526,E,2,12,75.4
2026-05-17 00:39:07,153907.00,3637.84172,N,12727.63600,E,2,12,75.5
2026-05-17 00:39:09,153909.00,3637.84268,N,12727.63710,E,2,12,75.2
2026-05-17 00:39:10,153910.00,3637.84319,N,12727.63755,E,2,12,75.3
2026-05-17 00:39:11,153911.00,3637.84359,N,12727.63801,E,2,12,75.4
2026-05-17 00:39:13,153913.00,3637.84409,N,12727.63884,E,2,12,75.2
2026-05-17 00:39:15,153915.00,3637.84460,N,12727.63950,E,2,12,74.5
2026-05-17 00:39:17,153917.00,3637.84533,N,12727.64017,E,2,12,74.0
2026-05-17 00:39:19,153919.00,3637.84608,N,12727.64091,E,2,12,73.6
2026-05-17 00:39:20,153920.00,3637.84639,N,12727.64118,E,2,12,73.3
2026-05-17 00:39:22,153922.00,3637.84687,N,12727.64157,E,2,12,72.5
2026-05-17 00:39:23,153923.00,3637.84704,N,12727.64196,E,2,12,71.8
2026-05-17 00:39:24,153924.00,3637.84737,N,12727.64243,E,2,12,71.6
2026-05-17 00:39:26,153926.00,3637.84806,N,12727.64316,E,2,12,71.1
2026-05-17 00:39:28,153928.00,3637.84831,N,12727.64395,E,2,12,69.8
2026-05-17 00:39:29,153929.00,3637.84840,N,12727.64460,E,2,12,69.7
2026-05-17 00:39:31,153931.00,3637.84823,N,12727.64566,E,2,12,69.7
2026-05-17 00:39:33,153933.00,3637.84753,N,12727.64720,E,2,12,70.1
2026-05-17 00:39:35,153935.00,3637.84751,N,12727.64858,E,2,12,70.7
2026-05-17 00:39:37,153937.00,3637.84742,N,12727.64996,E,2,12,71.3
2026-05-17 00:39:39,153939.00,3637.84700,N,12727.65140,E,2,12,71.9
2026-05-17 00:39:41,153941.00,3637.84680,N,12727.65271,E,2,12,72.0
2026-05-17 00:39:42,153942.00,3637.84673,N,12727.65315,E,2,12,71.7
2026-05-17 00:39:44,153944.00,3637.84646,N,12727.65422,E,2,12,71.4
2026-05-17 00:39:45,153945.00,3637.84623,N,12727.65490,E,2,12,71.5
2026-05-17 00:39:47,153947.00,3637.84589,N,12727.65614,E,2,12,70.9
2026-05-17 00:39:49,153949.00,3637.84596,N,12727.65743,E,2,12,71.7
2026-05-17 00:39:50,153950.00,3637.84578,N,12727.65816,E,2,12,71.6
2026-05-17 00:39:52,153952.00,3637.84562,N,12727.66001,E,2,12,72.4
2026-05-17 00:39:53,153953.00,3637.84562,N,12727.66080,E,2,12,72.5
2026-05-17 00:39:55,153955.00,3637.84586,N,12727.66200,E,2,12,71.8
2026-05-17 00:39:56,153956.00,3637.84587,N,12727.66265,E,2,12,71.9
2026-05-17 00:39:57,153957.00,3637.84584,N,12727.66344,E,2,12,71.9
2026-05-17 00:39:59,153959.00,3637.84619,N,12727.66496,E,2,12,73.1
2026-05-17 00:40:00,154000.00,3637.84633,N,12727.66578,E,2,12,73.2
2026-05-17 00:40:02,154002.00,3637.84667,N,12727.66697,E,2,12,72.3
2026-05-17 00:40:03,154003.00,3637.84682,N,12727.66778,E,2,12,72.0
2026-05-17 00:40:05,154005.00,3637.84710,N,12727.66986,E,2,12,72.3
2026-05-17 00:40:07,154007.00,3637.84762,N,12727.67170,E,2,12,72.3
2026-05-17 00:40:08,154008.00,3637.84765,N,12727.67253,E,2,12,71.9
2026-05-17 00:40:10,154010.00,3637.84813,N,12727.67452,E,2,12,72.4
2026-05-17 00:40:11,154011.00,3637.84822,N,12727.67540,E,2,12,72.3
2026-05-17 00:40:12,154012.00,3637.84824,N,12727.67621,E,2,12,71.9
2026-05-17 00:40:14,154014.00,3637.84842,N,12727.67815,E,2,12,71.0
2026-05-17 00:40:16,154016.00,3637.84863,N,12727.68022,E,2,12,71.4
2026-05-17 00:40:17,154017.00,3637.84875,N,12727.68118,E,2,12,71.6
2026-05-17 00:40:19,154019.00,3637.84881,N,12727.68288,E,2,12,71.2
2026-05-17 00:40:20,154020.00,3637.84847,N,12727.68347,E,2,12,71.1
2026-05-17 00:40:21,154021.00,3637.84792,N,12727.68386,E,2,12,71.1
2026-05-17 00:40:23,154023.00,3637.84654,N,12727.68446,E,2,12,71.3
2026-05-17 00:40:24,154024.00,3637.84585,N,12727.68466,E,2,12,71.3
2026-05-17 00:40:26,154026.00,3637.84433,N,12727.68521,E,2,12,71.9
2026-05-17 00:40:27,154027.00,3637.84365,N,12727.68550,E,2,12,72.2
2026-05-17 00:40:29,154029.00,3637.84257,N,12727.68606,E,2,12,71.8
2026-05-17 00:40:30,154030.00,3637.84209,N,12727.68633,E,2,12,71.5
2026-05-17 00:40:32,154032.00,3637.84098,N,12727.68662,E,2,12,71.1
2026-05-17 00:40:34,154034.00,3637.83951,N,12727.68678,E,2,12,70.8
2026-05-17 00:40:35,154035.00,3637.83878,N,12727.68702,E,2,12,70.8
2026-05-17 00:40:37,154037.00,3637.83755,N,12727.68761,E,2,12,70.5
2026-05-17 00:40:38,154038.00,3637.83704,N,12727.68796,E,2,12,70.2
2026-05-17 00:40:39,154039.00,3637.83643,N,12727.68819,E,2,12,70.2
2026-05-17 00:40:41,154041.00,3637.83495,N,12727.68834,E,2,12,69.5
2026-05-17 00:40:42,154042.00,3637.83411,N,12727.68832,E,2,12,69.4
2026-05-17 00:40:44,154044.00,3637.83271,N,12727.68874,E,2,12,69.1
2026-05-17 00:40:46,154046.00,3637.83169,N,12727.68942,E,2,12,69.0
2026-05-17 00:40:47,154047.00,3637.83111,N,12727.68973,E,2,12,68.9
2026-05-17 00:40:48,154048.00,3637.83041,N,12727.68979,E,2,12,68.8
2026-05-17 00:40:50,154050.00,3637.82922,N,12727.68998,E,2,12,68.5
2026-05-17 00:40:51,154051.00,3637.82869,N,12727.69041,E,2,12,68.4
2026-05-17 00:40:53,154053.00,3637.82755,N,12727.69114,E,2,12,68.3
2026-05-17 00:40:54,154054.00,3637.82691,N,12727.69132,E,2,12,68.4
2026-05-17 00:40:56,154056.00,3637.82553,N,12727.69169,E,2,12,68.4
2026-05-17 00:40:57,154057.00,3637.82484,N,12727.69196,E,2,12,68.5
2026-05-17 00:40:59,154059.00,3637.82374,N,12727.69251,E,2,12,68.1
2026-05-17 00:41:00,154100.00,3637.82323,N,12727.69272,E,2,12,68.2
2026-05-17 00:41:02,154102.00,3637.82233,N,12727.69309,E,2,12,68.4
2026-05-17 00:41:03,154103.00,3637.82219,N,12727.69332,E,2,12,68.5
2026-05-17 00:41:05,154105.00,3637.82213,N,12727.69356,E,2,12,69.0
2026-05-17 00:41:07,154107.00,3637.82213,N,12727.69360,E,2,12,69.3
2026-05-17 00:41:09,154109.00,3637.82200,N,12727.69400,E,2,12,70.2
2026-05-17 00:41:10,154110.00,3637.82194,N,12727.69415,E,2,12,70.6
2026-05-17 00:41:12,154112.00,3637.82189,N,12727.69430,E,2,12,71.0
2026-05-17 00:41:14,154114.00,3637.82177,N,12727.69446,E,2,12,71.4
2026-05-17 00:41:16,154116.00,3637.82170,N,12727.69457,E,2,12,71.8
2026-05-17 00:41:18,154118.00,3637.82164,N,12727.69465,E,2,12,72.0
2026-05-17 00:41:19,154119.00,3637.82161,N,12727.69469,E,2,12,72.2
2026-05-17 00:41:21,154121.00,3637.82149,N,12727.69471,E,2,12,72.2
2026-05-17 00:41:22,154122.00,3637.82128,N,12727.69473,E,2,12,72.1
2026-05-17 00:41:24,154124.00,3637.82032,N,12727.69499,E,2,12,71.7
2026-05-17 00:41:25,154125.00,3637.81976,N,12727.69515,E,2,12,71.8
2026-05-17 00:41:27,154127.00,3637.81851,N,12727.69540,E,2,12,71.8
2026-05-17 00:41:29,154129.00,3637.81705,N,12727.69578,E,2,12,72.2
2026-05-17 00:41:31,154131.00,3637.81583,N,12727.69636,E,2,12,72.2
2026-05-17 00:41:32,154132.00,3637.81540,N,12727.69660,E,2,12,72.1
2026-05-17 00:41:33,154133.00,3637.81486,N,12727.69672,E,2,12,72.1
2026-05-17 00:41:34,154134.00,3637.81421,N,12727.69695,E,2,12,72.0
2026-05-17 00:41:36,154136.00,3637.81286,N,12727.69727,E,2,12,72.0
2026-05-17 00:41:38,154138.00,3637.81179,N,12727.69756,E,2,12,71.7
2026-05-17 00:41:40,154140.00,3637.81081,N,12727.69807,E,2,12,71.7
2026-05-17 00:41:41,154141.00,3637.81015,N,12727.69822,E,2,12,71.9
2026-05-17 00:41:43,154143.00,3637.80874,N,12727.69862,E,2,12,72.0
2026-05-17 00:41:45,154145.00,3637.80756,N,12727.69930,E,2,12,72.4
2026-05-17 00:41:47,154147.00,3637.80654,N,12727.69974,E,2,12,72.4
2026-05-17 00:41:49,154149.00,3637.80541,N,12727.70011,E,2,12,72.5
2026-05-17 00:41:50,154150.00,3637.80490,N,12727.70039,E,2,12,72.7
2026-05-17 00:41:52,154152.00,3637.80382,N,12727.70082,E,2,12,72.5
2026-05-17 00:41:53,154153.00,3637.80311,N,12727.70101,E,2,12,72.9
2026-05-17 00:41:54,154154.00,3637.80246,N,12727.70115,E,2,12,73.0
2026-05-17 00:41:56,154156.00,3637.80111,N,12727.70143,E,2,12,73.2
2026-05-17 00:41:57,154157.00,3637.80054,N,12727.70169,E,2,12,73.2
2026-05-17 00:41:59,154159.00,3637.79949,N,12727.70197,E,2,12,73.4
2026-05-17 00:42:00,154200.00,3637.79889,N,12727.70209,E,2,12,73.2
2026-05-17 00:42:02,154202.00,3637.79756,N,12727.70236,E,2,12,74.4
2026-05-17 00:42:04,154204.00,3637.79660,N,12727.70294,E,2,12,73.8
2026-05-17 00:42:05,154205.00,3637.79605,N,12727.70320,E,2,12,74.0
2026-05-17 00:42:07,154207.00,3637.79495,N,12727.70361,E,2,12,73.6
2026-05-17 00:42:09,154209.00,3637.79407,N,12727.70388,E,2,12,73.4
2026-05-17 00:42:11,154211.00,3637.79297,N,12727.70401,E,2,12,73.3
2026-05-17 00:42:12,154212.00,3637.79231,N,12727.70428,E,2,12,73.5
2026-05-17 00:42:13,154213.00,3637.79190,N,12727.70453,E,2,12,73.2
2026-05-17 00:42:14,154214.00,3637.79144,N,12727.70478,E,2,12,73.2
2026-05-17 00:42:15,154215.00,3637.79093,N,12727.70491,E,2,12,73.2
2026-05-17 00:42:16,154216.00,3637.79042,N,12727.70498,E,2,12,73.0
2026-05-17 00:42:18,154218.00,3637.78940,N,12727.70534,E,2,12,72.9
2026-05-17 00:42:20,154220.00,3637.78822,N,12727.70574,E,2,12,73.3
2026-05-17 00:42:21,154221.00,3637.78755,N,12727.70576,E,2,12,73.7
2026-05-17 00:42:22,154222.00,3637.78696,N,12727.70604,E,2,12,74.0
2026-05-17 00:42:23,154223.00,3637.78649,N,12727.70631,E,2,12,73.8
2026-05-17 00:42:25,154225.00,3637.78540,N,12727.70664,E,2,12,73.7
2026-05-17 00:42:26,154226.00,3637.78464,N,12727.70680,E,2,12,74.0
2026-05-17 00:42:28,154228.00,3637.78346,N,12727.70729,E,2,12,74.4
2026-05-17 00:42:29,154229.00,3637.78282,N,12727.70733,E,2,12,74.9
2026-05-17 00:42:31,154231.00,3637.78159,N,12727.70743,E,2,12,74.6
2026-05-17 00:42:32,154232.00,3637.78099,N,12727.70753,E,2,12,74.9
2026-05-17 00:42:34,154234.00,3637.78005,N,12727.70788,E,2,12,74.9
2026-05-17 00:42:35,154235.00,3637.77949,N,12727.70793,E,2,12,75.2
2026-05-17 00:42:37,154237.00,3637.77819,N,12727.70816,E,2,12,74.7
2026-05-17 00:42:38,154238.00,3637.77762,N,12727.70840,E,2,12,74.5
2026-05-17 00:42:40,154240.00,3637.77657,N,12727.70884,E,2,12,74.5
2026-05-17 00:42:42,154242.00,3637.77520,N,12727.70894,E,2,12,74.9
2026-05-17 00:42:43,154243.00,3637.77458,N,12727.70919,E,2,12,75.0
2026-05-17 00:42:44,154244.00,3637.77412,N,12727.70946,E,2,12,74.9
2026-05-17 00:42:45,154245.00,3637.77366,N,12727.70962,E,2,12,74.8
2026-05-17 00:42:46,154246.00,3637.77307,N,12727.70968,E,2,12,74.8
2026-05-17 00:42:48,154248.00,3637.77157,N,12727.70979,E,2,12,75.0
2026-05-17 00:42:49,154249.00,3637.77099,N,12727.70993,E,2,12,74.9
2026-05-17 00:42:51,154251.00,3637.76999,N,12727.71006,E,2,12,74.5
2026-05-17 00:42:53,154253.00,3637.76862,N,12727.71033,E,2,12,74.5
2026-05-17 00:42:55,154255.00,3637.76730,N,12727.71069,E,2,12,74.3
2026-05-17 00:42:56,154256.00,3637.76671,N,12727.71108,E,2,12,74.4
2026-05-17 00:42:58,154258.00,3637.76563,N,12727.71160,E,2,12,74.1
2026-05-17 00:43:00,154300.00,3637.76439,N,12727.71185,E,2,12,74.0
2026-05-17 00:43:01,154301.00,3637.76370,N,12727.71198,E,2,12,74.0
2026-05-17 00:43:02,154302.00,3637.76310,N,12727.71223,E,2,12,73.8
2026-05-17 00:43:04,154304.00,3637.76210,N,12727.71277,E,2,12,73.8
2026-05-17 00:43:06,154306.00,3637.76099,N,12727.71312,E,2,12,73.6
2026-05-17 00:43:08,154308.00,3637.75967,N,12727.71339,E,2,12,72.9
2026-05-17 00:43:09,154309.00,3637.75906,N,12727.71362,E,2,12,73.0
2026-05-17 00:43:10,154310.00,3637.75846,N,12727.71388,E,2,12,73.1
2026-05-17 00:43:12,154312.00,3637.75737,N,12727.71421,E,2,12,73.5
2026-05-17 00:43:14,154314.00,3637.75597,N,12727.71456,E,2,12,73.3
2026-05-17 00:43:15,154315.00,3637.75536,N,12727.71462,E,2,12,73.1
2026-05-17 00:43:17,154317.00,3637.75434,N,12727.71529,E,2,12,72.6
2026-05-17 00:43:19,154319.00,3637.75327,N,12727.71571,E,2,12,72.3
2026-05-17 00:43:20,154320.00,3637.75259,N,12727.71574,E,2,12,72.0
2026-05-17 00:43:21,154321.00,3637.75185,N,12727.71584,E,2,12,71.9
2026-05-17 00:43:23,154323.00,3637.75061,N,12727.71613,E,2,12,71.8
2026-05-17 00:43:24,154324.00,3637.75021,N,12727.71638,E,2,12,71.4
2026-05-17 00:43:25,154325.00,3637.74976,N,12727.71669,E,2,12,71.4
2026-05-17 00:43:27,154327.00,3637.74847,N,12727.71713,E,2,12,71.2
2026-05-17 00:43:28,154328.00,3637.74791,N,12727.71733,E,2,12,71.3
2026-05-17 00:43:29,154329.00,3637.74721,N,12727.71840,E,2,12,73.1
2026-05-17 00:43:31,154331.00,3637.74603,N,12727.71934,E,2,12,73.8
2026-05-17 00:43:33,154333.00,3637.74484,N,12727.71979,E,2,12,74.6
2026-05-17 00:43:35,154335.00,3637.74340,N,12727.72002,E,2,12,74.7
2026-05-17 00:43:37,154337.00,3637.74213,N,12727.72065,E,2,12,74.8
2026-05-17 00:43:39,154339.00,3637.74111,N,12727.72110,E,2,12,74.7
2026-05-17 00:43:41,154341.00,3637.73994,N,12727.72149,E,2,12,74.6
2026-05-17 00:43:43,154343.00,3637.73853,N,12727.72190,E,2,12,74.4
2026-05-17 00:43:44,154344.00,3637.73787,N,12727.72213,E,2,12,74.9
2026-05-17 00:43:46,154346.00,3637.73665,N,12727.72263,E,2,12,74.8
2026-05-17 00:43:48,154348.00,3637.73563,N,12727.72321,E,2,12,75.0
2026-05-17 00:43:49,154349.00,3637.73486,N,12727.72329,E,2,12,75.3
2026-05-17 00:43:50,154350.00,3637.73400,N,12727.72318,E,2,12,75.3
2026-05-17 00:43:52,154352.00,3637.73225,N,12727.72363,E,2,12,75.9
2026-05-17 00:43:53,154353.00,3637.73149,N,12727.72399,E,2,12,75.9
2026-05-17 00:43:54,154354.00,3637.73087,N,12727.72446,E,2,12,75.9
2026-05-17 00:43:56,154356.00,3637.73005,N,12727.72518,E,2,12,75.2
2026-05-17 00:43:57,154357.00,3637.72947,N,12727.72540,E,2,12,75.6
2026-05-17 00:43:59,154359.00,3637.72811,N,12727.72578,E,2,12,75.7
2026-05-17 00:44:00,154400.00,3637.72743,N,12727.72591,E,2,12,75.8
2026-05-17 00:44:02,154402.00,3637.72620,N,12727.72668,E,2,12,75.9
2026-05-17 00:44:03,154403.00,3637.72563,N,12727.72709,E,2,12,76.0
2026-05-17 00:44:05,154405.00,3637.72453,N,12727.72742,E,2,12,76.3
2026-05-17 00:44:06,154406.00,3637.72378,N,12727.72730,E,2,12,76.3
2026-05-17 00:44:07,154407.00,3637.72306,N,12727.72727,E,2,12,76.2
2026-05-17 00:44:09,154409.00,3637.72175,N,12727.72772,E,2,12,76.1
2026-05-17 00:44:10,154410.00,3637.72125,N,12727.72793,E,2,12,75.5
2026-05-17 00:44:12,154412.00,3637.72018,N,12727.72823,E,2,12,75.4
2026-05-17 00:44:13,154413.00,3637.71957,N,12727.72838,E,2,12,75.5
2026-05-17 00:44:14,154414.00,3637.71886,N,12727.72867,E,2,12,75.3
2026-05-17 00:44:15,154415.00,3637.71817,N,12727.72906,E,2,12,75.4
2026-05-17 00:44:16,154416.00,3637.71747,N,12727.72930,E,2,12,75.1
2026-05-17 00:44:17,154417.00,3637.71686,N,12727.72958,E,2,12,74.7
2026-05-17 00:44:19,154419.00,3637.71586,N,12727.73006,E,2,12,74.9
2026-05-17 00:44:20,154420.00,3637.71539,N,12727.73026,E,2,12,74.7
2026-05-17 00:44:22,154422.00,3637.71438,N,12727.73093,E,2,12,74.4
2026-05-17 00:44:23,154423.00,3637.71377,N,12727.73130,E,2,12,74.2
2026-05-17 00:44:25,154425.00,3637.71261,N,12727.73163,E,2,12,74.3
2026-05-17 00:44:27,154427.00,3637.71160,N,12727.73199,E,1,12,74.0
2026-05-17 00:44:28,154428.00,3637.71096,N,12727.73222,E,1,12,74.0
2026-05-17 00:44:30,154430.00,3637.70993,N,12727.73259,E,1,12,73.7
2026-05-17 00:44:31,154431.00,3637.70940,N,12727.73276,E,1,12,73.7
2026-05-17 00:44:32,154432.00,3637.70875,N,12727.73281,E,1,12,74.0
2026-05-17 00:44:34,154434.00,3637.70731,N,12727.73302,E,1,12,74.5
2026-05-17 00:44:36,154436.00,3637.70625,N,12727.73368,E,1,12,73.8
2026-05-17 00:44:38,154438.00,3637.70531,N,12727.73424,E,1,12,73.6
2026-05-17 00:44:40,154440.00,3637.70411,N,12727.73449,E,1,12,73.4
2026-05-17 00:44:42,154442.00,3637.70276,N,12727.73471,E,1,12,73.3
2026-05-17 00:44:44,154444.00,3637.70159,N,12727.73516,E,1,12,73.8
2026-05-17 00:44:46,154446.00,3637.70066,N,12727.73595,E,1,12,73.8
2026-05-17 00:44:48,154448.00,3637.69945,N,12727.73630,E,1,12,74.0
2026-05-17 00:44:50,154450.00,3637.69785,N,12727.73667,E,1,12,74.6
2026-05-17 00:44:51,154451.00,3637.69700,N,12727.73695,E,1,12,75.0
2026-05-17 00:44:53,154453.00,3637.69555,N,12727.73741,E,1,12,75.4
2026-05-17 00:44:54,154454.00,3637.69505,N,12727.73765,E,1,12,75.2
2026-05-17 00:44:56,154456.00,3637.69398,N,12727.73822,E,1,12,75.2
2026-05-17 00:44:57,154457.00,3637.69338,N,12727.73839,E,1,12,75.1
2026-05-17 00:44:58,154458.00,3637.69261,N,12727.73835,E,1,12,75.0
2026-05-17 00:45:00,154500.00,3637.69113,N,12727.73858,E,1,12,75.3
2026-05-17 00:45:02,154502.00,3637.68985,N,12727.73913,E,1,12,74.7
2026-05-17 00:45:04,154504.00,3637.68900,N,12727.73972,E,1,12,73.9
2026-05-17 00:45:05,154505.00,3637.68843,N,12727.73986,E,1,12,74.2
2026-05-17 00:45:07,154507.00,3637.68712,N,12727.74014,E,1,12,74.3
2026-05-17 00:45:08,154508.00,3637.68641,N,12727.74021,E,1,12,74.2
2026-05-17 00:45:10,154510.00,3637.68492,N,12727.74046,E,1,12,74.7
2026-05-17 00:45:11,154511.00,3637.68417,N,12727.74074,E,1,12,74.9
2026-05-17 00:45:13,154513.00,3637.68317,N,12727.74118,E,1,12,74.5
2026-05-17 00:45:14,154514.00,3637.68267,N,12727.74143,E,1,12,74.6
2026-05-17 00:45:15,154515.00,3637.68210,N,12727.74163,E,1,12,74.7
2026-05-17 00:45:17,154517.00,3637.68067,N,12727.74187,E,1,12,75.1
2026-05-17 00:45:18,154518.00,3637.67985,N,12727.74200,E,1,12,75.4
2026-05-17 00:45:20,154520.00,3637.67847,N,12727.74234,E,1,12,75.5
2026-05-17 00:45:22,154522.00,3637.67713,N,12727.74311,E,1,12,75.4
2026-05-17 00:45:23,154523.00,3637.67660,N,12727.74353,E,1,12,75.5
2026-05-17 00:45:25,154525.00,3637.67543,N,12727.74412,E,1,12,75.9
2026-05-17 00:45:27,154527.00,3637.67407,N,12727.74446,E,1,12,75.9
2026-05-17 00:45:29,154529.00,3637.67327,N,12727.74466,E,1,12,76.0
2026-05-17 00:45:30,154530.00,3637.67298,N,12727.74468,E,1,12,75.9
2026-05-17 00:45:32,154532.00,3637.67213,N,12727.74507,E,1,12,75.8
2026-05-17 00:45:34,154534.00,3637.67123,N,12727.74571,E,1,12,75.7
2026-05-17 00:45:35,154535.00,3637.67069,N,12727.74588,E,1,12,75.8
2026-05-17 00:45:36,154536.00,3637.67005,N,12727.74601,E,1,12,75.8
2026-05-17 00:45:38,154538.00,3637.66877,N,12727.74637,E,1,12,75.5
2026-05-17 00:45:40,154540.00,3637.66754,N,12727.74678,E,2,12,75.2
2026-05-17 00:45:42,154542.00,3637.66654,N,12727.74723,E,2,12,75.2
2026-05-17 00:45:43,154543.00,3637.66604,N,12727.74752,E,2,12,75.0
2026-05-17 00:45:45,154545.00,3637.66499,N,12727.74823,E,2,12,74.6
2026-05-17 00:45:47,154547.00,3637.66371,N,12727.74858,E,2,12,74.4
2026-05-17 00:45:49,154549.00,3637.66252,N,12727.74906,E,2,12,74.3
2026-05-17 00:45:51,154551.00,3637.66102,N,12727.74940,E,2,12,74.3
2026-05-17 00:45:52,154552.00,3637.66038,N,12727.74955,E,2,12,74.1
2026-05-17 00:45:53,154553.00,3637.65978,N,12727.74960,E,2,12,74.0
2026-05-17 00:45:55,154555.00,3637.65849,N,12727.74992,E,2,12,74.2
2026-05-17 00:45:56,154556.00,3637.65771,N,12727.75004,E,2,12,74.1
2026-05-17 00:45:58,154558.00,3637.65618,N,12727.75029,E,2,12,74.3
2026-05-17 00:45:59,154559.00,3637.65544,N,12727.75045,E,2,12,74.4
2026-05-17 00:46:00,154600.00,3637.65476,N,12727.75067,E,2,12,74.4
2026-05-17 00:46:02,154602.00,3637.65361,N,12727.75122,E,2,12,74.0
2026-05-17 00:46:04,154604.00,3637.65258,N,12727.75177,E,2,12,74.0
2026-05-17 00:46:06,154606.00,3637.65127,N,12727.75215,E,2,12,73.7
2026-05-17 00:46:07,154607.00,3637.65060,N,12727.75234,E,2,12,73.6
2026-05-17 00:46:09,154609.00,3637.64914,N,12727.75258,E,2,12,74.1
2026-05-17 00:46:11,154611.00,3637.64806,N,12727.75318,E,2,12,73.6
2026-05-17 00:46:12,154612.00,3637.64764,N,12727.75340,E,2,12,73.4
2026-05-17 00:46:14,154614.00,3637.64664,N,12727.75374,E,2,12,72.7
2026-05-17 00:46:15,154615.00,3637.64603,N,12727.75378,E,2,12,72.4
2026-05-17 00:46:17,154617.00,3637.64456,N,12727.75406,E,2,12,72.9
2026-05-17 00:46:19,154619.00,3637.64316,N,12727.75457,E,2,12,72.9
2026-05-17 00:46:20,154620.00,3637.64248,N,12727.75488,E,2,12,72.8
2026-05-17 00:46:21,154621.00,3637.64197,N,12727.75513,E,2,12,72.4
2026-05-17 00:46:23,154623.00,3637.64095,N,12727.75556,E,2,12,72.4
2026-05-17 00:46:25,154625.00,3637.63978,N,12727.75593,E,2,12,72.0
2026-05-17 00:46:26,154626.00,3637.63910,N,12727.75619,E,2,12,72.2
2026-05-17 00:46:28,154628.00,3637.63783,N,12727.75651,E,2,12,72.3
2026-05-17 00:46:29,154629.00,3637.63717,N,12727.75670,E,2,12,72.3
2026-05-17 00:46:30,154630.00,3637.63653,N,12727.75691,E,2,12,72.0
2026-05-17 00:46:32,154632.00,3637.63539,N,12727.75736,E,2,12,71.6
2026-05-17 00:46:34,154634.00,3637.63424,N,12727.75780,E,2,12,71.7
2026-05-17 00:46:35,154635.00,3637.63363,N,12727.75807,E,2,12,71.5
2026-05-17 00:46:37,154637.00,3637.63225,N,12727.75843,E,2,12,71.1
2026-05-17 00:46:38,154638.00,3637.63150,N,12727.75850,E,2,12,70.8
2026-05-17 00:46:40,154640.00,3637.63002,N,12727.75886,E,2,12,70.2
2026-05-17 00:46:42,154642.00,3637.62886,N,12727.75914,E,2,12,69.4
2026-05-17 00:46:44,154644.00,3637.62788,N,12727.75982,E,2,12,69.1
2026-05-17 00:46:46,154646.00,3637.62662,N,12727.76014,E,2,12,68.9
2026-05-17 00:46:48,154648.00,3637.62513,N,12727.76033,E,2,12,68.3
2026-05-17 00:46:50,154650.00,3637.62364,N,12727.76057,E,2,12,68.4
2026-05-17 00:46:51,154651.00,3637.62290,N,12727.76078,E,2,12,68.2
2026-05-17 00:46:53,154653.00,3637.62178,N,12727.76130,E,2,12,67.8
2026-05-17 00:46:55,154655.00,3637.62065,N,12727.76192,E,2,12,67.9
2026-05-17 00:46:56,154656.00,3637.61998,N,12727.76215,E,2,12,68.0
2026-05-17 00:46:58,154658.00,3637.61851,N,12727.76236,E,2,12,67.8
2026-05-17 00:46:59,154659.00,3637.61777,N,12727.76244,E,2,12,67.9
2026-05-17 00:47:00,154700.00,3637.61701,N,12727.76255,E,2,12,68.0
2026-05-17 00:47:02,154702.00,3637.61556,N,12727.76310,E,2,12,67.8
2026-05-17 00:47:04,154704.00,3637.61443,N,12727.76371,E,2,12,67.2
2026-05-17 00:47:05,154705.00,3637.61386,N,12727.76386,E,2,12,67.2
2026-05-17 00:47:06,154706.00,3637.61325,N,12727.76413,E,2,12,67.3
2026-05-17 00:47:08,154708.00,3637.61201,N,12727.76453,E,2,12,66.8
2026-05-17 00:47:09,154709.00,3637.61140,N,12727.76454,E,2,12,66.3
2026-05-17 00:47:11,154711.00,3637.60986,N,12727.76484,E,2,12,66.6
2026-05-17 00:47:12,154712.00,3637.60910,N,12727.76510,E,2,12,66.9
2026-05-17 00:47:13,154713.00,3637.60841,N,12727.76553,E,2,12,66.9
2026-05-17 00:47:14,154714.00,3637.60772,N,12727.76594,E,2,12,67.0
2026-05-17 00:47:16,154716.00,3637.60655,N,12727.76647,E,2,12,66.7
2026-05-17 00:47:17,154717.00,3637.60591,N,12727.76681,E,2,12,66.9
2026-05-17 00:47:18,154718.00,3637.60519,N,12727.76706,E,2,12,67.0
2026-05-17 00:47:20,154720.00,3637.60378,N,12727.76713,E,2,12,66.7
2026-05-17 00:47:21,154721.00,3637.60302,N,12727.76720,E,2,12,66.8
2026-05-17 00:47:23,154723.00,3637.60163,N,12727.76760,E,2,12,67.0
2026-05-17 00:47:24,154724.00,3637.60108,N,12727.76805,E,2,12,66.7
2026-05-17 00:47:26,154726.00,3637.60001,N,12727.76876,E,2,12,66.5
2026-05-17 00:47:28,154728.00,3637.59875,N,12727.76897,E,2,12,66.1
2026-05-17 00:47:30,154730.00,3637.59726,N,12727.76916,E,2,12,66.0
2026-05-17 00:47:32,154732.00,3637.59591,N,12727.76965,E,2,12,66.1
2026-05-17 00:47:34,154734.00,3637.59461,N,12727.77047,E,2,12,65.7
2026-05-17 00:47:36,154736.00,3637.59352,N,12727.77101,E,2,12,65.5
2026-05-17 00:47:38,154738.00,3637.59228,N,12727.77133,E,2,12,65.4
2026-05-17 00:47:40,154740.00,3637.59093,N,12727.77134,E,2,12,65.3
2026-05-17 00:47:41,154741.00,3637.59019,N,12727.77162,E,2,12,65.6
2026-05-17 00:47:42,154742.00,3637.58959,N,12727.77200,E,2,12,65.7
2026-05-17 00:47:44,154744.00,3637.58868,N,12727.77273,E,2,12,65.4
2026-05-17 00:47:45,154745.00,3637.58814,N,12727.77296,E,2,12,65.4
2026-05-17 00:47:47,154747.00,3637.58703,N,12727.77316,E,2,12,66.0
2026-05-17 00:47:48,154748.00,3637.58636,N,12727.77318,E,2,12,66.1
2026-05-17 00:47:50,154750.00,3637.58505,N,12727.77370,E,2,12,66.0
2026-05-17 00:47:52,154752.00,3637.58386,N,12727.77428,E,2,12,65.2
2026-05-17 00:47:53,154753.00,3637.58329,N,12727.77463,E,2,12,64.8
2026-05-17 00:47:55,154755.00,3637.58212,N,12727.77500,E,2,12,65.4
2026-05-17 00:47:56,154756.00,3637.58145,N,12727.77514,E,2,12,65.2
2026-05-17 00:47:57,154757.00,3637.58061,N,12727.77530,E,2,12,65.1
2026-05-17 00:47:59,154759.00,3637.57917,N,12727.77551,E,2,12,64.8
2026-05-17 00:48:01,154801.00,3637.57796,N,12727.77642,E,2,12,64.5
2026-05-17 00:48:03,154803.00,3637.57702,N,12727.77709,E,2,12,63.9
2026-05-17 00:48:05,154805.00,3637.57588,N,12727.77760,E,2,12,63.6
2026-05-17 00:48:06,154806.00,3637.57520,N,12727.77779,E,2,12,63.7
2026-05-17 00:48:08,154808.00,3637.57384,N,12727.77815,E,2,12,63.5
2026-05-17 00:48:09,154809.00,3637.57310,N,12727.77832,E,2,12,63.8
2026-05-17 00:48:10,154810.00,3637.57246,N,12727.77858,E,2,12,63.7
2026-05-17 00:48:12,154812.00,3637.57136,N,12727.77922,E,2,12,63.5
2026-05-17 00:48:14,154814.00,3637.57015,N,12727.77977,E,2,12,64.1
2026-05-17 00:48:15,154815.00,3637.56949,N,12727.77996,E,2,12,64.1
2026-05-17 00:48:17,154817.00,3637.56790,N,12727.78029,E,2,12,64.6
2026-05-17 00:48:19,154819.00,3637.56651,N,12727.78069,E,2,12,64.9
2026-05-17 00:48:20,154820.00,3637.56599,N,12727.78102,E,2,12,64.7
2026-05-17 00:48:22,154822.00,3637.56499,N,12727.78133,E,2,12,64.4
2026-05-17 00:48:24,154824.00,3637.56366,N,12727.78173,E,2,12,64.1
2026-05-17 00:48:25,154825.00,3637.56295,N,12727.78182,E,2,12,64.0
2026-05-17 00:48:27,154827.00,3637.56144,N,12727.78207,E,2,12,64.3
2026-05-17 00:48:29,154829.00,3637.56019,N,12727.78275,E,2,12,64.0
2026-05-17 00:48:31,154831.00,3637.55918,N,12727.78341,E,2,12,63.4
2026-05-17 00:48:33,154833.00,3637.55806,N,12727.78397,E,2,12,63.5
2026-05-17 00:48:35,154835.00,3637.55648,N,12727.78419,E,2,12,63.9
2026-05-17 00:48:36,154836.00,3637.55569,N,12727.78438,E,2,12,63.9
2026-05-17 00:48:38,154838.00,3637.55433,N,12727.78515,E,2,12,64.0
2026-05-17 00:48:39,154839.00,3637.55381,N,12727.78552,E,2,12,63.8
2026-05-17 00:48:41,154841.00,3637.55290,N,12727.78612,E,2,12,63.8
2026-05-17 00:48:42,154842.00,3637.55233,N,12727.78629,E,2,12,63.5
2026-05-17 00:48:44,154844.00,3637.55091,N,12727.78678,E,2,12,63.1
2026-05-17 00:48:46,154846.00,3637.54944,N,12727.78724,E,2,12,63.2
2026-05-17 00:48:47,154847.00,3637.54871,N,12727.78750,E,2,12,63.0
2026-05-17 00:48:49,154849.00,3637.54761,N,12727.78815,E,2,12,62.2
2026-05-17 00:48:50,154850.00,3637.54713,N,12727.78838,E,2,12,62.2
2026-05-17 00:48:51,154851.00,3637.54661,N,12727.78844,E,2,12,62.2
2026-05-17 00:48:53,154853.00,3637.54517,N,12727.78855,E,2,12,62.0
2026-05-17 00:48:54,154854.00,3637.54436,N,12727.78865,E,2,12,62.3
2026-05-17 00:48:56,154856.00,3637.54299,N,12727.78911,E,2,12,62.6
2026-05-17 00:48:58,154858.00,3637.54188,N,12727.78973,E,2,12,62.4
2026-05-17 00:48:59,154859.00,3637.54134,N,12727.79004,E,2,12,62.6
2026-05-17 00:49:00,154900.00,3637.54073,N,12727.79086,E,2,12,63.5
2026-05-17 00:49:02,154902.00,3637.53939,N,12727.79116,E,2,12,64.2
2026-05-17 00:49:03,154903.00,3637.53868,N,12727.79131,E,2,12,64.4
2026-05-17 00:49:05,154905.00,3637.53732,N,12727.79191,E,2,12,65.0
2026-05-17 00:49:06,154906.00,3637.53676,N,12727.79229,E,2,12,64.8
2026-05-17 00:49:08,154908.00,3637.53571,N,12727.79313,E,2,12,65.1
2026-05-17 00:49:10,154910.00,3637.53421,N,12727.79322,E,2,12,65.4
2026-05-17 00:49:12,154912.00,3637.53261,N,12727.79323,E,2,12,66.0
2026-05-17 00:49:13,154913.00,3637.53195,N,12727.79351,E,2,12,65.7
2026-05-17 00:49:14,154914.00,3637.53140,N,12727.79387,E,2,12,65.1
2026-05-17 00:49:16,154916.00,3637.53028,N,12727.79429,E,2,12,65.1
2026-05-17 00:49:18,154918.00,3637.52897,N,12727.79438,E,2,12,65.0
2026-05-17 00:49:20,154920.00,3637.52744,N,12727.79453,E,2,12,65.1
2026-05-17 00:49:22,154922.00,3637.52599,N,12727.79492,E,2,12,65.5
2026-05-17 00:49:23,154923.00,3637.52536,N,12727.79525,E,2,12,65.5
2026-05-17 00:49:24,154924.00,3637.52482,N,12727.79564,E,2,12,65.5
2026-05-17 00:49:26,154926.00,3637.52365,N,12727.79608,E,2,12,65.7
2026-05-17 00:49:28,154928.00,3637.52232,N,12727.79637,E,2,12,64.9
2026-05-17 00:49:29,154929.00,3637.52165,N,12727.79652,E,2,12,64.5
2026-05-17 00:49:31,154931.00,3637.52026,N,12727.79690,E,2,12,64.6
2026-05-17 00:49:33,154933.00,3637.51920,N,12727.79747,E,2,12,64.2
2026-05-17 00:49:35,154935.00,3637.51807,N,12727.79790,E,2,12,64.2
2026-05-17 00:49:37,154937.00,3637.51666,N,12727.79819,E,2,12,64.3
2026-05-17 00:49:38,154938.00,3637.51587,N,12727.79820,E,2,12,64.2
2026-05-17 00:49:40,154940.00,3637.51445,N,12727.79868,E,2,12,64.5
2026-05-17 00:49:41,154941.00,3637.51390,N,12727.79898,E,2,12,63.9
2026-05-17 00:49:43,154943.00,3637.51287,N,12727.79926,E,2,12,63.7
2026-05-17 00:49:45,154945.00,3637.51176,N,12727.79960,E,2,12,63.6
2026-05-17 00:49:47,154947.00,3637.51047,N,12727.79999,E,2,12,63.6
2026-05-17 00:49:48,154948.00,3637.50989,N,12727.80019,E,2,12,63.4
2026-05-17 00:49:49,154949.00,3637.50934,N,12727.80038,E,2,12,63.4
2026-05-17 00:49:51,154951.00,3637.50821,N,12727.80080,E,2,12,63.6
2026-05-17 00:49:53,154953.00,3637.50680,N,12727.80093,E,2,12,63.5
2026-05-17 00:49:54,154954.00,3637.50610,N,12727.80109,E,2,12,63.7
2026-05-17 00:49:56,154956.00,3637.50500,N,12727.80158,E,2,12,63.5
2026-05-17 00:49:58,154958.00,3637.50394,N,12727.80211,E,2,12,63.9
2026-05-17 00:49:59,154959.00,3637.50329,N,12727.80234,E,2,12,63.8
2026-05-17 00:50:00,155000.00,3637.50263,N,12727.80250,E,2,12,63.9
2026-05-17 00:50:02,155002.00,3637.50121,N,12727.80282,E,2,12,64.0
2026-05-17 00:50:03,155003.00,3637.50055,N,12727.80319,E,2,12,64.0
2026-05-17 00:50:04,155004.00,3637.49999,N,12727.80340,E,2,12,64.0
2026-05-17 00:50:06,155006.00,3637.49893,N,12727.80400,E,2,12,64.1
2026-05-17 00:50:08,155008.00,3637.49765,N,12727.80435,E,2,12,64.0
2026-05-17 00:50:10,155010.00,3637.49619,N,12727.80473,E,2,12,64.3
2026-05-17 00:50:11,155011.00,3637.49552,N,12727.80471,E,2,12,64.5
2026-05-17 00:50:12,155012.00,3637.49502,N,12727.80475,E,2,12,63.9
2026-05-17 00:50:14,155014.00,3637.49379,N,12727.80467,E,2,12,64.7
2026-05-17 00:50:16,155016.00,3637.49270,N,12727.80369,E,2,12,65.1
2026-05-17 00:50:17,155017.00,3637.49223,N,12727.80301,E,2,12,65.4
2026-05-17 00:50:18,155018.00,3637.49182,N,12727.80241,E,2,12,65.9
2026-05-17 00:50:19,155019.00,3637.49138,N,12727.80178,E,2,12,66.1
2026-05-17 00:50:21,155021.00,3637.49073,N,12727.80026,E,2,12,66.3
2026-05-17 00:50:23,155023.00,3637.49060,N,12727.79870,E,2,12,66.8
2026-05-17 00:50:25,155025.00,3637.49084,N,12727.79821,E,2,12,66.8
2026-05-17 00:50:26,155026.00,3637.49088,N,12727.79817,E,2,12,66.9
2026-05-17 00:50:28,155028.00,3637.49082,N,12727.79815,E,2,12,67.1
2026-05-17 00:50:29,155029.00,3637.49082,N,12727.79815,E,2,12,67.2
2026-05-17 00:50:31,155031.00,3637.49078,N,12727.79819,E,2,12,67.4
2026-05-17 00:50:32,155032.00,3637.49071,N,12727.79804,E,2,12,67.7
2026-05-17 00:50:34,155034.00,3637.49069,N,12727.79798,E,2,12,67.9
2026-05-17 00:50:35,155035.00,3637.49070,N,12727.79798,E,2,12,68.1
2026-05-17 00:50:37,155037.00,3637.49069,N,12727.79797,E,2,12,68.3
2026-05-17 00:50:38,155038.00,3637.49056,N,12727.79788,E,2,12,69.0
2026-05-17 00:50:39,155039.00,3637.49054,N,12727.79786,E,2,12,69.2
2026-05-17 00:50:41,155041.00,3637.49053,N,12727.79785,E,2,12,69.5
